HCPCS,MOD,DESCRIPTION,WORK RVU
A0021,,Outside state ambulance serv,0.00
A0080,,Noninterest escort in non er,0.00
A0090,,Interest escort in non er,0.00
A0100,,Nonemergency transport taxi,0.00
A0110,,Nonemergency transport bus,0.00
A0120,,Noner transport mini-bus,0.00
A0130,,Noner transport wheelch van,0.00
A0140,,Nonemergency transport air,0.00
A0160,,Noner transport case worker,0.00
A0170,,Transport parking fees/tolls,0.00
A0180,,Noner transport lodgng recip,0.00
A0190,,Noner transport meals recip,0.00
A0200,,Noner transport lodgng escrt,0.00
A0210,,Noner transport meals escort,0.00
A0225,,Neonatal emergency transport,0.00
A0380,,Basic life support mileage,0.00
A0382,,Basic support routine suppls,0.00
A0384,,Bls defibrillation supplies,0.00
A0390,,Advanced life support mileag,0.00
A0392,,Als defibrillation supplies,0.00
A0394,,Als iv drug therapy supplies,0.00
A0396,,Als esophageal intub suppls,0.00
A0398,,Als routine disposble suppls,0.00
A0420,,Ambulance waiting 1/2 hr,0.00
A0422,,Ambulance 02 life sustaining,0.00
A0424,,Extra ambulance attendant,0.00
A0425,,Ground mileage,0.00
A0426,,Als 1,0.00
A0427,,Als1-emergency,0.00
A0428,,Bls,0.00
A0429,,Bls-emergency,0.00
A0430,,Fixed wing air transport,0.00
A0431,,Rotary wing air transport,0.00
A0432,,Pi volunteer ambulance co,0.00
A0433,,Als 2,0.00
A0434,,Specialty care transport,0.00
A0435,,Fixed wing air mileage,0.00
A0436,,Rotary wing air mileage,0.00
A0888,,Noncovered ambulance mileage,0.00
A0998,,Ambulance response/treatment,0.00
A0999,,Unlisted ambulance service,0.00
A2001,,"Innovamatrix ac, per sq cm",0.00
A2002,,Mirragen adv wnd mat per sq,0.00
A2004,,"Xcellistem, 1 mg",0.00
A2005,,"Microlyte matrix, per sq cm",0.00
A2006,,Novosorb synpath per sq cm,0.00
A2007,,"Restrata, per sq cm",0.00
A2008,,"Theragenesis, per sq cm",0.00
A2009,,"Symphony, per sq cm",0.00
A2010,,"Apis, per square centimeter",0.00
A2011,,"Supra sdrm, per sq cm",0.00
A2012,,"Suprathel, per sq cm",0.00
A2013,,"Innovamatrix fs, per sq cm",0.00
A2014,,Omeza collag per 100 mg,0.00
A2015,,"Phoenix wnd mtrx, per sq cm",0.00
A2016,,"Permeaderm b, per sq cm",0.00
A2017,,"Permeaderm glove, each",0.00
A2018,,"Permeaderm c, per sq cm",0.00
A2019,,Kerecis marigen shld sq cm,0.00
A2020,,Ac5 wound system,0.00
A2021,,Neomatrix per sq cm,0.00
A2022,,Innovabrn/innovamatx xl sqcm,0.00
A2023,,"Innovamatrix pd, 1 mg",0.00
A2024,,Resolve or xenopatch sq cm,0.00
A2025,,Miro3d per cubic cm,0.00
A2026,,"Restrata minimatrix, 5 mg",0.00
A2027,,Matriderm per sq cm,0.00
A2028,,Micromatrix flex per mg,0.00
A2029,,Mirotract matrix sheet,0.00
A4100,,Skin sub fda clrd as dev nos,0.00
A4206,,1 cc sterile syringe&needle,0.00
A4207,,2 cc sterile syringe&needle,0.00
A4208,,3 cc sterile syringe&needle,0.00
A4209,,5+ cc sterile syringe&needle,0.00
A4210,,Nonneedle injection device,0.00
A4211,,Supp for self-adm injections,0.00
A4212,,Non coring needle or stylet,0.00
A4213,,20+ cc syringe only,0.00
A4215,,Sterile needle,0.00
A4216,,"Sterile water/saline, 10 ml",0.00
A4217,,"Sterile water/saline, 500 ml",0.00
A4218,,Sterile saline or water,0.00
A4220,,Infusion pump refill kit,0.00
A4221,,Supp non-insulin inf cath/wk,0.00
A4222,,Infusion supplies with pump,0.00
A4223,,Infusion supplies w/o pump,0.00
A4224,,Supply insulin inf cath/wk,0.00
A4225,,Sup/ext insulin inf pump syr,0.00
A4226,,Weekly supply maint cgs pump,0.00
A4230,,Infus insulin pump non needl,0.00
A4231,,Infusion insulin pump needle,0.00
A4232,,Syringe w/needle insulin 3cc,0.00
A4233,,Alkalin batt for glucose mon,0.00
A4234,,J-cell batt for glucose mon,0.00
A4235,,Lithium batt for glucose mon,0.00
A4236,,Silvr oxide batt glucose mon,0.00
A4238,,Adju cgm supply allowance,0.00
A4239,,Non-adju cgm supply allow,0.00
A4244,,Alcohol or peroxide per pint,0.00
A4245,,Alcohol wipes per box,0.00
A4246,,Betadine/phisohex solution,0.00
A4247,,Betadine/iodine swabs/wipes,0.00
A4248,,Chlorhexidine antisept,0.00
A4250,,Urine reagent strips/tablets,0.00
A4252,,Blood ketone test or strip,0.00
A4253,,Blood glucose/reagent strips,0.00
A4255,,Glucose monitor platforms,0.00
A4256,,Calibrator solution/chips,0.00
A4257,,Replace lensshield cartridge,0.00
A4258,,Lancet device each,0.00
A4259,,Lancets per box,0.00
A4261,,Cervical cap contraceptive,0.00
A4262,,Temporary tear duct plug,0.00
A4263,,Permanent tear duct plug,0.00
A4264,,Intratubal occlusion device,0.00
A4265,,Paraffin,0.00
A4266,,Diaphragm,0.00
A4267,,Male condom,0.00
A4268,,Female condom,0.00
A4269,,Spermicide,0.00
A4270,,Disposable endoscope sheath,0.00
A4271,,Home lancing/test cartridges,0.00
A4280,,Brst prsths adhsv attchmnt,0.00
A4281,,Replacement breastpump tube,0.00
A4282,,Replacement breastpump adpt,0.00
A4283,,Replacement breastpump cap,0.00
A4284,,Replcmnt breast pump shield,0.00
A4285,,Replcmnt breast pump bottle,0.00
A4286,,Replcmnt breastpump lok ring,0.00
A4287,,Disp col sto bag breast milk,0.00
A4290,,Sacral nerve stim test lead,0.00
A4300,,Cath impl vasc access portal,0.00
A4301,,Implantable access syst perc,0.00
A4305,,Drug delivery system >=50 ml,0.00
A4306,,Drug delivery system <=50 ml,0.00
A4310,,Insert tray w/o bag/cath,0.00
A4311,,Catheter w/o bag 2-way latex,0.00
A4312,,Cath w/o bag 2-way silicone,0.00
A4313,,Catheter w/bag 3-way,0.00
A4314,,Cath w/drainage 2-way latex,0.00
A4315,,Cath w/drainage 2-way silcne,0.00
A4316,,Cath w/drainage 3-way,0.00
A4320,,Irrigation tray,0.00
A4321,,Cath therapeutic irrig agent,0.00
A4322,,Irrigation syringe,0.00
A4326,,Male external catheter,0.00
A4327,,Fem urinary collect dev cup,0.00
A4328,,Fem urinary collect pouch,0.00
A4330,,Stool collection pouch,0.00
A4331,,Extension drainage tubing,0.00
A4332,,Lube sterile packet,0.00
A4333,,Urinary cath anchor device,0.00
A4334,,Urinary cath leg strap,0.00
A4335,,Incontinence supply,0.00
A4336,,Urethral insert,0.00
A4337,,Incontinent rectal insert,0.00
A4338,,Indwelling catheter latex,0.00
A4340,,Indwelling catheter special,0.00
A4341,,Iduc valve pat inst repl,0.00
A4342,,Iduc valve sply repl,0.00
A4344,,Cath indw foley 2 way silicn,0.00
A4346,,Cath indw foley 3 way,0.00
A4349,,Disposable male external cat,0.00
A4351,,Straight tip urine catheter,0.00
A4352,,Coude tip urinary catheter,0.00
A4353,,Intermittent urinary cath,0.00
A4354,,Cath insertion tray w/bag,0.00
A4355,,Bladder irrigation tubing,0.00
A4356,,Ext ureth clmp or compr dvc,0.00
A4357,,Bedside drainage bag,0.00
A4358,,Urinary leg or abdomen bag,0.00
A4360,,Disposable ext urethral dev,0.00
A4361,,Ostomy face plate,0.00
A4362,,Solid skin barrier,0.00
A4363,,"Ostomy clamp, replacement",0.00
A4364,,"Adhesive, liquid or equal",0.00
A4366,,Ostomy vent,0.00
A4367,,Ostomy belt,0.00
A4368,,Ostomy filter,0.00
A4369,,Skin barrier liquid per oz,0.00
A4371,,Skin barrier powder per oz,0.00
A4372,,Skin barrier solid 4x4 equiv,0.00
A4373,,Skin barrier with flange,0.00
A4375,,Drainable plastic pch w fcpl,0.00
A4376,,Drainable rubber pch w fcplt,0.00
A4377,,Drainable plstic pch w/o fp,0.00
A4378,,Drainable rubber pch w/o fp,0.00
A4379,,Urinary plastic pouch w fcpl,0.00
A4380,,Urinary rubber pouch w fcplt,0.00
A4381,,Urinary plastic pouch w/o fp,0.00
A4382,,Urinary hvy plstc pch w/o fp,0.00
A4383,,Urinary rubber pouch w/o fp,0.00
A4384,,Ostomy faceplt/silicone ring,0.00
A4385,,Ost skn barrier sld ext wear,0.00
A4387,,Ost clsd pouch w att st barr,0.00
A4388,,Drainable pch w ex wear barr,0.00
A4389,,Drainable pch w st wear barr,0.00
A4390,,Drainable pch ex wear convex,0.00
A4391,,Urinary pouch w ex wear barr,0.00
A4392,,Urinary pouch w st wear barr,0.00
A4393,,Urine pch w ex wear bar conv,0.00
A4394,,Ostomy pouch liq deodorant,0.00
A4395,,Ostomy pouch solid deodorant,0.00
A4396,,Peristomal hernia supprt blt,0.00
A4398,,Ostomy irrigation bag,0.00
A4399,,Ostomy irrig cone/cath w brs,0.00
A4400,,Ostomy irrigation set,0.00
A4402,,Lubricant per ounce,0.00
A4404,,Ostomy ring each,0.00
A4405,,Nonpectin based ostomy paste,0.00
A4406,,Pectin based ostomy paste,0.00
A4407,,"Ext wear ost skn barr <=4sq""",0.00
A4408,,"Ext wear ost skn barr >4sq""",0.00
A4409,,Ost skn barr convex <=4 sq i,0.00
A4410,,Ost skn barr extnd >4 sq,0.00
A4411,,Ost skn barr extnd =4sq,0.00
A4412,,Ost pouch drain high output,0.00
A4413,,2 pc drainable ost pouch,0.00
A4414,,Ost sknbar w/o conv<=4 sq in,0.00
A4415,,Ost skn barr w/o conv >4 sqi,0.00
A4416,,Ost pch clsd w barrier/filtr,0.00
A4417,,Ost pch w bar/bltinconv/fltr,0.00
A4418,,Ost pch clsd w/o bar w filtr,0.00
A4419,,Ost pch for bar w flange/flt,0.00
A4420,,Ost pch clsd for bar w lk fl,0.00
A4421,,Ostomy supply misc,0.00
A4422,,Ost pouch absorbent material,0.00
A4423,,Ost pch for bar w lk fl/fltr,0.00
A4424,,Ost pch drain w bar & filter,0.00
A4425,,Ost pch drain for barrier fl,0.00
A4426,,Ost pch drain 2 piece system,0.00
A4427,,Ost pch drain/barr lk flng/f,0.00
A4428,,Urine ost pouch w faucet/tap,0.00
A4429,,Urine ost pouch w bltinconv,0.00
A4430,,Ost urine pch w b/bltin conv,0.00
A4431,,Ost pch urine w barrier/tapv,0.00
A4432,,Os pch urine w bar/fange/tap,0.00
A4433,,Urine ost pch bar w lock fln,0.00
A4434,,Ost pch urine w lock flng/ft,0.00
A4435,,1pc ost pch drain hgh output,0.00
A4436,,Irr supply sleev reus per mo,0.00
A4437,,Irr supply sleev disp per mo,0.00
A4438,,Adhesive clip ext ens contr,0.00
A4450,,Non-waterproof tape,0.00
A4452,,Waterproof tape,0.00
A4453,,Rec cath man pump enema repl,0.00
A4455,,Adhesive remover per ounce,0.00
A4456,,"Adhesive remover, wipes",0.00
A4457,,Enema tube any type repl,0.00
A4458,,Reusable enema bag,0.00
A4459,,"Manual pump enema, reusable",0.00
A4461,,Surgicl dress hold non-reuse,0.00
A4463,,Surgical dress holder reuse,0.00
A4465,,Non-elastic extremity binder,0.00
A4467,,Belt strap sleev grmnt cover,0.00
A4468,,Exsuff belt incl all sup acc,0.00
A4470,,Gravlee jet washer,0.00
A4480,,Vabra aspirator,0.00
A4481,,Tracheostoma filter,0.00
A4483,,Moisture exchanger,0.00
A4490,,Above knee surgical stocking,0.00
A4495,,Thigh length surg stocking,0.00
A4500,,Below knee surgical stocking,0.00
A4510,,Full length surg stocking,0.00
A4520,,Incontinence garment anytype,0.00
A4540,,Trans elec nerv periph nerv,0.00
A4541,,Monthly supp use with e0733,0.00
A4542,,Supp ext up limb tremor stim,0.00
A4543,,Supply trans elec nerve stim,0.00
A4544,,Electro nerve stimulator rls,0.00
A4545,,Suppl accessor tibial stim,0.00
A4550,,Surgical trays,0.00
A4553,,"Nondisp underpads, all sizes",0.00
A4554,,Disposable underpads,0.00
A4555,,Ca tx e-stim electr/transduc,0.00
A4556,,"Electrodes, pair",0.00
A4557,,"Lead wires, pair",0.00
A4558,,Conductive gel or paste,0.00
A4559,,Coupling gel or paste,0.00
A4560,,Nmes disposable,0.00
A4561,,Pessary reusable rub anytype,0.00
A4562,,Pessary reusable nonrubber,0.00
A4563,,Vag inser rectal control sys,0.00
A4564,,"Pessary, disposable any type",0.00
A4565,,Slings,0.00
A4566,,Should sling/vest/abrestrain,0.00
A4570,,Splint,0.00
A4575,,Hyperbaric o2 chamber disps,0.00
A4580,,Cast supplies (plaster),0.00
A4590,,Special casting material,0.00
A4593,,Neuromod sti sys adj rehab,0.00
A4594,,Neuromod adj rehab mouthpie,0.00
A4595,,Tens suppl 2 lead per month,0.00
A4596,,Ces system monthly supp,0.00
A4600,,"Sleeve, inter limb comp dev",0.00
A4601,,Lith ion non prosth recharge,0.00
A4602,,Replace lithium battery 1.5v,0.00
A4604,,Tubing with heating element,0.00
A4605,,Trach suction cath close sys,0.00
A4606,,Oxygen probe used w oximeter,0.00
A4608,,Transtracheal oxygen cath,0.00
A4611,,Heavy duty battery,0.00
A4612,,Battery cables,0.00
A4613,,Battery charger,0.00
A4614,,Hand-held pefr meter,0.00
A4615,,Cannula nasal,0.00
A4616,,Tubing (oxygen) per foot,0.00
A4617,,Mouth piece,0.00
A4618,,Breathing circuits,0.00
A4619,,Face tent,0.00
A4620,,Variable concentration mask,0.00
A4623,,Tracheostomy inner cannula,0.00
A4624,,Tracheal suction tube,0.00
A4625,,Trach care kit for new trach,0.00
A4626,,Tracheostomy cleaning brush,0.00
A4627,,Spacer bag/reservoir,0.00
A4628,,Oropharyngeal suction cath,0.00
A4629,,Tracheostomy care kit,0.00
A4630,,Repl bat t.e.n.s. own by pt,0.00
A4633,,Uvl replacement bulb,0.00
A4634,,Replacement bulb th lightbox,0.00
A4635,,Underarm crutch pad,0.00
A4636,,Handgrip for cane etc,0.00
A4637,,Repl tip cane/crutch/walker,0.00
A4638,,Repl batt pulse gen sys,0.00
A4639,,Infrared ht sys replcmnt pad,0.00
A4640,,Alternating pressure pad,0.00
A4641,,Radiopharm dx agent noc,0.00
A4642,,In111 satumomab,0.00
A4648,,Implantable tissue marker,0.00
A4649,,Surgical supplies,0.00
A4650,,Implant radiation dosimeter,0.00
A4651,,Calibrated microcap tube,0.00
A4652,,Microcapillary tube sealant,0.00
A4653,,Pd catheter anchor belt,0.00
A4657,,Syringe w/wo needle,0.00
A4660,,Sphyg/bp app w cuff and stet,0.00
A4663,,Dialysis blood pressure cuff,0.00
A4670,,"Automatic bp monitor, dial",0.00
A4671,,Disposable cycler set,0.00
A4672,,"Drainage ext line, dialysis",0.00
A4673,,Ext line w easy lock connect,0.00
A4674,,"Chem/antisept solution, 8oz",0.00
A4680,,"Activated carbon filter, ea",0.00
A4690,,"Dialyzer, each",0.00
A4706,,Bicarbonate conc sol per gal,0.00
A4707,,Bicarbonate conc pow per pac,0.00
A4708,,Acetate conc sol per gallon,0.00
A4709,,Acid conc sol per gallon,0.00
A4714,,Treated water per gallon,0.00
A4719,,"""y set"" tubing",0.00
A4720,,Dialysat sol fld vol > 249cc,0.00
A4721,,Dialysat sol fld vol > 999cc,0.00
A4722,,Dialys sol fld vol > 1999cc,0.00
A4723,,Dialys sol fld vol > 2999cc,0.00
A4724,,Dialys sol fld vol > 3999cc,0.00
A4725,,Dialys sol fld vol > 4999cc,0.00
A4726,,Dialys sol fld vol > 5999cc,0.00
A4728,,"Dialysate solution, non-dex",0.00
A4730,,"Fistula cannulation set, ea",0.00
A4736,,"Topical anesthetic, per gram",0.00
A4737,,Inj anesthetic per 10 ml,0.00
A4740,,Shunt accessory,0.00
A4750,,Art or venous blood tubing,0.00
A4755,,Comb art/venous blood tubing,0.00
A4760,,"Dialysate sol test kit, each",0.00
A4765,,Dialysate conc pow per pack,0.00
A4766,,Dialysate conc sol add 10 ml,0.00
A4770,,Blood collection tube/vacuum,0.00
A4771,,Serum clotting time tube,0.00
A4772,,Blood glucose test strips,0.00
A4773,,Occult blood test strips,0.00
A4774,,Ammonia test strips,0.00
A4802,,Protamine sulfate per 50 mg,0.00
A4860,,Disposable catheter tips,0.00
A4870,,Plumb/elec wk hm hemo equip,0.00
A4890,,Repair/maint cont hemo equip,0.00
A4911,,Drain bag/bottle,0.00
A4913,,Misc dialysis supplies noc,0.00
A4918,,Venous pressure clamp,0.00
A4927,,Non-sterile gloves,0.00
A4928,,Surgical mask,0.00
A4929,,"Tourniquet for dialysis, ea",0.00
A4930,,"Sterile, gloves per pair",0.00
A4931,,Reusable oral thermometer,0.00
A4932,,Reusable rectal thermometer,0.00
A5051,,Pouch clsd w barr attached,0.00
A5052,,Clsd ostomy pouch w/o barr,0.00
A5053,,Clsd ostomy pouch faceplate,0.00
A5054,,Clsd ostomy pouch w/flange,0.00
A5055,,Stoma cap,0.00
A5056,,1 pc ost pouch w filter,0.00
A5057,,1 pc ost pou w built-in conv,0.00
A5061,,Pouch drainable w barrier at,0.00
A5062,,Drnble ostomy pouch w/o barr,0.00
A5063,,Drain ostomy pouch w/flange,0.00
A5071,,Urinary pouch w/barrier,0.00
A5072,,Urinary pouch w/o barrier,0.00
A5073,,Urinary pouch on barr w/flng,0.00
A5081,,"Stoma plug or seal, any type",0.00
A5082,,Continent stoma catheter,0.00
A5083,,Stoma absorptive cover,0.00
A5093,,Ostomy accessory convex inse,0.00
A5102,,Bedside drain btl w/wo tube,0.00
A5105,,Urinary suspensory,0.00
A5112,,Urinary leg bag,0.00
A5113,,Latex leg strap,0.00
A5114,,Foam/fabric leg strap,0.00
A5120,,"Skin barrier, wipe or swab",0.00
A5121,,Solid skin barrier 6x6,0.00
A5122,,Solid skin barrier 8x8,0.00
A5126,,Disk/foam pad +or- adhesive,0.00
A5131,,Appliance cleaner,0.00
A5200,,Percutaneous catheter anchor,0.00
A5500,,Diab shoe for density insert,0.00
A5501,,Diabetic custom molded shoe,0.00
A5503,,Diabetic shoe w/roller/rockr,0.00
A5504,,Diabetic shoe with wedge,0.00
A5505,,Diab shoe w/metatarsal bar,0.00
A5506,,Diabetic shoe w/off set heel,0.00
A5507,,Modification diabetic shoe,0.00
A5508,,Diabetic deluxe shoe,0.00
A5510,,Compression form shoe insert,0.00
A5512,,Multi den insert direct form,0.00
A5513,,Multi den insert custom mold,0.00
A5514,,Mult den insert dir carv/cam,0.00
A6000,,Wound warming wound cover,0.00
A6010,,Collagen based wound filler,0.00
A6011,,Collagen gel/paste wound fil,0.00
A6021,,Collagen dressing <=16 sq in,0.00
A6022,,Collagen drsg>16<=48 sq in,0.00
A6023,,Collagen dressing >48 sq in,0.00
A6024,,Collagen dsg wound filler,0.00
A6025,,"Silicone gel sheet, each",0.00
A6154,,Wound pouch each,0.00
A6196,,Alginate dressing <=16 sq in,0.00
A6197,,Alginate drsg >16 <=48 sq in,0.00
A6198,,Alginate dressing > 48 sq in,0.00
A6199,,Alginate drsg wound filler,0.00
A6203,,Composite drsg <= 16 sq in,0.00
A6204,,Composite drsg >16<=48 sq in,0.00
A6205,,Composite drsg > 48 sq in,0.00
A6206,,Contact layer <= 16 sq in,0.00
A6207,,Contact layer >16<= 48 sq in,0.00
A6208,,Contact layer > 48 sq in,0.00
A6209,,Foam drsg <=16 sq in w/o bdr,0.00
A6210,,Foam drg >16<=48 sq in w/o b,0.00
A6211,,Foam drg > 48 sq in w/o brdr,0.00
A6212,,Foam drg <=16 sq in w/border,0.00
A6213,,Foam drg >16<=48 sq in w/bdr,0.00
A6214,,Foam drg > 48 sq in w/border,0.00
A6215,,Foam dressing wound filler,0.00
A6216,,Non-sterile gauze<=16 sq in,0.00
A6217,,Non-sterile gauze>16<=48 sq,0.00
A6218,,Non-sterile gauze > 48 sq in,0.00
A6219,,Gauze <= 16 sq in w/border,0.00
A6220,,Gauze >16 <=48 sq in w/bordr,0.00
A6221,,Gauze > 48 sq in w/border,0.00
A6222,,Gauze <=16 in no w/sal w/o b,0.00
A6223,,Gauze >16<=48 no w/sal w/o b,0.00
A6224,,Gauze > 48 in no w/sal w/o b,0.00
A6228,,Gauze <= 16 sq in water/sal,0.00
A6229,,Gauze >16<=48 sq in watr/sal,0.00
A6230,,Gauze > 48 sq in water/salne,0.00
A6231,,Hydrogel dsg<=16 sq in,0.00
A6232,,Hydrogel dsg>16<=48 sq in,0.00
A6233,,Hydrogel dressing >48 sq in,0.00
A6234,,Hydrocolld drg <=16 w/o bdr,0.00
A6235,,Hydrocolld drg >16<=48 w/o b,0.00
A6236,,Hydrocolld drg > 48 in w/o b,0.00
A6237,,Hydrocolld drg <=16 in w/bdr,0.00
A6238,,Hydrocolld drg >16<=48 w/bdr,0.00
A6239,,Hydrocolld drg > 48 in w/bdr,0.00
A6240,,Hydrocolld drg filler paste,0.00
A6241,,Hydrocolloid drg filler dry,0.00
A6242,,Hydrogel drg <=16 in w/o bdr,0.00
A6243,,Hydrogel drg >16<=48 w/o bdr,0.00
A6244,,Hydrogel drg >48 in w/o bdr,0.00
A6245,,Hydrogel drg <= 16 in w/bdr,0.00
A6246,,Hydrogel drg >16<=48 in w/b,0.00
A6247,,Hydrogel drg > 48 sq in w/b,0.00
A6248,,Hydrogel drsg gel filler,0.00
A6250,,Skin seal protect moisturizr,0.00
A6251,,Absorpt drg <=16 sq in w/o b,0.00
A6252,,Absorpt drg >16 <=48 w/o bdr,0.00
A6253,,Absorpt drg > 48 sq in w/o b,0.00
A6254,,Absorpt drg <=16 sq in w/bdr,0.00
A6255,,Absorpt drg >16<=48 in w/bdr,0.00
A6256,,Absorpt drg > 48 sq in w/bdr,0.00
A6257,,Transparent film <= 16 sq in,0.00
A6258,,Transparent film >16<=48 in,0.00
A6259,,Transparent film > 48 sq in,0.00
A6260,,Wound cleanser any type/size,0.00
A6261,,Wound filler gel/paste /oz,0.00
A6262,,Wound filler dry form / gram,0.00
A6266,,Impreg gauze no h20/sal/yard,0.00
A6402,,Sterile gauze <= 16 sq in,0.00
A6403,,Sterile gauze>16 <= 48 sq in,0.00
A6404,,Sterile gauze > 48 sq in,0.00
A6407,,"Packing strips, non-impreg",0.00
A6410,,Sterile eye pad,0.00
A6411,,Non-sterile eye pad,0.00
A6412,,Occlusive eye patch,0.00
A6413,,"Adhesive bandage, first-aid",0.00
A6441,,"Pad band w>=3"" <5""/yd",0.00
A6442,,"Conform band n/s w<3""/yd",0.00
A6443,,"Conform band n/s w>=3""<5""/yd",0.00
A6444,,"Conform band n/s w>=5""/yd",0.00
A6445,,"Conform band s w <3""/yd",0.00
A6446,,"Conform band s w>=3"" <5""/yd",0.00
A6447,,"Conform band s w >=5""/yd",0.00
A6448,,"Lt compres band <3""/yd",0.00
A6449,,"Lt compres band >=3"" <5""/yd",0.00
A6450,,"Lt compres band >=5""/yd",0.00
A6451,,"Mod compres band w>=3""<5""/yd",0.00
A6452,,"High compres band w>=3""<5""yd",0.00
A6453,,"Self-adher band w <3""/yd",0.00
A6454,,"Self-adher band w>=3"" <5""/yd",0.00
A6455,,"Self-adher band >=5""/yd",0.00
A6456,,"Zinc paste band w >=3""<5""/yd",0.00
A6457,,Tubular dressing,0.00
A6460,,Synthetic drsg <= 16 sq in,0.00
A6461,,Synthetic drsg >16<=48 sq in,0.00
A6501,,Compres burngarment bodysuit,0.00
A6502,,Compres burngarment chinstrp,0.00
A6503,,Compres burngarment facehood,0.00
A6504,,Cmprsburngarment glove-wrist,0.00
A6505,,Cmprsburngarment glove-elbow,0.00
A6506,,Cmprsburngrmnt glove-axilla,0.00
A6507,,Cmprs burngarment foot-knee,0.00
A6508,,Cmprs burngarment foot-thigh,0.00
A6509,,Compres burn garment jacket,0.00
A6510,,Compres burn garment leotard,0.00
A6511,,Compres burn garment panty,0.00
A6512,,"Compres burn garment, noc",0.00
A6513,,Compress burn mask face/neck,0.00
A6520,,G com garmnt glove nghttime,0.00
A6521,,G com garmnt glove nght cust,0.00
A6522,,G com garment arm nighttime,0.00
A6523,,G com garment arm nght custm,0.00
A6524,,G com garmnt lwr leg/ft nght,0.00
A6525,,G com garm lwrleg/ft ngt cus,0.00
A6526,,G com garmt full leg/ft nght,0.00
A6527,,G garmt full leg/ft nght cus,0.00
A6528,,G com garment bra nighttime,0.00
A6529,,G com garmt bra night custm,0.00
A6530,,Compression stocking bk18-30,0.00
A6531,,Compress stking bk30-40 surg,0.00
A6532,,Compress stking bk40-50 surg,0.00
A6533,,Gc stocking thighlngth 18-30,0.00
A6534,,Gc stocking thighlngth 30-40,0.00
A6535,,Gc stocking thighlngth 40+,0.00
A6536,,Gc stocking full lngth 18-30,0.00
A6537,,Gc stocking full lngth 30-40,0.00
A6538,,Gc stocking full lngth 40+,0.00
A6539,,Gc stocking waistlngth 18-30,0.00
A6540,,Gc stocking waistlngth 30-40,0.00
A6541,,Gc stocking waistlngth 40+,0.00
A6544,,Gc stocking garter belt,0.00
A6545,,Grad com non-elastic bk surg,0.00
A6549,,G compression garment,0.00
A6550,,Neg pres wound ther drsg set,0.00
A6552,,Grad com stocking bk 30-40,0.00
A6553,,G com stcking bk 30-40 custm,0.00
A6554,,Grad com stocking bk 40+,0.00
A6555,,G com stcking bk 40+ custm,0.00
A6556,,G com stcking thgh18-30 cust,0.00
A6557,,G com stcking thgh30-40 cust,0.00
A6558,,G com stcking thgh 40+ cust,0.00
A6559,,G stckng full/chap18-30 cust,0.00
A6560,,G stckng full/chap30-40 cust,0.00
A6561,,G stockng full/chap 40+ cust,0.00
A6562,,G com stckng waist18-30 cust,0.00
A6563,,G com stckng waist30-40 cust,0.00
A6564,,G com stckng waist 40+ cust,0.00
A6565,,Grad comp gauntlet custom,0.00
A6566,,Grad com garment neck/head,0.00
A6567,,G com garment neck/head cust,0.00
A6568,,G com garment torso/shldr,0.00
A6569,,G com garmnt torso/shdr cust,0.00
A6570,,Grad com garment genital,0.00
A6571,,G com garment genital custm,0.00
A6572,,Grad com garment toe caps,0.00
A6573,,Grad com garmnt toe cap cust,0.00
A6574,,Custom gradient sleev/glov,0.00
A6575,,Gradient comp sleev/glov,0.00
A6576,,Custom grad com sleeve med,0.00
A6577,,Custom grad cm sleeve heavy,0.00
A6578,,Gradient comp sleeve,0.00
A6579,,Custom grad com glove med,0.00
A6580,,Custom grad com glove heavy,0.00
A6581,,Gradient comp glove,0.00
A6582,,Gradient comp gauntlet,0.00
A6583,,Grad com wrap w straps bk,0.00
A6584,,Grad com wrap w straps,0.00
A6585,,Grad com wrap w straps ak,0.00
A6586,,Grad com wrap w straps leg,0.00
A6587,,Grad com wrap w straps foot,0.00
A6588,,Grad com wrap w straps arm,0.00
A6589,,Grad com wrap w straps bra,0.00
A6590,,Urinary cath disp suc pump,0.00
A6591,,Urinary cath suc pump,0.00
A6593,,Grad com accessory gmt_wrap,0.00
A6594,,G comp bandge liner lwr extr,0.00
A6595,,G comp bandge liner upr extr,0.00
A6596,,G comp bandge conform gauze,0.00
A6597,,G comp bandage long stretch,0.00
A6598,,G comp bandage med stretch,0.00
A6599,,G comp bandage short stretch,0.00
A6600,,G com bandge hgh dn foam sht,0.00
A6601,,G com bandge hgh dn foam pad,0.00
A6602,,G com bandge hgh dn foamroll,0.00
A6603,,G com bandge low dn foamchnl,0.00
A6604,,G com bandge low dn foam flt,0.00
A6605,,G com bandage padded foam,0.00
A6606,,G com bandage padded textile,0.00
A6607,,G com bandage tub protct lyr,0.00
A6608,,G com bandage tub protct pad,0.00
A6609,,G compression bandaging,0.00
A6610,,G com stcking bk 18-30 custm,0.00
A7000,,Disposable canister for pump,0.00
A7001,,Nondisposable pump canister,0.00
A7002,,Tubing used w suction pump,0.00
A7003,,Nebulizer administration set,0.00
A7004,,Disposable nebulizer sml vol,0.00
A7005,,Nondisposable nebulizer set,0.00
A7006,,Filtered nebulizer admin set,0.00
A7007,,Lg vol nebulizer disposable,0.00
A7008,,Disposable nebulizer prefill,0.00
A7009,,Nebulizer reservoir bottle,0.00
A7010,,Disposable corrugated tubing,0.00
A7012,,Nebulizer water collec devic,0.00
A7013,,Disposable compressor filter,0.00
A7014,,Compressor nondispos filter,0.00
A7015,,Aerosol mask used w nebulize,0.00
A7016,,Nebulizer dome & mouthpiece,0.00
A7017,,Nebulizer not used w oxygen,0.00
A7018,,Water distilled w/nebulizer,0.00
A7020,,"Interface, cough stim device",0.00
A7021,,Suppl and access lung expan,0.00
A7023,,Mech allergen parti barrier,0.00
A7025,,Replace chest compress vest,0.00
A7026,,Replace chst cmprss sys hose,0.00
A7027,,Combination oral/nasal mask,0.00
A7028,,Repl oral cushion combo mask,0.00
A7029,,Repl nasal pillow comb mask,0.00
A7030,,Cpap full face mask,0.00
A7031,,Replacement facemask interfa,0.00
A7032,,Replacement nasal cushion,0.00
A7033,,Replacement nasal pillows,0.00
A7034,,Nasal application device,0.00
A7035,,Pos airway press headgear,0.00
A7036,,Pos airway press chinstrap,0.00
A7037,,Pos airway pressure tubing,0.00
A7038,,Pos airway pressure filter,0.00
A7039,,"Filter, non disposable w pap",0.00
A7040,,One way chest drain valve,0.00
A7041,,Water seal drain container,0.00
A7044,,Pap oral interface,0.00
A7045,,Repl exhalation port for pap,0.00
A7046,,"Repl water chamber, pap dev",0.00
A7047,,Resp suction oral interface,0.00
A7048,,Vacuum drain bottle/tube kit,0.00
A7049,,Epap nasal valve,0.00
A7501,,Tracheostoma valve w diaphra,0.00
A7502,,Replacement diaphragm/fplate,0.00
A7503,,Hmes filter holder or cap,0.00
A7504,,Tracheostoma hmes filter,0.00
A7505,,Hmes or trach valve housing,0.00
A7506,,Hmes/trachvalve adhesivedisk,0.00
A7507,,Integrated filter & holder,0.00
A7508,,Housing & integrated adhesiv,0.00
A7509,,Heat & moisture exchange sys,0.00
A7520,,Trach/laryn tube non-cuffed,0.00
A7521,,Trach/laryn tube cuffed,0.00
A7522,,Trach/laryn tube stainless,0.00
A7523,,Tracheostomy shower protect,0.00
A7524,,Tracheostoma stent/stud/bttn,0.00
A7525,,Tracheostomy mask,0.00
A7526,,Tracheostomy tube collar,0.00
A7527,,Trach/laryn tube plug/stop,0.00
A8000,,Soft protect helmet prefab,0.00
A8001,,Hard protect helmet prefab,0.00
A8002,,Soft protect helmet custom,0.00
A8003,,Hard protect helmet custom,0.00
A8004,,"Repl soft interface, helmet",0.00
A9150,,Misc/exper non-prescript dru,0.00
A9152,,Single vitamin nos,0.00
A9153,,Multi-vitamin nos,0.00
A9155,,Artificial saliva,0.00
A9156,,Oral mucoadhesive per 1 ml,0.00
A9180,,"Lice treatment, topical",0.00
A9268,,Programmer orally ingest cap,0.00
A9269,,Programable ingest capsule,0.00
A9270,,Non-covered item or service,0.00
A9272,,"Disp wound suct, drsg/access",0.00
A9273,,Hot/cold botle/cap/col/wrap,0.00
A9274,,Ext amb insulin delivery sys,0.00
A9275,,Disp home glucose monitor,0.00
A9276,,"Disposable sensor, cgm sys",0.00
A9277,,"External transmitter, cgm",0.00
A9278,,"External receiver, cgm sys",0.00
A9279,,Monitoring feature/devicenoc,0.00
A9280,,"Alert device, noc",0.00
A9281,,Reaching/grabbing device,0.00
A9282,,Wig any type,0.00
A9283,,Foot press off load supp dev,0.00
A9284,,Non-electronic spirometer,0.00
A9285,,Inversion eversion cor devic,0.00
A9286,,"Any hygienic item, device",0.00
A9291,,Pres dig cog behav thera fda,0.00
A9292,,Pres dig visual therapy fda,0.00
A9293,,Fertility cycl tracking soft,0.00
A9300,,Exercise equipment,0.00
A9500,,Tc99m sestamibi,0.00
A9501,,Technetium tc-99m teboroxime,0.00
A9502,,Tc99m tetrofosmin,0.00
A9503,,Tc99m medronate,0.00
A9504,,Tc99m apcitide,0.00
A9505,,Tl201 thallium,0.00
A9506,,Tc-99m graphite crucible,0.00
A9507,,In111 capromab,0.00
A9508,,"I131 iodobenguate, dx",0.00
A9509,,Iodine i-123 sod iodide mil,0.00
A9510,,Tc99m disofenin,0.00
A9512,,Tc99m pertechnetate,0.00
A9513,,Lutetium lu 177 dotatat ther,0.00
A9515,,Choline c-11,0.00
A9516,,Iodine i-123 sod iodide mic,0.00
A9517,,"I131 iodide cap, rx",0.00
A9520,,Tc99 tilmanocept diag 0.5mci,0.00
A9521,,Tc99m exametazime,0.00
A9524,,"I131 serum albumin, dx",0.00
A9526,,Nitrogen n-13 ammonia,0.00
A9527,,Iodine i-125 sodium iodide,0.00
A9528,,"Iodine i-131 iodide cap, dx",0.00
A9529,,"I131 iodide sol, dx",0.00
A9530,,"I131 iodide sol, rx",0.00
A9531,,I131 max 100uci,0.00
A9532,,"I125 serum albumin, dx",0.00
A9536,,Tc99m depreotide,0.00
A9537,,Tc99m mebrofenin,0.00
A9538,,Tc99m pyrophosphate,0.00
A9539,,Tc99m pentetate,0.00
A9540,,Tc99m maa,0.00
A9541,,Tc99m sulfur colloid,0.00
A9542,,"In111 ibritumomab, dx",0.00
A9543,,"Y90 ibritumomab, rx",0.00
A9546,,Co57/58,0.00
A9547,,In111 oxyquinoline,0.00
A9548,,In111 pentetate,0.00
A9550,,Tc99m gluceptate,0.00
A9551,,Tc99m succimer,0.00
A9552,,F18 fdg,0.00
A9553,,Cr51 chromate,0.00
A9554,,"I125 iothalamate, dx",0.00
A9555,,Rb82 rubidium,0.00
A9556,,Ga67 gallium,0.00
A9557,,Tc99m bicisate,0.00
A9558,,Xe133 xenon 10mci,0.00
A9559,,Co57 cyano,0.00
A9560,,Tc99m labeled rbc,0.00
A9561,,Tc99m oxidronate,0.00
A9562,,Tc99m mertiatide,0.00
A9563,,P32 na phosphate,0.00
A9564,,P32 chromic phosphate,0.00
A9566,,Tc99m fanolesomab,0.00
A9567,,Technetium tc-99m aerosol,0.00
A9568,,Technetium tc99m arcitumomab,0.00
A9569,,Technetium tc-99m auto wbc,0.00
A9570,,Indium in-111 auto wbc,0.00
A9571,,Indium in-111 auto platelet,0.00
A9572,,Indium in-111 pentetreotide,0.00
A9573,,"Inj, gadopiclenol, 1 ml",0.00
A9575,,Inj gadoterate meglumi 0.1ml,0.00
A9576,,Inj prohance multipack,0.00
A9577,,Inj multihance,0.00
A9578,,Inj multihance multipack,0.00
A9579,,"Gad-base mr contrast nos,1ml",0.00
A9580,,Sodium fluoride f-18,0.00
A9581,,Gadoxetate disodium inj,0.00
A9582,,Iodine i-123 iobenguane,0.00
A9583,,Gadofosveset trisodium inj,0.00
A9584,,Iodine i-123 ioflupane,0.00
A9585,,Gadobutrol injection,0.00
A9586,,Florbetapir f18,0.00
A9587,,Gallium ga-68,0.00
A9588,,Fluciclovine f-18,0.00
A9589,,Insti hexaminolevulinate hcl,0.00
A9590,,Iodine i-131 iobenguane 1mci,0.00
A9591,,Fluoroestradiol f 18,0.00
A9592,,Copper cu 64 dotatate diag,0.00
A9593,,Gallium ga-68 psma-11 ucsf,0.00
A9594,,"Gallium ga-68 psma-11, ucla",0.00
A9595,,"Piflu f-18, dia 1 millicurie",0.00
A9596,,Gallium illuccix 1 millicure,0.00
A9597,,"Pet, dx, for tumor id, noc",0.00
A9598,,"Pet dx for non-tumor id, noc",0.00
A9600,,Sr89 strontium,0.00
A9601,,Flortaucipir inj 1 millicuri,0.00
A9602,,Fluorodopa f-18 diag per mci,0.00
A9603,,"Inj, pafolacianine, 0.1 mg",0.00
A9604,,Sm 153 lexidronam,0.00
A9606,,Radium ra223 dichloride ther,0.00
A9607,,Lutetium lu 177 vipivotide,0.00
A9608,,Flotufolastat f18 diag 1 mci,0.00
A9609,,"F18 fdg, 15 millicuries",0.00
A9610,,"Xe129 xenon, diagnostic",0.00
A9615,,"Inj, pegulicianine, 1 mg",0.00
A9697,,"Inj, magtrace per study dose",0.00
A9698,,Non-rad contrast materialnoc,0.00
A9699,,Radiopharm rx agent noc,0.00
A9700,,Echocardiography contrast,0.00
A9800,,Gallium locametz 1 millicuri,0.00
A9900,,Supply/accessory/service,0.00
A9901,,Delivery/set up/dispensing,0.00
A9999,,"Dme supply or accessory, nos",0.00
D0120,,Periodic oral evaluation,0.00
D0140,,Limit oral eval problm focus,0.00
D0145,,"Oral evaluation, pt < 3yrs",0.00
D0150,,Comprehensve oral evaluation,0.00
D0160,,Extensv oral eval prob focus,0.00
D0170,,"Re-eval,est pt,problem focus",0.00
D0171,,Re-eval post-op visit,0.00
D0180,,Comp periodontal evaluation,0.00
D0190,,Screening of a patient,0.00
D0191,,Assessment of a patient,0.00
D0210,,Intraor comprehensive series,0.00
D0210,TC,Intraor comprehensive series,0.00
D0210,26,Intraor comprehensive series,0.00
D0220,,Intraoral periapical first,0.00
D0220,TC,Intraoral periapical first,0.00
D0220,26,Intraoral periapical first,0.00
D0230,,Intraoral periapical ea add,0.00
D0230,TC,Intraoral periapical ea add,0.00
D0230,26,Intraoral periapical ea add,0.00
D0240,,Intraoral occlusal film,0.00
D0240,TC,Intraoral occlusal film,0.00
D0240,26,Intraoral occlusal film,0.00
D0250,,Extraoral 2d project image,0.00
D0250,TC,Extraoral 2d project image,0.00
D0250,26,Extraoral 2d project image,0.00
D0251,,Extraoral posterior image,0.00
D0251,TC,Extraoral posterior image,0.00
D0251,26,Extraoral posterior image,0.00
D0270,,Dental bitewing single image,0.00
D0270,TC,Dental bitewing single image,0.00
D0270,26,Dental bitewing single image,0.00
D0272,,Dental bitewings two images,0.00
D0272,TC,Dental bitewings two images,0.00
D0272,26,Dental bitewings two images,0.00
D0273,,Bitewings - three images,0.00
D0273,TC,Bitewings - three images,0.00
D0273,26,Bitewings - three images,0.00
D0274,,Bitewings four images,0.00
D0274,TC,Bitewings four images,0.00
D0274,26,Bitewings four images,0.00
D0277,,Vert bitewings 7 to 8 images,0.00
D0277,TC,Vert bitewings 7 to 8 images,0.00
D0277,26,Vert bitewings 7 to 8 images,0.00
D0310,,Dental saliography,0.00
D0310,TC,Dental saliography,0.00
D0310,26,Dental saliography,0.00
D0320,,Dental tmj arthrogram incl i,0.00
D0320,TC,Dental tmj arthrogram incl i,0.00
D0320,26,Dental tmj arthrogram incl i,0.00
D0321,,Other tmj images by report,0.00
D0321,TC,Other tmj images by report,0.00
D0321,26,Other tmj images by report,0.00
D0322,,Dental tomographic survey,0.00
D0322,TC,Dental tomographic survey,0.00
D0322,26,Dental tomographic survey,0.00
D0330,,Panoramic image,0.00
D0330,TC,Panoramic image,0.00
D0330,26,Panoramic image,0.00
D0340,,2d cephalometric image,0.00
D0340,TC,2d cephalometric image,0.00
D0340,26,2d cephalometric image,0.00
D0350,,Oral/facial photo images,0.00
D0350,TC,Oral/facial photo images,0.00
D0350,26,Oral/facial photo images,0.00
D0364,,Cone beam ct capt & interp,0.00
D0364,TC,Cone beam ct capt & interp,0.00
D0364,26,Cone beam ct capt & interp,0.00
D0365,,Cone beam ct interprete man,0.00
D0365,TC,Cone beam ct interprete man,0.00
D0365,26,Cone beam ct interprete man,0.00
D0366,,Cone beam ct interprete max,0.00
D0366,TC,Cone beam ct interprete max,0.00
D0366,26,Cone beam ct interprete max,0.00
D0367,,Cone beam ct interp both jaw,0.00
D0367,TC,Cone beam ct interp both jaw,0.00
D0367,26,Cone beam ct interp both jaw,0.00
D0368,,Cone beam ct interprete tmj,0.00
D0368,TC,Cone beam ct interprete tmj,0.00
D0368,26,Cone beam ct interprete tmj,0.00
D0369,,Max mri capture & interprete,0.00
D0369,TC,Max mri capture & interprete,0.00
D0369,26,Max mri capture & interprete,0.00
D0370,,Max ultrasound capt & interp,0.00
D0370,TC,Max ultrasound capt & interp,0.00
D0370,26,Max ultrasound capt & interp,0.00
D0371,,Sialoendoscopy capt & interp,0.00
D0371,TC,Sialoendoscopy capt & interp,0.00
D0371,26,Sialoendoscopy capt & interp,0.00
D0372,,Tomo comp series images,0.00
D0372,TC,Tomo comp series images,0.00
D0372,26,Tomo comp series images,0.00
D0373,,Tomo bitewing image,0.00
D0373,TC,Tomo bitewing image,0.00
D0373,26,Tomo bitewing image,0.00
D0374,,Tomo periapical image,0.00
D0374,TC,Tomo periapical image,0.00
D0374,26,Tomo periapical image,0.00
D0380,,Cone beam ct capture limited,0.00
D0380,TC,Cone beam ct capture limited,0.00
D0380,26,Cone beam ct capture limited,0.00
D0381,,Cone beam ct capt mandible,0.00
D0381,TC,Cone beam ct capt mandible,0.00
D0381,26,Cone beam ct capt mandible,0.00
D0382,,Cone beam ct capt maxilla,0.00
D0382,TC,Cone beam ct capt maxilla,0.00
D0382,26,Cone beam ct capt maxilla,0.00
D0383,,Cone beam ct both jaws,0.00
D0383,TC,Cone beam ct both jaws,0.00
D0383,26,Cone beam ct both jaws,0.00
D0384,,Cone beam ct capture tmj,0.00
D0384,TC,Cone beam ct capture tmj,0.00
D0384,26,Cone beam ct capture tmj,0.00
D0385,,Max mri image capture,0.00
D0385,TC,Max mri image capture,0.00
D0385,26,Max mri image capture,0.00
D0386,,Max ultrasound image capture,0.00
D0386,TC,Max ultrasound image capture,0.00
D0386,26,Max ultrasound image capture,0.00
D0387,,Comp image capture only,0.00
D0387,TC,Comp image capture only,0.00
D0387,26,Comp image capture only,0.00
D0388,,Bitewing image capture only,0.00
D0388,TC,Bitewing image capture only,0.00
D0388,26,Bitewing image capture only,0.00
D0389,,Periopic image capture only,0.00
D0389,TC,Periopic image capture only,0.00
D0389,26,Periopic image capture only,0.00
D0391,,Imterprete diagnostic image,0.00
D0391,TC,Imterprete diagnostic image,0.00
D0391,26,Imterprete diagnostic image,0.00
D0393,,Trtmnt simulation 3d image,0.00
D0393,TC,Trtmnt simulation 3d image,0.00
D0393,26,Trtmnt simulation 3d image,0.00
D0394,,Digital sub 2 or more images,0.00
D0394,TC,Digital sub 2 or more images,0.00
D0394,26,Digital sub 2 or more images,0.00
D0395,,Fusion 2 or more 3d images,0.00
D0395,TC,Fusion 2 or more 3d images,0.00
D0395,26,Fusion 2 or more 3d images,0.00
D0396,,3d print of 3d surface scan,0.00
D0411,,Hba1c in office testing,0.00
D0412,,Blood glucose level test,0.00
D0414,,Lab process microbial spec,0.00
D0415,,Collection of microorganisms,0.00
D0416,,Viral culture,0.00
D0417,,Collect & prep saliva sample,0.00
D0418,,Analysis of saliva sample,0.00
D0419,,Assess of salivary flow,0.00
D0422,,Collect & prep genetic samp,0.00
D0423,,Genetic test spec analysis,0.00
D0425,,Caries susceptibility test,0.00
D0431,,Diag tst detect mucos abnorm,0.00
D0460,,Pulp vitality test,0.00
D0470,,Diagnostic casts,0.00
D0472,,"Gross exam, prep & report",0.00
D0473,,"Micro exam, prep & report",0.00
D0474,,Micro w exam of surg margins,0.00
D0475,,Decalcification procedure,0.00
D0475,TC,Decalcification procedure,0.00
D0475,26,Decalcification procedure,0.00
D0476,,Spec stains for microorganis,0.00
D0477,,Spec stains not for microorg,0.00
D0478,,Immunohistochemical stains,0.00
D0478,TC,Immunohistochemical stains,0.00
D0478,26,Immunohistochemical stains,0.00
D0479,,Tissue in-situ hybridization,0.00
D0480,,Cytopath smear prep & report,0.00
D0480,TC,Cytopath smear prep & report,0.00
D0480,26,Cytopath smear prep & report,0.00
D0481,,Electron microscopy,0.00
D0481,TC,Electron microscopy,0.00
D0481,26,Electron microscopy,0.00
D0482,,Direct immunofluorescence,0.00
D0483,,Indirect immunofluorescence,0.00
D0484,,Consult slides prep elsewher,0.00
D0484,TC,Consult slides prep elsewher,0.00
D0484,26,Consult slides prep elsewher,0.00
D0485,,Consult inc prep of slides,0.00
D0485,TC,Consult inc prep of slides,0.00
D0485,26,Consult inc prep of slides,0.00
D0486,,Access of transep cytol samp,0.00
D0502,,Other oral pathology procedu,0.00
D0600,,Non-ionizing diag proc,0.00
D0601,,Caries risk assess low risk,0.00
D0602,,Caries risk assess mod risk,0.00
D0603,,Caries risk assess high risk,0.00
D0604,,Antigen test pub hlth pathog,0.00
D0605,,Antibody test pub hlth path,0.00
D0605,TC,Antibody test pub hlth path,0.00
D0605,26,Antibody test pub hlth path,0.00
D0606,,Molecular test pub hlth path,0.00
D0701,,Pano radio image,0.00
D0701,TC,Pano radio image,0.00
D0701,26,Pano radio image,0.00
D0702,,2d cephal radio image,0.00
D0702,TC,2d cephal radio image,0.00
D0702,26,2d cephal radio image,0.00
D0703,,2d oral/facial photo image,0.00
D0703,TC,2d oral/facial photo image,0.00
D0703,26,2d oral/facial photo image,0.00
D0705,,Extra oral post radio image,0.00
D0705,TC,Extra oral post radio image,0.00
D0705,26,Extra oral post radio image,0.00
D0706,,Intraoral occlus radio image,0.00
D0706,TC,Intraoral occlus radio image,0.00
D0706,26,Intraoral occlus radio image,0.00
D0707,,Intraoral periap radio image,0.00
D0707,TC,Intraoral periap radio image,0.00
D0707,26,Intraoral periap radio image,0.00
D0708,,Intraoral bite radio image,0.00
D0708,TC,Intraoral bite radio image,0.00
D0708,26,Intraoral bite radio image,0.00
D0709,,Intraoral comp image capture,0.00
D0709,TC,Intraoral comp image capture,0.00
D0709,26,Intraoral comp image capture,0.00
D0801,,3d intraoral scan direct,0.00
D0801,TC,3d intraoral scan direct,0.00
D0801,26,3d intraoral scan direct,0.00
D0802,,3d dental scan indirect,0.00
D0802,TC,3d dental scan indirect,0.00
D0802,26,3d dental scan indirect,0.00
D0803,,3d facial scan direct,0.00
D0803,TC,3d facial scan direct,0.00
D0803,26,3d facial scan direct,0.00
D0804,,3d facial scan indirect,0.00
D0804,TC,3d facial scan indirect,0.00
D0804,26,3d facial scan indirect,0.00
D0999,,Unspecified diagnostic proce,0.00
D1110,,Dental prophylaxis adult,0.00
D1120,,Dental prophylaxis child,0.00
D1206,,Topical fluoride varnish,0.00
D1208,,Topical app fluorid ex vrnsh,0.00
D1301,,Immunization counseling,0.00
D1310,,Nutri counsel-control caries,0.00
D1320,,Tobacco counseling,0.00
D1321,,Couns for high risk sub use,0.00
D1330,,Oral hygiene instructions,0.00
D1351,,Dental sealant per tooth,0.00
D1352,,"Prev resin rest, perm tooth",0.00
D1353,,Sealant repair per tooth,0.00
D1354,,Int caries med app per tooth,0.00
D1355,,Caries med app per tooth,0.00
D1510,,Space maintainer fxd unilat,0.00
D1516,,"Fixed bilat space maint, max",0.00
D1517,,"Fixed bilat space maint, man",0.00
D1520,,Remove unilat space maintain,0.00
D1526,,"Remove bilat space main, max",0.00
D1527,,"Remove bilat space main, man",0.00
D1551,,Recement space maint - max,0.00
D1552,,Recement space maint - man,0.00
D1553,,Recement unilat space maint,0.00
D1556,,Rem fixed unilat space maint,0.00
D1557,,Remove fixed bilat maint max,0.00
D1558,,Remove fixed bilat man,0.00
D1575,,"Dist space maint, fixed unil",0.00
D1701,,Pfizer vacc admin 1st dose,0.00
D1702,,Pfizer vacc admin 2nd dose,0.00
D1703,,Moderna vacc admin 1st dose,0.00
D1704,,Moderna vacc admin 2nd dose,0.00
D1705,,Astrazeneca vacc adm 1st dos,0.00
D1706,,Astrazeneca vacc adm 2nd dos,0.00
D1707,,Janssen vaccine admin,0.00
D1708,,Pfizer vacc admin 3rd dose,0.00
D1709,,Pfizer vaccine admin booster,0.00
D1710,,Moderna vacc admin 3rd dose,0.00
D1711,,Moderna vacc admin booster,0.00
D1712,,Janssen vacc admin booster,0.00
D1713,,Pfizer vacc adm ped 1st dose,0.00
D1714,,Pfizer vacc adm ped 2nd dose,0.00
D1781,,Vac admin human pap dose 1,0.00
D1782,,Vac admin human pap dose 2,0.00
D1783,,Vac admin human pap dose 3,0.00
D1999,,Unspecified preventive proc,0.00
D2140,,Amalgam one surface permanen,0.00
D2150,,Amalgam two surfaces permane,0.00
D2160,,Amalgam three surfaces perma,0.00
D2161,,Amalgam 4 or > surfaces perm,0.00
D2330,,Resin one surface-anterior,0.00
D2331,,Resin two surfaces-anterior,0.00
D2332,,Resin three surfaces-anterio,0.00
D2335,,Resin 4/> surf or w incis an,0.00
D2390,,Ant resin-based cmpst crown,0.00
D2391,,Post 1 srfc resinbased cmpst,0.00
D2392,,Post 2 srfc resinbased cmpst,0.00
D2393,,Post 3 srfc resinbased cmpst,0.00
D2394,,Post >=4srfc resinbase cmpst,0.00
D2410,,Dental gold foil one surface,0.00
D2420,,Dental gold foil two surface,0.00
D2430,,Dental gold foil three surfa,0.00
D2510,,Dental inlay metalic 1 surf,0.00
D2520,,Dental inlay metallic 2 surf,0.00
D2530,,Dental inlay metl 3/more sur,0.00
D2542,,Dental onlay metallic 2 surf,0.00
D2543,,Dental onlay metallic 3 surf,0.00
D2544,,Dental onlay metl 4/more sur,0.00
D2610,,Inlay porcelain/ceramic 1 su,0.00
D2620,,Inlay porcelain/ceramic 2 su,0.00
D2630,,Dental onlay porc 3/more sur,0.00
D2642,,Dental onlay porcelin 2 surf,0.00
D2643,,Dental onlay porcelin 3 surf,0.00
D2644,,Dental onlay porc 4/more sur,0.00
D2650,,Inlay composite/resin one su,0.00
D2651,,Inlay composite/resin two su,0.00
D2652,,Dental inlay resin 3/mre sur,0.00
D2662,,Dental onlay resin 2 surface,0.00
D2663,,Dental onlay resin 3 surface,0.00
D2664,,Dental onlay resin 4/mre sur,0.00
D2710,,Crown resin-based indirect,0.00
D2712,,Crown 3/4 resin-based compos,0.00
D2720,,Crown resin w/ high noble me,0.00
D2721,,Crown resin w/ base metal,0.00
D2722,,Crown resin w/ noble metal,0.00
D2740,,Crown porcelain/ceramic,0.00
D2750,,Crown porcelain w/ h noble m,0.00
D2751,,Crown porcelain fused base m,0.00
D2752,,Crown porcelain w/ noble met,0.00
D2753,,Crown porc fused to titanium,0.00
D2780,,Crown 3/4 cast hi noble met,0.00
D2781,,Crown 3/4 cast base metal,0.00
D2782,,Crown 3/4 cast noble metal,0.00
D2783,,Crown 3/4 porcelain/ceramic,0.00
D2790,,Crown full cast high noble m,0.00
D2791,,Crown full cast base metal,0.00
D2792,,Crown full cast noble metal,0.00
D2794,,Crown-titanium,0.00
D2799,,Interim crown,0.00
D2910,,Recement inlay onlay or part,0.00
D2915,,Recement cast or prefab post,0.00
D2920,,Re-cement or re-bond crown,0.00
D2921,,Reattach tooth fragment,0.00
D2928,,Prefab porc/cer crown perm,0.00
D2929,,Prefab porc/ceram crown pri,0.00
D2930,,Prefab stnlss steel crwn pri,0.00
D2931,,Prefab stnlss steel crown pe,0.00
D2932,,Prefabricated resin crown,0.00
D2933,,Prefab stainless steel crown,0.00
D2934,,Prefab steel crown primary,0.00
D2940,,Place direct restoration,0.00
D2949,,Restorative foundation,0.00
D2950,,Core build-up incl any pins,0.00
D2951,,Tooth pin retention,0.00
D2952,,Post and core cast + crown,0.00
D2953,,Each addtnl cast post,0.00
D2954,,Prefab post/core + crown,0.00
D2955,,Post removal,0.00
D2956,,Indirect rest remov,0.00
D2957,,Each addtnl prefab post,0.00
D2960,,Labial veneer resin direct,0.00
D2961,,Labial veneer resin indirect,0.00
D2962,,Labial veneer porc indirect,0.00
D2971,,Add proc construct new crown,0.00
D2975,,Coping,0.00
D2976,,Band stabilization per tooth,0.00
D2980,,Crown repair,0.00
D2981,,Inlay repair,0.00
D2982,,Onlay repair,0.00
D2983,,Veneer repair,0.00
D2989,,Excavate tooth non-restorabl,0.00
D2990,,Resin infiltration of lesion,0.00
D2991,,App of hydroxyapatite,0.00
D2999,,Dental unspec restorative pr,0.00
D3110,,Pulp cap direct,0.00
D3120,,Pulp cap indirect,0.00
D3220,,Therapeutic pulpotomy,0.00
D3221,,Gross pulpal debridement,0.00
D3222,,Part pulp for apexogenesis,0.00
D3230,,Pulpal therapy anterior prim,0.00
D3240,,Pulpal therapy posterior pri,0.00
D3310,,"End thxpy, anterior tooth",0.00
D3320,,"End thxpy, premolar tooth",0.00
D3330,,"End thxpy, molar tooth",0.00
D3331,,Non-surg tx root canal obs,0.00
D3332,,Incomplete endodontic tx,0.00
D3333,,Internal root repair,0.00
D3346,,Retreat root canal anterior,0.00
D3347,,Retreat root canal premolar,0.00
D3348,,Retreat root canal molar,0.00
D3351,,Apexification/recalc initial,0.00
D3352,,Apexification/recalc interim,0.00
D3353,,Apexification/recalc final,0.00
D3355,,Pulpal regeneration initial,0.00
D3356,,Pulpal regeneration interim,0.00
D3357,,Pulpal regeneration complete,0.00
D3410,,Apicoectomy - anterior,0.00
D3421,,Root surgery premolar,0.00
D3425,,Root surgery molar,0.00
D3426,,Root surgery ea add root,0.00
D3428,,Bone graft peri per tooth,0.00
D3429,,Bone graft peri each addl,0.00
D3430,,Retrograde filling,0.00
D3431,,Biological materials,0.00
D3432,,Guided tissue regeneration,0.00
D3450,,Root amputation,0.00
D3460,,Endodontic endosseous implan,0.00
D3470,,Intentional replantation,0.00
D3471,,Surg rep root res anterior,0.00
D3472,,Surg rep root res premolar,0.00
D3473,,Surg rep root res molar,0.00
D3501,,Surg exp root surf anterior,0.00
D3502,,Surg exp root surf premolar,0.00
D3503,,Surg exp root surf molar,0.00
D3910,,Isolation- tooth w rubb dam,0.00
D3911,,Intraorifice barrier,0.00
D3920,,Tooth splitting,0.00
D3921,,Decor or submerg erupt tooth,0.00
D3950,,Canal prep/fitting of dowel,0.00
D3999,,Endodontic procedure,0.00
D4210,,Gingivectomy/plasty 4 or mor,0.00
D4211,,Gingivectomy/plasty 1 to 3,0.00
D4212,,Gingivectomy/plasty rest,0.00
D4230,,Ana crown exp 4 or> per quad,0.00
D4231,,Ana crown exp 1-3 per quad,0.00
D4240,,Gingival flap proc w/ planin,0.00
D4241,,Gngvl flap w rootplan 1-3 th,0.00
D4245,,Apically positioned flap,0.00
D4249,,Crown lengthen hard tissue,0.00
D4260,,Osseous surgery 4 or more,0.00
D4261,,Osseous surg 1 to 3 teeth,0.00
D4263,,Bone replce graft first site,0.00
D4264,,Bone replce graft each add,0.00
D4265,,Bio mtrls to aid soft/os reg,0.00
D4266,,Guided tiss regen resorble,0.00
D4267,,Guided tiss regen nonresorb,0.00
D4268,,Surgical revision procedure,0.00
D4270,,Pedicle soft tissue graft pr,0.00
D4273,,Auto tissue graft 1st tooth,0.00
D4274,,Mesial/distal wedge proc,0.00
D4275,,Non-auto graft 1st tooth,0.00
D4276,,Con tissue w pedicle graft,0.00
D4277,,Soft tissue graft firsttooth,0.00
D4278,,Soft tissue graft addl tooth,0.00
D4283,,Auto tissue graft addl tooth,0.00
D4285,,Non-auto graft addl tooth,0.00
D4286,,Remove non-resorb barrier,0.00
D4322,,Splint intra-coronal,0.00
D4323,,Splint extra-coronal,0.00
D4341,,Periodontal scaling & root,0.00
D4342,,Periodontal scaling 1-3teeth,0.00
D4346,,Scaling gingiv inflammation,0.00
D4355,,Full mouth debridement,0.00
D4381,,Localized delivery antimicro,0.00
D4910,,Periodontal maint procedures,0.00
D4920,,Unscheduled dressing change,0.00
D4921,,Gingival irrigation per quad,0.00
D4999,,Unspecified periodontal proc,0.00
D5110,,Dentures complete maxillary,0.00
D5120,,Dentures complete mandible,0.00
D5130,,Dentures immediat maxillary,0.00
D5140,,Dentures immediat mandible,0.00
D5211,,Dentures maxill part resin,0.00
D5212,,Dentures mand part resin,0.00
D5213,,Dentures maxill part metal,0.00
D5214,,Dentures mandibl part metal,0.00
D5221,,Immed max part denture resin,0.00
D5222,,Immed man part denture resin,0.00
D5223,,Immed max part dent metal,0.00
D5224,,Immed mand part dent metal,0.00
D5225,,Maxillary part denture flex,0.00
D5226,,Mandibular part denture flex,0.00
D5227,,Immed max part denture,0.00
D5228,,Immed mand part denture,0.00
D5282,,"Remove unil part denture,max",0.00
D5283,,"Remove unil part denture,man",0.00
D5284,,Rem unilat dent flex base,0.00
D5286,,Rem unilat dent 1 pc resin,0.00
D5410,,Dentures adjust cmplt maxil,0.00
D5411,,Dentures adjust cmplt mand,0.00
D5421,,Dentures adjust part maxill,0.00
D5422,,Dentures adjust part mandbl,0.00
D5511,,Rep broke comp dent base man,0.00
D5512,,Rep broke comp dent base max,0.00
D5520,,Replace denture teeth complt,0.00
D5611,,Rep resin part dent base man,0.00
D5612,,Rep resin part dent base max,0.00
D5621,,Rep cast part frame man,0.00
D5622,,Rep cast part frame max,0.00
D5630,,Rep partial denture clasp,0.00
D5640,,Replace part denture teeth,0.00
D5650,,Add tooth to partial denture,0.00
D5660,,Add clasp to partial denture,0.00
D5670,,Replc tth&acrlc on mtl frmwk,0.00
D5671,,Replc tth&acrlc mandibular,0.00
D5710,,Dentures rebase cmplt maxil,0.00
D5711,,Dentures rebase cmplt mand,0.00
D5720,,Dentures rebase part maxill,0.00
D5721,,Dentures rebase part mandbl,0.00
D5725,,Rebase hybrid prosthesis,0.00
D5730,,Denture reln cmplt max dir,0.00
D5731,,Denture reln cmplt mand dir,0.00
D5740,,Denture reln part max dir,0.00
D5741,,Denture reln part mand dir,0.00
D5750,,Denture reln cmplt max indir,0.00
D5751,,Denture reln cmplt mand ind,0.00
D5760,,Denture reln part max indir,0.00
D5761,,Denture reln part mand indir,0.00
D5765,,Liner compl/partial rem dent,0.00
D5810,,Denture interm cmplt maxill,0.00
D5811,,Denture interm cmplt mandbl,0.00
D5820,,Denture interm part maxill,0.00
D5821,,Denture interm part mandbl,0.00
D5850,,Denture tiss conditn maxill,0.00
D5851,,Denture tiss condtin mandbl,0.00
D5862,,Precision attachment,0.00
D5863,,Overdenture complete max,0.00
D5864,,Overdenture partial max,0.00
D5865,,Overdenture complete mandib,0.00
D5866,,Overdenture partial mandib,0.00
D5867,,Replacement of precision att,0.00
D5875,,Prosthesis modification,0.00
D5876,,Add metal sub to acrylc dent,0.00
D5899,,Removable prosthodontic proc,0.00
D5911,,Facial moulage sectional,0.00
D5912,,Facial moulage complete,0.00
D5913,,Nasal prosthesis,0.00
D5914,,Auricular prosthesis,0.00
D5915,,Orbital prosthesis,0.00
D5916,,Ocular prosthesis,0.00
D5919,,Facial prosthesis,0.00
D5922,,Nasal septal prosthesis,0.00
D5923,,Ocular prosthesis interim,0.00
D5924,,Cranial prosthesis,0.00
D5925,,Facial augmentation implant,0.00
D5926,,Replacement nasal prosthesis,0.00
D5927,,Auricular replacement,0.00
D5928,,Orbital replacement,0.00
D5929,,Facial replacement,0.00
D5931,,Surgical obturator,0.00
D5932,,Postsurgical obturator,0.00
D5933,,Refitting of obturator,0.00
D5934,,Mandibular flange prosthesis,0.00
D5935,,Mandibular denture prosth,0.00
D5936,,Temp obturator prosthesis,0.00
D5937,,Trismus appliance,0.00
D5951,,Feeding aid,0.00
D5952,,Pediatric speech aid,0.00
D5953,,Adult speech aid,0.00
D5954,,Superimposed prosthesis,0.00
D5955,,Palatal lift prosthesis,0.00
D5958,,Intraoral con def inter plt,0.00
D5959,,Intraoral con def mod palat,0.00
D5960,,Modify speech aid prosthesis,0.00
D5982,,Surgical stent,0.00
D5983,,Radiation applicator,0.00
D5984,,Radiation shield,0.00
D5985,,Radiation cone locator,0.00
D5986,,Fluoride applicator,0.00
D5987,,Commissure splint,0.00
D5988,,Surgical splint,0.00
D5991,,Vesiculobullous disease carr,0.00
D5992,,Adjust max prost appliance,0.00
D5993,,Main/clean max prosthesis,0.00
D5995,,"Peri medicament w/seal, max",0.00
D5996,,"Peri medicament w/seal, mand",0.00
D5999,,Maxillofacial prosthesis,0.00
D6010,,Odontics endosteal implant,0.00
D6011,,Second stage implant surgery,0.00
D6012,,Endosteal implant,0.00
D6013,,Surgical place mini implant,0.00
D6040,,Odontics eposteal implant,0.00
D6050,,Odontics transosteal implnt,0.00
D6051,,Interim implant abutment,0.00
D6055,,Implant connecting bar,0.00
D6056,,Prefabricated abutment,0.00
D6057,,Custom abutment,0.00
D6058,,Abutment supported crown,0.00
D6059,,Abutment supported mtl crown,0.00
D6060,,Abutment supported mtl crown,0.00
D6061,,Abutment supported mtl crown,0.00
D6062,,Abutment supported mtl crown,0.00
D6063,,Abutment supported mtl crown,0.00
D6064,,Abutment supported mtl crown,0.00
D6065,,Implant supported crown,0.00
D6066,,Implant supported mtl crown,0.00
D6067,,Implant supported mtl crown,0.00
D6068,,Abutment supported retainer,0.00
D6069,,Abutment supported retainer,0.00
D6070,,Abutment supported retainer,0.00
D6071,,Abutment supported retainer,0.00
D6072,,Abutment supported retainer,0.00
D6073,,Abutment supported retainer,0.00
D6074,,Abutment supported retainer,0.00
D6075,,Implant supported retainer,0.00
D6076,,Implant supported retainer,0.00
D6077,,Implant supported retainer,0.00
D6080,,Implant maintenance,0.00
D6081,,"Scale & debride, single imp",0.00
D6082,,Imp crown porc to base alloy,0.00
D6083,,Imp crown porc to noble allo,0.00
D6084,,Imp crown porc to titanium,0.00
D6085,,Interim implant crown,0.00
D6086,,Imp crown base alloys,0.00
D6087,,Implant crown noble alloys,0.00
D6088,,Imp crown titanium alloys,0.00
D6089,,Access/retorq implant screw,0.00
D6090,,Repair implant,0.00
D6091,,Repl semi/precision attach,0.00
D6092,,Recement supp crown,0.00
D6093,,Recement supp part denture,0.00
D6094,,Abut support crown titanium,0.00
D6096,,Remove broken imp ret screw,0.00
D6097,,Abut crown porc to titanium,0.00
D6098,,Imp retain porc to base allo,0.00
D6099,,Imp retainer for fpd,0.00
D6100,,Surg removal of implant body,0.00
D6101,,Debridement of a periimplant,0.00
D6102,,Debridement & contouring,0.00
D6103,,Bone graft repair perimplant,0.00
D6104,,Bone graft time of implant,0.00
D6105,,Remove implant body,0.00
D6106,,Tissue regen resorbable,0.00
D6107,,Tissue regen non-resorbable,0.00
D6110,,Implnt/abut remov dent max,0.00
D6111,,Implnt/abut remov dent mand,0.00
D6112,,Imp/abut rem dent part max,0.00
D6113,,Imp/abut rem dent part mand,0.00
D6114,,Implnt/abut fixed dent max,0.00
D6115,,Implnt/abut fixed dent mand,0.00
D6116,,Imp/abut fixed dent part max,0.00
D6117,,Imp/abut fixed dent part man,0.00
D6118,,Imp/abut int fixed dent man,0.00
D6119,,Int/abut int fixed dent max,0.00
D6120,,Imp retain porc to titanium,0.00
D6121,,Retain metal fpd base alloys,0.00
D6122,,Retain metal fpd noble alloy,0.00
D6123,,Retain metal fpd titanium,0.00
D6180,,Implnt maint proced,0.00
D6190,,Radio/surgical implant index,0.00
D6191,,Semi precision abutment,0.00
D6192,,Semi precision attachment,0.00
D6193,,Replace implnt screw,0.00
D6194,,Abut support retainer titani,0.00
D6195,,Abut retain porc to titanium,0.00
D6197,,Replace material prosthesis,0.00
D6198,,Remove interim implant,0.00
D6199,,Implant procedure,0.00
D6205,,Pontic-indirect resin based,0.00
D6210,,Prosthodont high noble metal,0.00
D6211,,Bridge base metal cast,0.00
D6212,,Bridge noble metal cast,0.00
D6214,,Pontic titanium,0.00
D6240,,Bridge porcelain high noble,0.00
D6241,,Bridge porcelain base metal,0.00
D6242,,Bridge porcelain nobel metal,0.00
D6243,,Pontic porcelain to titanium,0.00
D6245,,Bridge porcelain/ceramic,0.00
D6250,,Bridge resin w/high noble,0.00
D6251,,Bridge resin base metal,0.00
D6252,,Bridge resin w/noble metal,0.00
D6253,,Interim pontic,0.00
D6545,,Dental retainr cast metl,0.00
D6548,,Porcelain/ceramic retainer,0.00
D6549,,Resin retainer,0.00
D6600,,Porcelain/ceramic inlay 2srf,0.00
D6601,,Porc/ceram inlay >= 3 surfac,0.00
D6602,,Cst hgh nble mtl inlay 2 srf,0.00
D6603,,Cst hgh nble mtl inlay >=3sr,0.00
D6604,,Cst bse mtl inlay 2 surfaces,0.00
D6605,,Cst bse mtl inlay >= 3 surfa,0.00
D6606,,Cast noble metal inlay 2 sur,0.00
D6607,,Cst noble mtl inlay >=3 surf,0.00
D6608,,Onlay porc/crmc 2 surfaces,0.00
D6609,,Onlay porc/crmc >=3 surfaces,0.00
D6610,,Onlay cst hgh nbl mtl 2 srfc,0.00
D6611,,Onlay cst hgh nbl mtl >=3srf,0.00
D6612,,Onlay cst base mtl 2 surface,0.00
D6613,,Onlay cst base mtl >=3 surfa,0.00
D6614,,Onlay cst nbl mtl 2 surfaces,0.00
D6615,,Onlay cst nbl mtl >=3 surfac,0.00
D6624,,Inlay titanium,0.00
D6634,,Onlay titanium,0.00
D6710,,Crown-indirect resin based,0.00
D6720,,Retain crown resin w hi nble,0.00
D6721,,Crown resin w/base metal,0.00
D6722,,Crown resin w/noble metal,0.00
D6740,,Crown porcelain/ceramic,0.00
D6750,,Crown porcelain high noble,0.00
D6751,,Crown porcelain base metal,0.00
D6752,,Crown porcelain noble metal,0.00
D6753,,Retain crown porc to titaniu,0.00
D6780,,Crown 3/4 high noble metal,0.00
D6781,,Crown 3/4 cast based metal,0.00
D6782,,Crown 3/4 cast noble metal,0.00
D6783,,Crown 3/4 porcelain/ceramic,0.00
D6784,,Retainer crown 3/4 titanium,0.00
D6790,,Crown full high noble metal,0.00
D6791,,Crown full base metal cast,0.00
D6792,,Crown full noble metal cast,0.00
D6793,,Interim retainer crown,0.00
D6794,,Crown titanium,0.00
D6920,,Dental connector bar,0.00
D6930,,Recement/bond part denture,0.00
D6940,,Stress breaker,0.00
D6950,,Precision attachment,0.00
D6980,,Fixed partial repair,0.00
D6985,,Pediatric partial denture fx,0.00
D6999,,Fixed prosthodontic proc,0.00
D7111,,Extraction coronal remnants,0.00
D7140,,Extraction erupted tooth/exr,0.00
D7210,,Rem imp tooth w mucoper flp,0.00
D7220,,Impact tooth remov soft tiss,0.00
D7230,,Impact tooth remov part bony,0.00
D7240,,Impact tooth remov comp bony,0.00
D7241,,Impact tooth rem bony w/comp,0.00
D7250,,Tooth root removal,0.00
D7251,,Coronectomy,0.00
D7252,,Part extract for implant,0.00
D7259,,Nerve dissection,0.00
D7260,,Oral antral fistula closure,0.00
D7261,,Primary closure sinus perf,0.00
D7270,,Tooth reimplantation,0.00
D7272,,Tooth transplantation,0.00
D7280,,Exposure of unerupted tooth,0.00
D7282,,Mobilize erupted/malpos toot,0.00
D7283,,Place device impacted tooth,0.00
D7284,,Exc biopsy of saliv glands,0.00
D7285,,Biopsy of oral tissue hard,0.00
D7286,,Biopsy of oral tissue soft,0.00
D7287,,Exfoliative cytolog collect,0.00
D7288,,Brush biopsy,0.00
D7290,,Repositioning of teeth,0.00
D7291,,Transseptal fiberotomy,0.00
D7292,,Screw retained plate,0.00
D7293,,Temp anchorage dev w flap,0.00
D7294,,Temp anchorage dev w/o flap,0.00
D7295,,"Bone harvest,auto graft proc",0.00
D7296,,"Corticotomy, 1-3 teeth",0.00
D7297,,"Corticotomy, 4 or more teeth",0.00
D7298,,Remove screw retained plate,0.00
D7299,,Rem anchorage device w/flap,0.00
D7300,,Rem anchorage dev w/o flap,0.00
D7310,,Alveoplasty w/ extraction,0.00
D7311,,Alveoloplasty w/extract 1-3,0.00
D7320,,Alveoplasty w/o extraction,0.00
D7321,,Alveoloplasty not w/extracts,0.00
D7340,,Vestibuloplasty ridge extens,0.00
D7350,,Vestibuloplasty exten graft,0.00
D7410,,Rad exc lesion up to 1.25 cm,0.00
D7411,,Excision benign lesion>1.25c,0.00
D7412,,Excision benign lesion compl,0.00
D7413,,Excision malig lesion<=1.25c,0.00
D7414,,Excision malig lesion>1.25cm,0.00
D7415,,Excision malig les complicat,0.00
D7440,,Malig tumor exc to 1.25 cm,0.00
D7441,,Malig tumor > 1.25 cm,0.00
D7450,,Rem odontogen cyst to 1.25cm,0.00
D7451,,Rem odontogen cyst > 1.25 cm,0.00
D7460,,Rem nonodonto cyst to 1.25cm,0.00
D7461,,Rem nonodonto cyst > 1.25 cm,0.00
D7465,,Lesion destruction,0.00
D7471,,Rem exostosis any site,0.00
D7472,,Removal of torus palatinus,0.00
D7473,,Remove torus mandibularis,0.00
D7485,,Surg reduct osseoustuberosit,0.00
D7490,,Maxilla or mandible resectio,0.00
D7509,,Marsupialization odon cyst,0.00
D7510,,I&d absc intraoral soft tiss,0.00
D7511,,Incision/drain abscess intra,0.00
D7520,,I&d abscess extraoral,0.00
D7521,,Incision/drain abscess extra,0.00
D7530,,Removal fb skin/areolar tiss,0.00
D7540,,Removal of fb reaction,0.00
D7550,,Removal of sloughed off bone,0.00
D7560,,Maxillary sinusotomy,0.00
D7610,,Maxilla open reduct simple,0.00
D7620,,Clsd reduct simpl maxilla fx,0.00
D7630,,Open red simpl mandible fx,0.00
D7640,,Clsd red simpl mandible fx,0.00
D7650,,Open red simp malar/zygom fx,0.00
D7660,,Clsd red simp malar/zygom fx,0.00
D7670,,Closd rductn splint alveolus,0.00
D7671,,Alveolus open reduction,0.00
D7680,,Reduct simple facial bone fx,0.00
D7710,,Maxilla open reduct compound,0.00
D7720,,Clsd reduct compd maxilla fx,0.00
D7730,,Open reduct compd mandble fx,0.00
D7740,,Clsd reduct compd mandble fx,0.00
D7750,,Open red comp malar/zygma fx,0.00
D7760,,Clsd red comp malar/zygma fx,0.00
D7770,,Open reduc compd alveolus fx,0.00
D7771,,Alveolus clsd reduc stblz te,0.00
D7780,,Reduct compnd facial bone fx,0.00
D7810,,Tmj open reduct-dislocation,0.00
D7820,,Closed tmp manipulation,0.00
D7830,,Tmj manipulation under anest,0.00
D7840,,Removal of tmj condyle,0.00
D7850,,Tmj meniscectomy,0.00
D7852,,Tmj repair of joint disc,0.00
D7854,,Tmj excisn of joint membrane,0.00
D7856,,Tmj cutting of a muscle,0.00
D7858,,Tmj reconstruction,0.00
D7860,,Tmj cutting into joint,0.00
D7865,,Tmj reshaping components,0.00
D7870,,Tmj aspiration joint fluid,0.00
D7871,,Lysis + lavage w catheters,0.00
D7872,,Tmj diagnostic arthroscopy,0.00
D7873,,Tmj arthroscopy lysis adhesn,0.00
D7874,,Tmj arthroscopy disc reposit,0.00
D7875,,Tmj arthroscopy synovectomy,0.00
D7876,,Tmj arthroscopy discectomy,0.00
D7877,,Tmj arthroscopy debridement,0.00
D7880,,Occlusal orthotic appliance,0.00
D7881,,Occ orthotic device adjust,0.00
D7899,,Tmj unspecified therapy,0.00
D7910,,Dent sutur recent wnd to 5cm,0.00
D7911,,Dental suture wound to 5 cm,0.00
D7912,,Suture complicate wnd > 5 cm,0.00
D7920,,Dental skin graft,0.00
D7921,,Collect & appl blood product,0.00
D7922,,Place intra-socket bio dress,0.00
D7939,,Indexing for osteotomy,0.00
D7940,,Reshaping bone orthognathic,0.00
D7941,,Bone cutting ramus closed,0.00
D7943,,Cutting ramus open w/graft,0.00
D7944,,Bone cutting segmented,0.00
D7945,,Bone cutting body mandible,0.00
D7946,,Reconstruction maxilla total,0.00
D7947,,Reconstruct maxilla segment,0.00
D7948,,Reconstruct midface no graft,0.00
D7949,,Reconstruct midface w/graft,0.00
D7950,,Mandible graft,0.00
D7951,,Sinus aug w bone or bone sub,0.00
D7952,,Sinus augmentation vertical,0.00
D7953,,Bone replacement graft,0.00
D7955,,Repair maxillofacial defects,0.00
D7956,,Tiss regen edent resorb,0.00
D7957,,Tiss regen edent nonresorb,0.00
D7961,,Buccal/labial frenectomy,0.00
D7962,,Lingual frenectomy,0.00
D7963,,Frenuloplasty,0.00
D7970,,Excision hyperplastic tissue,0.00
D7971,,Excision pericoronal gingiva,0.00
D7972,,Surg redct fibrous tuberosit,0.00
D7979,,Non-surgical sialolithotomy,0.00
D7980,,Surgical sialolithotomy,0.00
D7981,,Excision of salivary gland,0.00
D7982,,Sialodochoplasty,0.00
D7983,,Closure of salivary fistula,0.00
D7990,,Emergency tracheotomy,0.00
D7991,,Dental coronoidectomy,0.00
D7993,,Surg place craniofacial impl,0.00
D7994,,Surg place zygomatic impl,0.00
D7995,,Synthetic graft facial bones,0.00
D7996,,Implant mandible for augment,0.00
D7997,,Appliance removal,0.00
D7998,,Intraoral place of fix dev,0.00
D7999,,Oral surgery procedure,0.00
D8010,,Limited dental tx primary,0.00
D8020,,Limited dental tx transition,0.00
D8030,,Limited dental tx adolescent,0.00
D8040,,Limited dental tx adult,0.00
D8070,,Compre dental tx transition,0.00
D8080,,Compre dental tx adolescent,0.00
D8090,,Compre dental tx adult,0.00
D8091,,Compre ortho treat w surg,0.00
D8210,,Orthodontic rem appliance tx,0.00
D8220,,Fixed appliance therapy habt,0.00
D8660,,Preorthodontic tx visit,0.00
D8670,,Periodic orthodontc tx visit,0.00
D8671,,Periodic orth treat w surg,0.00
D8680,,Orthodontic retention,0.00
D8681,,Removable retainer adjust,0.00
D8695,,Remove fixed ortho appliance,0.00
D8696,,Rep of ortho appliance max,0.00
D8697,,Rep of ortho appliance man,0.00
D8698,,Recement fixed retainer max,0.00
D8699,,Recement fixed retainer man,0.00
D8701,,Repair fixed retainer max,0.00
D8702,,Repair of fixed retainer man,0.00
D8703,,Replace broken retainer max,0.00
D8704,,Replace broken retainer man,0.00
D8999,,Orthodontic procedure,0.00
D9110,,Palliative tx dental pain,0.00
D9120,,Fix partial denture section,0.00
D9130,,Temporomandibular joint dysf,0.00
D9210,,Dent anesthesia w/o surgery,0.00
D9211,,Regional block anesthesia,0.00
D9212,,Trigeminal block anesthesia,0.00
D9215,,Local anesthesia,0.00
D9219,,Eval mod/deep sed/gen anest,0.00
D9222,,"Deep anest, 1st 15 min",0.00
D9223,,General anesth ea addl 15 mi,0.00
D9230,,Analgesia,0.00
D9239,,"Iv mod sedation, 1st 15 min",0.00
D9243,,Iv sedation ea addl 15m,0.00
D9248,,Sedation (non-iv),0.00
D9310,,Dental consultation,0.00
D9311,,Consult w/med hlth care prof,0.00
D9410,,Dental house call,0.00
D9420,,Hospital/asc call,0.00
D9430,,Office visit during hours,0.00
D9440,,Office visit after hours,0.00
D9450,,Case presentation tx plan,0.00
D9610,,Dent therapeutic drug inject,0.00
D9612,,Thera par drugs 2 or > admin,0.00
D9613,,Infiltration thera drug,0.00
D9630,,Drugs/meds disp for home use,0.00
D9910,,Dent appl desensitizing med,0.00
D9911,,Appl desensitizing resin,0.00
D9912,,Pre-visit patient screening,0.00
D9913,,Admin of neuromod,0.00
D9914,,Admin of dermal fill,0.00
D9920,,Behavior management,0.00
D9930,,Treatment of complications,0.00
D9932,,Clean & inspect rem dent max,0.00
D9933,,Clean & inspect rem dent man,0.00
D9934,,Clean rem part denture max,0.00
D9935,,Clean rem part denture mand,0.00
D9938,,Fab removable appliance,0.00
D9939,,Placemnt removable appliance,0.00
D9941,,Fabrication athletic guard,0.00
D9942,,Repair/reline occlusal guard,0.00
D9943,,Occlusal guard adjustment,0.00
D9944,,"Occ guard, hard, full arch",0.00
D9945,,"Occ guard, soft, full arch",0.00
D9946,,"Occ guard, hard, part arch",0.00
D9947,,Sleep apnea appliance,0.00
D9948,,Adjust sleep apnea appliance,0.00
D9949,,Repair sleep apnea appliance,0.00
D9950,,Occlusion analysis,0.00
D9951,,Limited occlusal adjustment,0.00
D9952,,Complete occlusal adjustment,0.00
D9953,,Reline sleep apnea appliance,0.00
D9954,,Fab/del oral appliance thxpy,0.00
D9955,,Oral app thxpy titration vis,0.00
D9956,,Admin home sleep apnea test,0.00
D9957,,Screening sleep disorders,0.00
D9959,,Unspec sleep ap proc,0.00
D9961,,Dup/copy patient's records,0.00
D9970,,Enamel microabrasion,0.00
D9971,,Odontoplasty per tooth,0.00
D9972,,Extrnl bleaching per arch,0.00
D9973,,Extrnl bleaching per tooth,0.00
D9974,,Intrnl bleaching per tooth,0.00
D9975,,External bleaching home app,0.00
D9985,,Sales tax,0.00
D9986,,Missed appointment,0.00
D9987,,Cancelled appointment,0.00
D9990,,Trans or sign language svcs,0.00
D9991,,"Case mgmt, appt barriers",0.00
D9992,,"Case mgmt, care coordination",0.00
D9993,,"Case mgmt, interviewing",0.00
D9994,,"Case mgmt, pt education",0.00
D9995,,Teledentistry real-time,0.00
D9996,,Teledentistry dent review,0.00
D9997,,Dent case mgmt special needs,0.00
D9999,,Adjunctive procedure,0.00
G0008,,Admin influenza virus vac,0.00
G0009,,Admin pneumococcal vaccine,0.00
G0010,,Admin hepatitis b vaccine,0.00
G0011,,"Hiv prep counsel, md 15-30m",0.45
G0012,,Injection of hiv prep drug,0.17
G0013,,"Hiv prep counsel, clin staff",0.18
G0017,,Crisis psychotherapy 60m,4.70
G0018,,Crisis psychotherapy add 30m,2.25
G0019,,Comm hlth intg svs sdoh 60mn,1.00
G0022,,Comm hlth intg svs add 30 m,0.70
G0023,,Pin service 60m per month,1.00
G0024,,Pin srv add 30 min pr m,0.70
G0027,,Semen analysis,0.00
G0029,,No tob scr/cess int,0.00
G0030,,Pt scr tob & cess int,0.00
G0031,,Pall serv during meas,0.00
G0032,,2+ antipsy schiz,0.00
G0033,,2+ benzo seiz,0.00
G0034,,Pall serv during meas,0.00
G0035,,Pt ed pos 23,0.00
G0036,,Pt/ptn decln assess,0.00
G0037,,Pt not able to participate,0.00
G0038,,Clin pt no ref,0.00
G0039,,"Pt no ref, rn spec",0.00
G0040,,Pt phys/occ therapy,0.00
G0041,,Pt/ptn decln referral,0.00
G0042,,Ref to therapy,0.00
G0043,,Pt mech pros ht valv,0.00
G0044,,Pt mitral stenosis,0.00
G0045,,Mrs 90 days post stk,0.00
G0046,,No mrs 90 days post stk,0.00
G0047,,Ped blunt hd traum,0.00
G0048,,Pall serv during meas,0.00
G0049,,Main hemo in-cntr,0.00
G0050,,Pt w/ lmted life expec,0.00
G0051,,Pt hospice mnth,0.00
G0052,,Pt peri dialysis dur mo,0.00
G0053,,Adv rheum pt care mvp,0.00
G0054,,Strk cr prev pos outcme mvp,0.00
G0055,,Adv care heart dx mvp,0.00
G0057,,Best pct pt safety em mvp,0.00
G0058,,Imprv care le jnt repr mvp,0.00
G0059,,Pt sfty pos exp w aneth mvp,0.00
G0060,,Allergy/immunology ss,0.00
G0061,,Anesthesiology ss,0.00
G0062,,Audiology ss,0.00
G0063,,Cardiology ss,0.00
G0064,,Cert nurse midwife ss,0.00
G0065,,Chiropractic ss,0.00
G0066,,Clinical social work ss,0.00
G0067,,Dentistry ss,0.00
G0068,,Adm iv infusion drug in home,0.00
G0069,,Adm sq infusion drug in home,0.00
G0070,,Adm of chemo drug in home,0.00
G0071,,Comm svcs by rhc/fqhc 5 min,0.24
G0076,,Care manag h vst new pt 20 m,1.01
G0077,,Care manag h vst new pt 30 m,1.52
G0078,,Care manag h vst new pt 45 m,2.53
G0079,,Care manag h vst new pt 60 m,3.38
G0080,,Care manag h vst new pt 75 m,4.09
G0081,,Care man h v ext pt 20 mi,1.00
G0082,,Care man h v ext pt 30 m,1.56
G0083,,Care man h v ext pt 45 m,2.33
G0084,,Care man h v ext pt 60 m,3.28
G0085,,Care man h v ext pt 75 m,4.09
G0086,,Care man home care plan 30 m,1.25
G0087,,Care man home care plan 60 m,1.80
G0088,,Adm iv drug 1st home visit,0.00
G0089,,Adm subq drug 1st home visit,0.00
G0090,,Adm iv chemo 1st home visit,0.00
G0101,,Ca screen;pelvic/breast exam,0.45
G0102,,Prostate ca screening; dre,0.18
G0103,,Psa screening,0.00
G0104,,Ca screen;flexi sigmoidscope,0.84
G0105,,Colorectal scrn; hi risk ind,3.26
G0105,53,Colorectal scrn; hi risk ind,1.63
G0108,,Diab manage trn  per indiv,0.90
G0109,,Diab manage trn ind/group,0.25
G0117,,Glaucoma scrn hgh risk direc,0.45
G0118,,Glaucoma scrn hgh risk direc,0.17
G0121,,Colon ca scrn not hi rsk ind,3.26
G0121,53,Colon ca scrn not hi rsk ind,1.63
G0123,,Screen cerv/vag thin layer,0.00
G0124,,Screen c/v thin layer by md,0.26
G0127,,Trim nail(s),0.17
G0128,,Corf skilled nursing service,0.00
G0129,,Php/iop ot service,0.00
G0130,,Single energy x-ray study,0.22
G0130,TC,Single energy x-ray study,0.00
G0130,26,Single energy x-ray study,0.22
G0136,,Adm of soc dtr assess 5-15 m,0.18
G0137,,"Inten outpt svs,min 9 pr 7 d",0.00
G0138,,Iv cipaglucosidase alfa-atga,0.21
G0140,,Nav srv peer sup 60 min pr m,1.00
G0141,,"Scr c/v cyto,autosys and md",0.26
G0143,,"Scr c/v cyto,thinlayer,rescr",0.00
G0144,,"Scr c/v cyto,thinlayer,rescr",0.00
G0145,,"Scr c/v cyto,thinlayer,rescr",0.00
G0146,,Nav srv peer sup add 30 pr m,0.70
G0147,,"Scr c/v cyto, automated sys",0.00
G0148,,"Scr c/v cyto, autosys, rescr",0.00
G0151,,"Hhcp-serv of pt,ea 15 min",0.00
G0152,,"Hhcp-serv of ot,ea 15 min",0.00
G0153,,"Hhcp-svs of s/l path,ea 15mn",0.00
G0155,,"Hhcp-svs of csw,ea 15 min",0.00
G0156,,"Hhcp-svs of aide,ea 15 min",0.00
G0157,,Hhc pt assistant ea 15,0.00
G0158,,Hhc ot assistant ea 15,0.00
G0159,,Hhc pt maint ea 15 min,0.00
G0160,,Hhc occup therapy ea 15,0.00
G0161,,Hhc slp ea 15 min,0.00
G0162,,"Hhc rn e&m plan svs, 15 min",0.00
G0166,,"Extrnl counterpulse, per tx",0.00
G0168,,Wound closure by adhesive,0.31
G0175,,"Opps service,sched team conf",0.00
G0176,,Opps/php/iop; activity thrpy,0.00
G0177,,Opps/php/iop; train & educ,0.00
G0179,,Md recertification hha pt,0.45
G0180,,Md certification hha patient,0.67
G0181,,Home health care supervision,1.73
G0182,,Hospice care supervision,1.73
G0186,,"Dstry eye lesn,fdr vssl tech",0.00
G0219,,Pet img wholbod melano nonco,0.00
G0219,TC,Pet img wholbod melano nonco,0.00
G0219,26,Pet img wholbod melano nonco,0.00
G0235,,Pet not otherwise specified,0.00
G0235,TC,Pet not otherwise specified,0.00
G0235,26,Pet not otherwise specified,0.00
G0237,,Therapeutic procd strg endur,0.00
G0238,,"Oth resp proc, indiv",0.00
G0239,,"Oth resp proc, group",0.00
G0245,,Initial foot exam pt lops,0.88
G0246,,Followup eval of foot pt lop,0.45
G0247,,Routine footcare pt w lops,0.50
G0248,,Demonstrate use home inr mon,0.00
G0249,,Provide inr test mater/equip,0.00
G0250,,Md inr test revie inter mgmt,0.18
G0252,,Pet imaging initial dx,0.00
G0252,TC,Pet imaging initial dx,0.00
G0252,26,Pet imaging initial dx,1.50
G0255,,Current percep threshold tst,0.00
G0255,TC,Current percep threshold tst,0.00
G0255,26,Current percep threshold tst,0.00
G0257,,Unsched dialysis esrd pt hos,0.00
G0259,,Inject for sacroiliac joint,0.00
G0260,,Inj for sacroiliac jt anesth,0.00
G0268,,Removal of impacted wax md,0.61
G0269,,Occlusive device in vein art,0.00
G0270,,Mnt subs tx for change dx,0.45
G0271,,Group mnt 2 or more 30 mins,0.25
G0276,,Pild/placebo control clin tr,7.17
G0277,,"Hbot, full body chamber, 30m",0.00
G0278,,"Iliac art angio,cardiac cath",0.25
G0279,,"Tomosynthesis, mammo",0.60
G0279,TC,"Tomosynthesis, mammo",0.00
G0279,26,"Tomosynthesis, mammo",0.60
G0281,,Elec stim unattend for press,0.18
G0282,,Elect stim wound care not pd,0.00
G0283,,Elec stim other than wound,0.18
G0288,,"Recon, cta for surg plan",0.00
G0289,,"Arthro, loose body + chondro",1.48
G0293,,"Non-cov surg proc,clin trial",0.00
G0294,,"Non-cov proc, clinical trial",0.00
G0295,,Electromagnetic therapy onc,0.00
G0296,,Visit to determ ldct elig,0.52
G0299,,Hhs/hospice of rn ea 15 min,0.00
G0300,,Hhs/hospice of lpn ea 15 min,0.00
G0302,,Pre-op service lvrs complete,0.00
G0303,,Pre-op service lvrs 10-15dos,0.00
G0304,,Pre-op service lvrs 1-9 dos,0.00
G0305,,Post op service lvrs min 6,0.00
G0306,,Cbc/diffwbc w/o platelet,0.00
G0307,,Cbc without platelet,0.00
G0310,,Immunize counsel 5-15 min,0.00
G0311,,Immunize counsel 16-30 mins,0.00
G0312,,Immunize couns < 21yr 5-15 m,0.00
G0313,,Immunize couns < 21yr 6-30 m,0.00
G0314,,Counsel immune <21 16-30 m,0.00
G0315,,Counsel immune <21  5-15 m,0.00
G0316,,Prolong inpt eval add15 m,0.61
G0317,,Prolong nursin fac eval 15m,0.61
G0318,,Prolong home eval add 15m,0.61
G0320,,Two-way audio and video hhs,0.00
G0321,,Audio-only hhs,0.00
G0322,,Home h physio data collec tr,0.00
G0323,,Care manage beh svs 20mins,0.93
G0327,,Colon ca scrn;bld-bsd biomrk,0.00
G0328,,Fecal blood scrn immunoassay,0.00
G0329,,Electromagntic tx for ulcers,0.06
G0330,,Facility svs dental rehab,0.00
G0333,,Dispense fee initial 30 day,0.00
G0337,,Hospice evaluation preelecti,1.42
G0339,,"Robot lin-radsurg com, first",0.00
G0340,,Robt lin-radsurg fractx 2-5,0.00
G0341,,Percutaneous islet celltrans,6.98
G0342,,Laparoscopy islet cell trans,11.92
G0343,,Laparotomy islet cell transp,19.85
G0372,,Md service required for pmd,0.17
G0378,,Hospital observation per hr,0.00
G0379,,Direct refer hospital observ,0.00
G0380,,Lev 1 hosp type b ed visit,0.00
G0381,,Lev 2 hosp type b ed visit,0.00
G0382,,Lev 3 hosp type b ed visit,0.00
G0383,,Lev 4 hosp type b ed visit,0.00
G0384,,Lev 5 hosp type b ed visit,0.00
G0390,,Trauma respons w/hosp criti,0.00
G0396,,Alcohol/subs interv 15-30mn,0.65
G0397,,Alcohol/subs interv >30 min,1.30
G0398,,Home sleep test/type 2 porta,0.00
G0398,TC,Home sleep test/type 2 porta,0.00
G0398,26,Home sleep test/type 2 porta,0.00
G0399,,Home sleep test/type 3 porta,0.00
G0399,TC,Home sleep test/type 3 porta,0.00
G0399,26,Home sleep test/type 3 porta,0.00
G0400,,Home sleep test/type 4 porta,0.00
G0400,TC,Home sleep test/type 4 porta,0.00
G0400,26,Home sleep test/type 4 porta,0.00
G0402,,Initial preventive exam,2.60
G0403,,Ekg for initial prevent exam,0.17
G0404,,Ekg tracing for initial prev,0.00
G0405,,Ekg interpret & report preve,0.17
G0406,,Inpt/tele follow up 15,0.76
G0407,,Inpt/tele follow up 25,1.39
G0408,,Inpt/tele follow up 35,2.00
G0409,,Corf related serv 15 mins ea,0.00
G0410,,Grp psych php/iop 45-50,0.00
G0411,,Interactive grp psyc php/iop,0.00
G0412,,Open tx iliac spine uni/bil,10.45
G0413,,Pelvic ring fracture uni/bil,15.73
G0414,,Pelvic ring fx treat int fix,14.65
G0415,,Open tx post pelvic fxcture,20.93
G0416,,"Prostate biopsy, any mthd",3.60
G0416,TC,"Prostate biopsy, any mthd",0.00
G0416,26,"Prostate biopsy, any mthd",3.60
G0420,,Ed svc ckd ind per session,2.12
G0421,,Ed svc ckd grp per session,0.50
G0422,,Intens cardiac rehab w/exerc,1.99
G0423,,Intens cardiac rehab no exer,1.99
G0425,,Inpt/ed teleconsult30,1.92
G0426,,Inpt/ed teleconsult50,2.61
G0427,,Inpt/ed teleconsult70,3.86
G0428,,Collagen meniscus implant,0.00
G0429,,Dermal filler injection(s),1.19
G0432,,Eia hiv-1/hiv-2 screen,0.00
G0433,,Elisa hiv-1/hiv-2 screen,0.00
G0435,,Oral hiv-1/hiv-2 screen,0.00
G0438,,"Ppps, initial visit",2.60
G0439,,"Ppps, subseq visit",1.92
G0442,,Annual alcohol screen 15 min,0.18
G0443,,Brief alcohol misuse counsel,0.60
G0444,,Depression screen annual,0.18
G0445,,High inten beh couns std 30m,0.60
G0446,,Intens behave ther cardio dx,0.60
G0447,,Behavior counsel obesity 15m,0.60
G0448,,Place perm pacing cardiovert,0.00
G0451,,Devlopment test interpt&rep,0.00
G0452,,Molecular pathology interpr,0.93
G0452,TC,Molecular pathology interpr,0.00
G0452,26,Molecular pathology interpr,0.93
G0453,,Cont intraop neuro monitor,0.60
G0454,,Md document visit by npp,0.18
G0455,,Fecal microbiota prep instil,1.34
G0458,,Ldr prostate brachy comp rat,0.00
G0459,,Telehealth inpt pharm mgmt,0.95
G0460,,Autolog prp not diab ulcer,0.00
G0463,,Hospital outpt clinic visit,0.00
G0465,,Autolog prp diab wound ulcer,1.83
G0466,,Fqhc visit new patient,0.00
G0467,,"Fqhc visit, estab pt",0.00
G0468,,"Fqhc visit, ippe or awv",0.00
G0469,,"Fqhc visit, mh new pt",0.00
G0470,,"Fqhc visit, mh estab pt",0.00
G0471,,Ven blood coll snf/hha,0.00
G0472,,Hep c screen high risk/other,0.00
G0473,,Group behave couns 2-10,0.23
G0475,,Hiv combination assay,0.00
G0476,,Hpv combo assay ca screen,0.00
G0480,,Drug test def 1-7 classes,0.00
G0481,,Drug test def 8-14 classes,0.00
G0482,,Drug test def 15-21 classes,0.00
G0483,,Drug test def 22+ classes,0.00
G0490,,"Home visit rn, lpn by rhc/fq",0.00
G0491,,Dialysis acu kidney no esrd,0.00
G0492,,Md/oth eval acut kid no esrd,0.00
G0493,,Rn care ea 15 min hh/hospice,0.00
G0494,,Lpn care ea 15min hh/hospice,0.00
G0495,,Rn care train/edu in hh,0.00
G0496,,Lpn care train/edu in hh,0.00
G0498,,Chemo extend iv infus w/pump,0.00
G0499,,Hepb screen high risk indiv,0.00
G0500,,Mod sedat endo service >5yrs,0.10
G0501,,Resource-inten svc during ov,0.00
G0506,,Comp asses care plan ccm svc,0.87
G0508,,Crit care telehea consult 60,4.00
G0509,,Crit care telehea consult 50,3.86
G0511,,Ccm/bhi by rhc/fqhc 20min mo,0.90
G0512,,Cocm by rhc/fqhc 60 min mo,1.97
G0513,,"Prolong prev svcs, first 30m",1.17
G0514,,"Prolong prev svcs, addl 30m",1.17
G0516,,"Insert drug del implant, >=4",1.82
G0517,,Remove drug implant,2.10
G0518,,Remove w insert drug implant,3.55
G0519,,New pt-cg dyad dem low cmplx,0.00
G0520,,New pt-cg dyad dem mod cmplx,0.00
G0521,,New pt-cg dyad dem hig cmplx,0.00
G0522,,Mgt nw pt dementia low cmplx,0.00
G0523,,Mgt nw pt dem mod-high cmplx,0.00
G0524,,Est pt-cg dyad dem low cmplx,0.00
G0525,,Est pt-cg dyad dem mod cmplx,0.00
G0526,,Est pt-cg dyad dem hig cmplx,0.00
G0527,,Mgt est pt dmentia low cmplx,0.00
G0528,,Mgt est pt dem mod-hi cmplx,0.00
G0529,,"In home respite care, 4 hr u",0.00
G0530,,"Adult daycare center, 8 hr u",0.00
G0531,,"Fclty-based respite, 24 hr u",0.00
G0532,,Take home supp nasal spray,0.00
G0533,,Buprenorphone inj weekly,0.00
G0534,,Coordinated care/or referral,0.00
G0535,,Pt navigat svs direct/ref,0.00
G0536,,Peer recover support svs,0.00
G0537,,Risk ascvd tst once pr 12 mo,0.18
G0538,,Ascvd rsk mng clin stf pr mo,0.18
G0539,,Initial care training 30 m,1.00
G0540,,Train for caregiver add 15,0.54
G0541,,No pt prsnt train initial 30,1.00
G0542,,No pt prsnt train add 15,0.54
G0543,,Group train w/o patient,0.23
G0544,,Post d/c phone follow up,1.00
G0545,,Inherent visit to inpt,0.89
G0546,,Phone/internet ehr assess,0.35
G0547,,Phone/internet svs 11-20 m,0.70
G0548,,Phone/inter svs 21-30 m,1.05
G0549,,Phone/inter for treat>31m,1.40
G0550,,Phone/inter for dx/treat >5m,0.70
G0551,,Phn/intr svs fr dx treat 30m,0.70
G0552,,Supply of digital device,0.00
G0553,,Monthly tx for dmht 20mins,0.62
G0554,,Add 20 m of monthly tx,0.61
G0555,,Replacment pt electronic sys,0.00
G0556,,Adv prim care mgmt lvl 1,0.25
G0557,,Adv prim care mgmt lvl 2,0.77
G0558,,Adv prim care mgmt lvl 3,1.67
G0559,,Unrelat prac follow up visit,0.16
G0560,,Safety plan interven,1.09
G0561,,"Temp tube delivery, unil",0.00
G0562,,Complex simulation w/pet-ct,0.00
G0562,TC,Complex simulation w/pet-ct,0.00
G0562,26,Complex simulation w/pet-ct,0.00
G0563,,Sbrt w/positron emission del,0.00
G0564,,365 d implant glucose sensor,0.00
G0565,,Rem/ins glu snsr 365 dif sit,0.00
G0659,,Drug test def simple all cl,0.00
G0913,,Improve visual funct,0.00
G0914,,Survey not complete,0.00
G0915,,No improve visual funct,0.00
G0916,,Satisfy with care,0.00
G0917,,Care survey not complete,0.00
G0918,,No satisfy with care,0.00
G1025,,Pt mnth 1 mcp prov,0.00
G1026,,Pt hemo > 3mo,0.00
G1027,,Pt hemo < 3mo,0.00
G1028,,Take home supply 8mg per 0.1,0.00
G2000,,Blinded conv. tx mdd clin tr,0.00
G2001,,Post d/c h vst new pt 20 m,1.01
G2002,,Post-d/c h vst new pt 30 m,1.52
G2003,,Post-d/c h vst new pt 45 m,2.53
G2004,,Post-d/c h vst new pt 60 m,3.38
G2005,,Post-d/c h vst new pt 75 m,4.09
G2006,,Post-d/c h vst ext pt 20 m,1.00
G2007,,Post-d/c h vst ext pt 30 m,1.56
G2008,,Post-d/c h vst ext pt 45 m,2.33
G2009,,Post-d/c h vst ext pt 60 m,3.28
G2010,,Remot image submit by pt,0.18
G2011,,Alcohol/sub misuse assess,0.33
G2013,,Post-d/c h vst ext pt 75 m,4.09
G2014,,Post-d/c care plan overs 30m,1.25
G2015,,Post-d/c care plan overs 60m,1.80
G2020,,Hi inten serv for sip model,0.00
G2021,,Hea care pract tx in place,0.00
G2022,,"Benef refuses service, mod",0.00
G2025,,Dis site tele svcs rhc/fqhc,1.44
G2067,,Med assist tx meth wk,0.00
G2068,,Med assist tx bupre oral,0.00
G2069,,Med assist tx inject,0.00
G2073,,Med tx naltrexone,0.00
G2074,,Med assist tx no drug,0.00
G2075,,Med tx meds nos,0.00
G2076,,Intake act w/med exam,0.00
G2077,,Periodic assessment,0.00
G2078,,Take-home meth,0.00
G2079,,Take-hom buprenorphine,0.00
G2080,,Add 30 mins counsel,0.00
G2081,,Pt 66+ snp or ltc pos > 90d,0.00
G2082,,Visit esketamine 56m or less,0.70
G2083,,"Visit esketamine, > 56m",0.70
G2086,,Off base opioid tx 70min,8.36
G2087,,"Off base opioid tx, 60 m",8.19
G2088,,"Off base opioid tx, add30",0.82
G2090,,Pt 66+ frailty and med dem,0.00
G2091,,Pt 66+ frailty and adv ill,0.00
G2092,,Ace arb arni,0.00
G2093,,Med doc rsn no ace arn arni,0.00
G2094,,Pt rsn no ace arn arni,0.00
G2096,,No rsn ace arb arni,0.00
G2097,,Dx uri 3d after other dx,0.00
G2098,,Pt 66+ frailty and med dem,0.00
G2099,,Pt 66+ frailty and adv ill,0.00
G2100,,Pt 66+ frailty and med dem,0.00
G2101,,Pt 66+ frailty and adv ill,0.00
G2105,,Pt 66+ snp or ltc pos > 90d,0.00
G2106,,Pt 66+ frailty and med dem,0.00
G2107,,Pt 66+ frailty and adv ill,0.00
G2112,,Pred<=5 mg ra glu <6m,0.00
G2113,,"Pred>5 mg >6m, no chg da",0.00
G2115,,Pt 66-80 frailty and med dem,0.00
G2116,,Pt 66-80 frailty and adv ill,0.00
G2118,,Pt 81+ frailty,0.00
G2121,,Psy dep anx ap and icd asse,0.00
G2122,,Psy/dep/anx/apandicd noasse,0.00
G2125,,Pt 81+ frailty,0.00
G2126,,Pt 66-80 frailty and adv ill,0.00
G2127,,Pt 66-80 frailty and med dem,0.00
G2128,,No aspirin med rsn,0.00
G2129,,No bp outpt,0.00
G2136,,Bk pain vas 6-20wk <= 3,0.00
G2137,,Bk pain vas 6-20wk > 3,0.00
G2138,,Bk pain vas 9-15mo <= 3,0.00
G2139,,Bk pain vas 9-15mo > 3,0.00
G2140,,Leg pain vas 6-20wk <= 3,0.00
G2141,,Leg pain vas 6-20wk > 3,0.00
G2142,,Fs odi 9-15mo postop<= 22,0.00
G2143,,Fs odi 9-15mo > 22,0.00
G2144,,Fs odi 6-20wk postop <= 22,0.00
G2145,,Fsodi 6-20wk >22 or chg 30pt,0.00
G2146,,Leg pain vas 9-15mo <= 3,0.00
G2147,,Leg pain vas 9-15mo > 3,0.00
G2148,,Mpm used,0.00
G2149,,No mpm med rsn,0.00
G2150,,No mpm,0.00
G2151,,Dx degen neuro,0.00
G2152,,Res change sc >=0,0.00
G2167,,Res change sc < 0,0.00
G2168,,Svs by pt in home health,0.00
G2169,,Svs by ot in home health,0.00
G2172,,Tx for opioid use demo proj,0.00
G2173,,Uri w comorb 12m oth dx,0.00
G2174,,Uri new rx antibiotic 30d,0.00
G2175,,Pt comorb dx 12m of epi,0.00
G2176,,Outpt ed obs w inpt admit,0.00
G2177,,Bronch w rx antibx 30d,0.00
G2178,,Pt not elig low neuro ex,0.00
G2179,,Med doc rsn no low ex,0.00
G2180,,Inelig footwr eval,0.00
G2181,,Bmi not doc medrsn ptref,0.00
G2182,,Pt 1st biolog antirheum,0.00
G2183,,Doc pt unable comm,0.00
G2184,,No caregiver,0.00
G2185,,Caregiver dem trained,0.00
G2186,,Pt ref app rsrcs,0.00
G2187,,Clin ind img hd trauma,0.00
G2188,,Pt 50 yrs w/clin ind hd,0.00
G2189,,Img hd abnml neuro exam,0.00
G2190,,Ind img hd rad neck,0.00
G2191,,Ind img hd pos hd ache,0.00
G2192,,>55 yrs temp hd ache,0.00
G2193,,<6yr new onset hd ache,0.00
G2194,,New hdache ped pt dis,0.00
G2195,,Occip hdache child,0.00
G2196,,Screen unhlthy etoh use,0.00
G2197,,Screen hlthy etoh use,0.00
G2199,,Not scrn etoh no rsn,0.00
G2200,,Unhlthy etoh rcvd couns,0.00
G2202,,No rsn no brief couns,0.00
G2204,,Pt 45-85 w/ scope,0.00
G2205,,Preg drng adjv trtmt,0.00
G2206,,Adjv trtmt chemo her2,0.00
G2207,,Rsn no trtmt chem her2,0.00
G2208,,No trtmt chemo and her2,0.00
G2209,,Refused to participate,0.00
G2210,,No neck fs prom no rsn,0.00
G2211,,Complex e/m visit add on,0.33
G2212,,Prolong outpt/office vis,0.61
G2213,,Initiat med assist tx in er,1.30
G2214,,Init/sub psych care m 1st 30,0.77
G2215,,Home supply nasal naloxone,0.00
G2216,,Home supply inject naloxon,0.00
G2250,,"Remot img sub by pt, non e/m",0.18
G2251,,"Brief chkin, 5-10, non-e/m",0.25
G2252,,"Brief chkin by md/qhp, 11-20",0.50
G3002,,Chronic pain mgmt 30 mins,1.45
G3003,,Chronic pain mgmt addl 15m,0.50
G4000,,Dermatology ss,0.00
G4001,,Diagnostic rad ss,0.00
G4002,,Ep cardio ss,0.00
G4003,,Emergency med ss,0.00
G4004,,Endocrinology ss,0.00
G4005,,Family medicine ss,0.00
G4006,,Gastroenterology ss,0.00
G4007,,General surgery ss,0.00
G4008,,Geriatrics ss,0.00
G4009,,Hospitalists ss,0.00
G4010,,Infectious disease ss,0.00
G4011,,Internal medicine ss,0.00
G4012,,Interventional rad ss,0.00
G4013,,Mntal/behav/psych hlth ss,0.00
G4014,,Nephrology ss,0.00
G4015,,Neurology ss,0.00
G4016,,Neurosurgical ss,0.00
G4017,,Nutrition/dietician ss,0.00
G4018,,Ob/gyn ss,0.00
G4019,,Oncology/hema ss,0.00
G4020,,Ophthalmology/optometry ss,0.00
G4021,,Orthopedic surgery ss,0.00
G4022,,Otolaryngology ss,0.00
G4023,,Pathology ss,0.00
G4024,,Pediatrics ss,0.00
G4025,,Physical medicine ss,0.00
G4026,,Phys/occ therapy ss,0.00
G4027,,Plastic surgery ss,0.00
G4028,,Podiatry ss,0.00
G4029,,Preventive medicine ss,0.00
G4030,,Pulmonology ss,0.00
G4031,,Radiation oncology ss,0.00
G4032,,Rheumatology ss,0.00
G4033,,Skilled nursing facility ss,0.00
G4034,,Speech language path ss,0.00
G4035,,Thoracic surgery ss,0.00
G4036,,Urgent care ss,0.00
G4037,,Urology ss,0.00
G4038,,Vascular surgery ss,0.00
G6001,,Echo guidance radiotherapy,0.58
G6001,TC,Echo guidance radiotherapy,0.00
G6001,26,Echo guidance radiotherapy,0.58
G6002,,Stereoscopic x-ray guidance,0.39
G6002,TC,Stereoscopic x-ray guidance,0.00
G6002,26,Stereoscopic x-ray guidance,0.39
G6003,,Radiation treatment delivery,0.00
G6004,,Radiation treatment delivery,0.00
G6005,,Radiation treatment delivery,0.00
G6006,,Radiation treatment delivery,0.00
G6007,,Radiation treatment delivery,0.00
G6008,,Radiation treatment delivery,0.00
G6009,,Radiation treatment delivery,0.00
G6010,,Radiation treatment delivery,0.00
G6011,,Radiation treatment delivery,0.00
G6012,,Radiation treatment delivery,0.00
G6013,,Radiation treatment delivery,0.00
G6014,,Radiation treatment delivery,0.00
G6015,,Radiation tx delivery imrt,0.00
G6016,,Delivery comp imrt,0.00
G6017,,Intrafraction track motion,0.00
G8395,,Lvef>=40% doc normal or mild,0.00
G8396,,Lvef not performed,0.00
G8397,,Dil macula/fundus exam/w doc,0.00
G8399,,Pt w/dxa results document,0.00
G8400,,Pt w/dxa no results doc,0.00
G8404,,Low extemity neur exam docum,0.00
G8405,,Low extemity neur not perfor,0.00
G8410,,Eval on foot documented,0.00
G8415,,Eval on foot not performed,0.00
G8416,,Pt inelig footwear evaluatio,0.00
G8417,,Calc bmi abv up param f/u,0.00
G8418,,Calc bmi blw low param f/u,0.00
G8419,,Calc bmi out nrm param nof/u,0.00
G8420,,Calc bmi norm parameters,0.00
G8421,,Bmi not calculated,0.00
G8427,,Docrev cur meds by elig clin,0.00
G8428,,Cur meds not document,0.00
G8430,,Doc med rsn no medrec,0.00
G8431,,Pos clin depres scrn f/u doc,0.00
G8432,,"Dep scr not doc, rng",0.00
G8433,,Scr for dep not cpt doc rsn,0.00
G8450,,Beta-bloc rx pt w/abn lvef,0.00
G8451,,Pt w/abn lvef inelig b-bloc,0.00
G8452,,Pt w/abn lvef b-bloc no rx,0.00
G8465,,High risk recurrence pro ca,0.00
G8473,,Ace/arb thxpy rx'd,0.00
G8474,,Ace/arb not rx'd; doc reas,0.00
G8475,,Ace/arb thxpy not rx'd,0.00
G8476,,Bp sys <140 and dias <90,0.00
G8477,,Bp sys>=140 and/or dias >=90,0.00
G8478,,Bp not performed/doc,0.00
G8510,,"Scr dep neg, no plan reqd",0.00
G8511,,"Scr dep pos, no plan doc rng",0.00
G8535,,Eld maltreatment not doc,0.00
G8536,,No doc elder mal scrn,0.00
G8539,,Doc funct and care plan,0.00
G8540,,Foa not doc as being perf,0.00
G8541,,No doc cur funct assess,0.00
G8542,,Doc funct no deficiencies,0.00
G8543,,Cur funct asses; no care pln,0.00
G8559,,Pt ref doc oto eval,0.00
G8560,,Pt hx act drain prev 90 days,0.00
G8561,,Pt inelig for ref oto eval,0.00
G8562,,Pt no hx act drain 90 d,0.00
G8563,,Pt no ref oto reas no spec,0.00
G8564,,Pt ref oto eval,0.00
G8565,,Ver doc hear loss,0.00
G8566,,Pt inelig ref oto eval,0.00
G8567,,Pt no doc hear loss,0.00
G8568,,Pt no ref otolo no spec,0.00
G8569,,Prol intubation req,0.00
G8570,,No prol intub req,0.00
G8575,,Postop ren fail,0.00
G8576,,No postop ren fail,0.00
G8577,,Reop req bld grft oth,0.00
G8578,,No reop req bld grft oth,0.00
G8598,,Asa/antiplat ther used,0.00
G8599,,No asa/antiplat ther use rng,0.00
G8600,,Tpa initi w/in 4.5 hr,0.00
G8601,,No elig tpa init w/in 4.5 hr,0.00
G8602,,No tpa init w/in 4.5 hr,0.00
G8633,,Pharm ther osteo rx,0.00
G8635,,No pharm ther osteo rx,0.00
G8647,,Rafscrs ki scor >= 0,0.00
G8648,,Rafscrs ki scor < 0,0.00
G8650,,Rafs crs ki no scor no rsn,0.00
G8651,,Rafscrs hi scor >=0,0.00
G8652,,Rafscrs hi scor < 0,0.00
G8654,,Rafs crs hi no scor no surv,0.00
G8655,,Rafscrs llfai scor >= 0,0.00
G8656,,Rafscrs llfai scor < 0,0.00
G8658,,Rafscrs llfai no scor + surv,0.00
G8659,,Rafscrs lbi scor >= 0,0.00
G8660,,Rafscrs lbi scor < 0,0.00
G8661,,Rafscrs lbi no scor,0.00
G8662,,Rafs crs lbi no scor no surv,0.00
G8663,,Rafscrs si scor >= 0,0.00
G8664,,Rafscrs si scor < 0,0.00
G8666,,Rafs crs si no scor no surv,0.00
G8667,,Rafscrs ewh scor >= 0,0.00
G8668,,Rafscrs ewh scor < 0,0.00
G8670,,Rafs crs ewh no scor no surv,0.00
G8694,,Lvef <=40%,0.00
G8708,,Antibiotic not pres,0.00
G8709,,Uri ep compete diag,0.00
G8710,,Pt pres antibiotic,0.00
G8711,,Pres antibx on/within 3 day,0.00
G8712,,Not pres antibiotic,0.00
G8721,,"Pt, pn, hist grade doc",0.00
G8722,,"Med reas pt, pn, not doc",0.00
G8723,,Spec sit not prim tumor,0.00
G8724,,"Pt, pn, hist grade not doc",0.00
G8733,,Doc pos elder mal scrn plan,0.00
G8734,,Doc neg eld req,0.00
G8735,,Eld mal scrn pos no plan,0.00
G8749,,No signs melanoma,0.00
G8752,,Sys bp less 140,0.00
G8753,,Sys bp > or = 140,0.00
G8754,,Dias bp less 90,0.00
G8755,,Dias bp > or = 90,0.00
G8756,,No bp measure doc,0.00
G8783,,Bp scrn perf rec interval,0.00
G8785,,Bp scrn no perf at interval,0.00
G8797,,Specimen site not esophagus,0.00
G8798,,Specimen site not prostate,0.00
G8806,,Perf ultrsnd to lct preg doc,0.00
G8807,,No ta tv ultrasnd,0.00
G8808,,"Ultrasound not perf, rng",0.00
G8815,,Doc reas no statin therapy,0.00
G8816,,Statin med pres at disch,0.00
G8817,,Doc reas no statin med disch,0.00
G8826,,Pt disch home day #2 evar,0.00
G8833,,Pt not disch home day#2 evar,0.00
G8834,,Pt disch home day #2 cea,0.00
G8838,,Not disch home by day #2,0.00
G8839,,Sleep apnea assess,0.00
G8840,,Doc reas no sleep apnea,0.00
G8841,,No sleep apnea assess,0.00
G8842,,Ahi rdi rei doc win 2mo,0.00
G8843,,Doc reas no ahi rdi rei,0.00
G8844,,No ahi rdi rei ini dx no rsn,0.00
G8845,,Pos airway press prescribed,0.00
G8846,,Mod or severe osa,0.00
G8849,,Doc reas no pos air press,0.00
G8850,,No pap prescribed,0.00
G8851,,Adhere tx assess at lst ann,0.00
G8854,,Reas no adhere therapy,0.00
G8855,,Ther not assessed annually,0.00
G8856,,Ref for oto eval,0.00
G8857,,No elig ref for oto eval,0.00
G8858,,Not ref for oto eval,0.00
G8863,,No assess bone loss,0.00
G8864,,Pneumococcal vaccine admin,0.00
G8865,,Doc med reas no pneumococcal,0.00
G8866,,Doc pt reas no pneumococcal,0.00
G8867,,No pneumococcal admin,0.00
G8869,,Doc immune hep b antitnf,0.00
G8875,,Breast cancer dx min invsive,0.00
G8876,,Doc reas no min inv dx,0.00
G8877,,No brst cncr dx min invasive,0.00
G8878,,Sent lymph node biopsy,0.00
G8880,,Sen lym p node biop not perf,0.00
G8881,,Brst cncr stage > t1n0m0,0.00
G8882,,No sent lymph node biopsy,0.00
G8907,,Pt doc no events on discharg,0.00
G8908,,Pt doc w burn prior to d/c,0.00
G8909,,Pt doc no burn prior to d/c,0.00
G8910,,Pt doc to have fall in asc,0.00
G8911,,Pt doc no fall in asc,0.00
G8912,,Pt doc with wrong event,0.00
G8913,,Pt doc no wrong event,0.00
G8914,,Pt trans to hosp post d/c,0.00
G8915,,Pt not trans to hosp at d/c,0.00
G8916,,Pt w iv ab given on time,0.00
G8917,,Pt w iv ab not given on time,0.00
G8918,,Pt w/o preop order iv ab pro,0.00
G8923,,Lvef <= 40% or lvsd,0.00
G8924,,Spir res doc fev1/fvc<70%,0.00
G8934,,Lvef <=40% or dep lv sys fcn,0.00
G8935,,Rx ace or arb therapy,0.00
G8936,,Pt not eligible ace/arb,0.00
G8937,,No rx ace/arb therapy,0.00
G8942,,Doc fcn/care plan w/30 days,0.00
G8944,,Ajcc mel cnr stg 0 - iic,0.00
G8946,,Mibm but no dx of breast ca,0.00
G8950,,"Pre-htn or htn doc, f/u indc",0.00
G8952,,"Pre-htn/htn, no f/u, not gvn",0.00
G8955,,Most recent assess vol mgmt,0.00
G8956,,Pt rcv hedia outpt dyls fac,0.00
G8958,,Assess vol mgmt not doc,0.00
G8961,,Csit lowrisk surg pts preop,0.00
G8962,,Csit on pt any reas 30 days,0.00
G8967,,Warf or other fda drug presc,0.00
G8968,,Doc med not presb,0.00
G8969,,Doc pt rsn no presc warf/fda,0.00
G8970,,No rsk fac or 1 mod risk te,0.00
G9001,,"Mccd, initial rate",0.00
G9002,,"Mccd,maintenance rate",0.00
G9003,,"Mccd, risk adj hi, initial",0.00
G9004,,"Mccd, risk adj lo, initial",0.00
G9005,,"Mccd, risk adj, maintenance",0.00
G9006,,"Mccd, home monitoring",0.00
G9007,,"Mccd, sch team conf",0.00
G9008,,"Mccd,phys coor-care ovrsght",0.00
G9009,,"Mccd, risk adj, level 3",0.00
G9010,,"Mccd, risk adj, level 4",0.00
G9011,,"Mccd, risk adj, level 5",0.00
G9012,,Other specified case mgmt,0.00
G9013,,Esrd demo bundle level i,0.00
G9014,,Esrd demo bundle-level ii,0.00
G9016,,Demo-smoking cessation coun,0.00
G9037,,Intrpro req fr rec phys/qhcp,0.57
G9038,,Co-management services,0.71
G9050,,Oncology work-up evaluation,0.00
G9051,,Oncology tx decision-mgmt,0.00
G9052,,Onc surveillance for disease,0.00
G9053,,Onc expectant management pt,0.00
G9054,,Onc supervision palliative,0.00
G9055,,Onc visit unspecified nos,0.00
G9056,,Onc prac mgmt adheres guide,0.00
G9057,,Onc pract mgmt differs trial,0.00
G9058,,Onc prac mgmt disagree w/gui,0.00
G9059,,Onc prac mgmt pt opt alterna,0.00
G9060,,Onc prac mgmt dif pt comorb,0.00
G9061,,Onc prac cond noadd by guide,0.00
G9062,,Onc prac guide differs nos,0.00
G9063,,Onc dx nsclc stgi no progres,0.00
G9064,,Onc dx nsclc stg2 no progres,0.00
G9065,,Onc dx nsclc stg3a no progre,0.00
G9066,,Onc dx nsclc stg3b-4 metasta,0.00
G9067,,Onc dx nsclc dx unknown nos,0.00
G9068,,Onc dx sclc/nsclc limited,0.00
G9069,,Onc dx sclc/nsclc ext at dx,0.00
G9070,,Onc dx sclc/nsclc ext unknwn,0.00
G9071,,"Onc dx brst stg1-2b hr,nopro",0.00
G9072,,Onc dx brst stg1-2 noprogres,0.00
G9073,,"Onc dx brst stg3-hr, no pro",0.00
G9074,,Onc dx brst stg3-noprogress,0.00
G9075,,Onc dx brst metastic/ recur,0.00
G9077,,Onc dx prostate t1no progres,0.00
G9078,,Onc dx prostate t2no progres,0.00
G9079,,Onc dx prostate t3b-t4noprog,0.00
G9080,,Onc dx prostate w/rise psa,0.00
G9083,,Onc dx prostate unknwn nos,0.00
G9084,,"Onc dx colon t1-3,n1-2,no pr",0.00
G9085,,"Onc dx colon t4, n0 w/o prog",0.00
G9086,,Onc dx colon t1-4 no dx prog,0.00
G9087,,Onc dx colon metas evid dx,0.00
G9088,,Onc dx colon metas noevid dx,0.00
G9089,,Onc dx colon extent unknown,0.00
G9090,,Onc dx rectal t1-2 no progr,0.00
G9091,,Onc dx rectal t3 n0 no prog,0.00
G9092,,"Onc dx rectal t1-3,n1-2noprg",0.00
G9093,,"Onc dx rectal t4,n,m0 no prg",0.00
G9094,,Onc dx rectal m1 w/mets prog,0.00
G9095,,Onc dx rectal extent unknwn,0.00
G9096,,Onc dx esophag t1-t3 noprog,0.00
G9097,,Onc dx esophageal t4 no prog,0.00
G9098,,Onc dx esophageal mets recur,0.00
G9099,,Onc dx esophageal unknown,0.00
G9100,,Onc dx gastric no recurrence,0.00
G9101,,Onc dx gastric p r1-r2noprog,0.00
G9102,,Onc dx gastric unresectable,0.00
G9103,,Onc dx gastric recurrent,0.00
G9104,,Onc dx gastric unknown nos,0.00
G9105,,Onc dx pancreatc p r0 res no,0.00
G9106,,Onc dx pancreatc p r1/r2 no,0.00
G9107,,Onc dx pancreatic unresectab,0.00
G9108,,Onc dx pancreatic unknwn nos,0.00
G9109,,Onc dx head/neck t1-t2no prg,0.00
G9110,,Onc dx head/neck t3-4 noprog,0.00
G9111,,Onc dx head/neck m1 mets rec,0.00
G9112,,Onc dx head/neck ext unknown,0.00
G9113,,Onc dx ovarian stg1a-b no pr,0.00
G9114,,Onc dx ovarian stg1a-b or 2,0.00
G9115,,Onc dx ovarian stg3/4 noprog,0.00
G9116,,Onc dx ovarian recurrence,0.00
G9117,,Onc dx ovarian unknown nos,0.00
G9123,,Onc dx cml chronic phase,0.00
G9124,,Onc dx cml acceler phase,0.00
G9125,,Onc dx cml blast phase,0.00
G9126,,Onc dx cml remission,0.00
G9128,,Onc dx multi myeloma stage i,0.00
G9129,,Onc dx mult myeloma stg2 hig,0.00
G9130,,Onc dx multi myeloma unknown,0.00
G9131,,Onc dx brst unknown nos,0.00
G9132,,Onc dx prostate mets no cast,0.00
G9133,,Onc dx prostate clinical met,0.00
G9134,,Onc nhlstg 1-2 no relap no,0.00
G9135,,Onc dx nhl stg 3-4 not relap,0.00
G9136,,Onc dx nhl trans to lg bcell,0.00
G9137,,Onc dx nhl relapse/refractor,0.00
G9138,,Onc dx nhl stg unknown,0.00
G9139,,Onc dx cml dx status unknown,0.00
G9140,,Frontier extended stay demo,0.00
G9143,,Warfarin respon genetic test,0.00
G9147,,Outpt iv insulin tx any mea,0.00
G9148,,Medical home level 1,0.00
G9149,,Medical home level ii,0.00
G9150,,Medical home level iii,0.00
G9151,,Mapcp demo state,0.00
G9152,,Mapcp demo community,0.00
G9153,,Mapcp demo physician,0.00
G9156,,Evaluation for wheelchair,0.00
G9157,,Transesoph doppl cardiac mon,2.20
G9187,,Bpci home visit,0.18
G9188,,Beta not given no reason,0.00
G9189,,Beta pres or already taking,0.00
G9190,,Medical reason for no beta,0.00
G9191,,Pt reason for no beta,0.00
G9212,,Doc of dsm-iv init eval,0.00
G9213,,No doc of dsm-iv,0.00
G9223,,Pjp proph ordered cd4 low,0.00
G9225,,Norsn no foot exam,0.00
G9226,,3 comp foot exam completed,0.00
G9227,,"Foa doc, care plan not doc",0.00
G9228,,Gc chl syp documented,0.00
G9230,,Norsn for gc chl syp test,0.00
G9231,,Doc esrd dia trans preg,0.00
G9242,,Doc viral load >=200,0.00
G9243,,Doc viral load <200,0.00
G9246,,No enc or enc/vir ld 90days,0.00
G9247,,2 enc enc/vir ld 90d,0.00
G9254,,Doc pt dischg >2d,0.00
G9255,,Pt dc home 2nd po day,0.00
G9273,,Sys<140 and dia<90,0.00
G9274,,Bp out of nrml limits,0.00
G9275,,Doc of non tobacco user,0.00
G9276,,Doc of tobacco user,0.00
G9277,,Doc daily aspirin or contra,0.00
G9278,,Doc no daily aspirin,0.00
G9279,,Pne scrn done doc vac done,0.00
G9280,,Pne not given norsn,0.00
G9281,,Pne scrn done doc not ind,0.00
G9282,,Doc medrsn no histo type,0.00
G9283,,Hist type doc on report,0.00
G9284,,No hist type doc on report,0.00
G9285,,Site not small cell lung ca,0.00
G9286,,Antibio rx w in 10d of sympt,0.00
G9287,,No antibio w in 10d of sympt,0.00
G9288,,Doc medrsn no hist type rpt,0.00
G9289,,Doc type nsm lung ca,0.00
G9290,,No doc type nsm lung ca,0.00
G9291,,Not nsm lung ca,0.00
G9292,,Medrsn no pt category,0.00
G9293,,No pt category on report,0.00
G9294,,Pt cat and thck on report,0.00
G9295,,Non cutaneous loc,0.00
G9296,,Doc share dec prior proc,0.00
G9297,,No doc share dec prior proc,0.00
G9298,,Eval risk vte card 30d prior,0.00
G9299,,No eval risk vte card prior,0.00
G9305,,No interv req for leak,0.00
G9306,,Interv req for leak,0.00
G9307,,No ret for surg w in 30d,0.00
G9308,,Unpl ret or w/compl w/in 30d,0.00
G9309,,No unplnd hosp readm in 30d,0.00
G9310,,Unplnd hosp readm in 30d,0.00
G9311,,No surg site infection,0.00
G9312,,Surgical site infection,0.00
G9313,,Amoxic not presc as 1st line,0.00
G9314,,Norsn not first line amox,0.00
G9315,,Amox w/wo clav rx,0.00
G9316,,Doc comm risk calc,0.00
G9317,,No doc comm risk calc,0.00
G9318,,Image std nomenclature,0.00
G9319,,Image not std nomenclature,0.00
G9321,,Prev ct nuc med cnt doc 12mo,0.00
G9322,,No cnt ct nuc med doc 12mo,0.00
G9341,,Srch for ct w in 12 mos,0.00
G9342,,No srch for ct in 12mo norsn,0.00
G9344,,Sysrsn no dicom srch,0.00
G9345,,Follow up pulm nod,0.00
G9347,,No follow up pulm nod norsn,0.00
G9351,,Doc >1 sinus ct w 90d dx,0.00
G9352,,Not >1 sinus ct w 90d dx,0.00
G9353,,Medrsn >1 sinus ct w 90d dx,0.00
G9354,,1 or no ct sinus w/in 90d dx,0.00
G9355,,No early ind/delivery,0.00
G9356,,Early ind/delivery,0.00
G9357,,Pp eval/edu perf,0.00
G9358,,Pp eval/edu not perf,0.00
G9361,,Doc rsn elect c-sec/induct,0.00
G9364,,Sinus caus bac inx,0.00
G9367,,>= 2 same hi-rsk med ord,0.00
G9368,,>= 2 same hi-rsk med not ord,0.00
G9380,,Off assis eol iss,0.00
G9382,,No off assis eol,0.00
G9383,,Recd scrn hcv infec,0.00
G9384,,Doc med rsn no hcv scrn,0.00
G9385,,Doc pt reas not rec hcv srn,0.00
G9386,,Scrn hcv infec not recd,0.00
G9393,,Ini phq9 >9 remiss <5,0.00
G9394,,"Dx bipol, death, nhres, hosp",0.00
G9395,,Ini phq9 >9 no remiss >=5,0.00
G9396,,Ini phq9 >9 not assess,0.00
G9408,,Card tamp w/in 30d,0.00
G9409,,No card tamp e/in 30d,0.00
G9410,,Admit w/in 180d req remov,0.00
G9411,,No admit w/in 180d req remov,0.00
G9412,,Admit w/in 180d req surg rev,0.00
G9413,,No admit req surg rev,0.00
G9414,,1dose menig vac btwn 11 & 13,0.00
G9415,,No 1dose meni vac btwn 11&13,0.00
G9416,,Pt 1 tdap betw 10-13 yrs,0.00
G9417,,Pt not 1 tdap betw 10-13 yrs,0.00
G9418,,Lungcx bx rpt docs class,0.00
G9419,,Med reas not incl histo type,0.00
G9420,,Spec site no lung,0.00
G9421,,Lung cx bx rpt no doc class,0.00
G9422,,Rpt doc class histo type,0.00
G9423,,Med reas rpt no histo type,0.00
G9424,,Site no lung or lung cx,0.00
G9425,,Spec rpt no doc class histo,0.00
G9426,,Impr med time edarr pain med,0.00
G9427,,No impro med time pain med,0.00
G9428,,Patho rpt incl pt ctg,0.00
G9429,,Doc med rsn no pt cat,0.00
G9430,,Spec site no cutaneous,0.00
G9431,,Patho rpt no pt ctg,0.00
G9432,,Asth controlled,0.00
G9434,,Asth not controlled,0.00
G9452,,Doc med reas no hcv test,0.00
G9455,,"Abd imag w/us, ct or mri",0.00
G9456,,Doc med pt reas no hcc scrn,0.00
G9457,,Pt no abd img no doc rsn,0.00
G9468,,No recd cortico>=10mg/d >60d,0.00
G9470,,No rec cortico>60d 1rx 600mg,0.00
G9471,,W/in 2yr dxa not order,0.00
G9473,,Chap services at hospice,0.00
G9474,,Diet counsel at hospice,0.00
G9475,,Other counselor at hospice,0.00
G9476,,Volun service at hospice,0.00
G9477,,Care coord at hospice,0.00
G9478,,Othe therapist at hospice,0.00
G9479,,Pharmacist at hospice,0.00
G9480,,Admission to mccm,0.00
G9481,,Remote e/m new pt 10mins,0.48
G9482,,Remote e/m new pt 20mins,0.93
G9483,,Remote e/m new pt 30mins,1.42
G9484,,Remote e/m new pt 45mins,2.43
G9485,,Remote e/m new pt 60mins,3.17
G9486,,Remote e/m est. pt 10mins,0.48
G9487,,Remote e/m est. pt 15mins,0.97
G9488,,Remote e/m est. pt 25mins,1.50
G9489,,Remote e/m est. pt 40mins,2.11
G9490,,Cmmi mod home visit,0.18
G9497,,Rec inst no smoke day surg,0.00
G9498,,Abx reg prescribed,0.00
G9500,,Rad expos ind/exp tm doc,0.00
G9501,,Rad expos ind/exp tm no doc,0.00
G9502,,Med reas no perf foot exam,0.00
G9504,,Doc rsn hep b stat not asses,0.00
G9505,,Abx pres w/in 10 dys of symp,0.00
G9507,,Doc reas on statin or contra,0.00
G9508,,Doc pt not on statin,0.00
G9509,,Adit mdd dys rem 12 mnths,0.00
G9510,,Remis12m not phq-9 score <5,0.00
G9511,,Idx evt dte phq>9 doc 12 mo,0.00
G9512,,Indiv pdc > 0.8,0.00
G9513,,Indiv pdc not > 0.8,0.00
G9514,,Req ret or w/in 90d of surg,0.00
G9515,,"No reas, no ret or w/in 90d",0.00
G9516,,Impr vis acuit w/in 90d,0.00
G9517,,No impr vis acuit w/in 90d,0.00
G9518,,Doc active inj drug use,0.00
G9519,,Final ref +/- 1.0 w/in 90d,0.00
G9520,,Refract not +/- 1.0 w/in 90d,0.00
G9521,,Er and ip hosp <2 in 12 mos,0.00
G9522,,Er/ip hosp =/>2 in 12 mos,0.00
G9529,,Minor blunt trauma w/head ct,0.00
G9530,,Pt mbht hd ct ord ec prov,0.00
G9531,,Pt doc,0.00
G9533,,Indic for head ct not valid,0.00
G9537,,Img hd clin trial,0.00
G9539,,Intent pot remv time placemt,0.00
G9540,,Pt alive 3 mos post proc,0.00
G9541,,Filter rem 3 mon plmt,0.00
G9542,,Doc reass appr remo filt 3ms,0.00
G9543,,Doc 2x re-assess filt remov,0.00
G9544,,No filt remov w/in 3mos plcm,0.00
G9547,,Cys ren les or adren,0.00
G9548,,No f/u rec image study,0.00
G9549,,Doc med rsn for f/u imag,0.00
G9550,,Imag rec,0.00
G9551,,Imag no les,0.00
G9552,,Inc thyr node <1.0 in rpt,0.00
G9553,,Prior thyroid dise dx,0.00
G9554,,Ct/cta/mri/a chst foll rec,0.00
G9555,,Doc med rsn for follup image,0.00
G9556,,Ct/cta/mri/a no follup imag,0.00
G9557,,Ct/cta/mri/a no thyr <1.0cm,0.00
G9580,,Door to punc time <2hrs,0.00
G9582,,"Door to punc time >2hr, nrg",0.00
G9593,,Low pecarn ped head trauma,0.00
G9594,,Pt mbht hd ct ord ec prov,0.00
G9595,,Doc shnt/tum/coag,0.00
G9597,,No low pecarn ped head traum,0.00
G9598,,Aor ane 5.5-5.9 cm max diam,0.00
G9599,,Aor ane >=6.0 cm max diam,0.00
G9603,,Pt surv improv bsline tx,0.00
G9604,,Pt surv results not avail,0.00
G9605,,Surv score no improv w/tx,0.00
G9606,,Intraop cyst eval trac inj,0.00
G9607,,Doc med rsn not perf cystosc,0.00
G9608,,Intraop cyst eval not done,0.00
G9609,,Doc order anti-plat,0.00
G9610,,Doc md rsn no antipla,0.00
G9611,,No doc order anti-plat rng,0.00
G9621,,Scr unheal etoh w/counsel,0.00
G9622,,No unheal etoh user,0.00
G9624,,Pt not scrn or no counseling,0.00
G9625,,Pt bl srg 30 day pst srg,0.00
G9626,,Med rsn no rpt bladder inj,0.00
G9627,,Pt no bl srg 30 day pst srg,0.00
G9628,,Pt bwli srg 30 day pst srg,0.00
G9629,,Med rsn no rpt bowel inj,0.00
G9630,,Pt no bwli srg 30 day srg,0.00
G9637,,Doc >1 dose reduc tech,0.00
G9638,,No doc >1 dose reduc tech,0.00
G9642,,Current smoker,0.00
G9643,,Elective surgery,0.00
G9644,,No smok b/4 anes day of surg,0.00
G9645,,Had smoke b/4 anes day surg,0.00
G9646,,Pt w/90d mrs 0-2,0.00
G9648,,Pt w/90d mrs >2,0.00
G9649,,Psor as doc spc bm,0.00
G9651,,Psor as doc no spc bm,0.00
G9654,,Mon anesth care,0.00
G9655,,Toc tool incl key elem,0.00
G9656,,Pt trans from anest to pacu,0.00
G9658,,Toc tool incl elem not used,0.00
G9659,,>=86y scr colo nomed rsn,0.00
G9660,,Doc med rsn colo pt >= 86y,0.00
G9661,,Pt >= 86  w/ hi risk,0.00
G9662,,Prior dx/active clin ascvd,0.00
G9663,,Fast/dir ldl >= 190 mg/dl,0.00
G9664,,Taking statin or rec'd order,0.00
G9665,,No statin/no order statin,0.00
G9674,,Pt w/clin ascvd dx,0.00
G9675,,Pt w/fast/dir lab ldl-c >190,0.00
G9676,,40-75y w/type 1/2 w/ldl-c rs,0.00
G9679,,Acute care pneumonia,0.00
G9680,,Acute care congestive heart,0.00
G9681,,Acute care chronic obstruct,0.00
G9682,,Acute care skin infection,0.00
G9683,,Acute fluid/electro disorder,0.00
G9684,,Acute care urinary tract inf,0.00
G9685,,Acute nursing facility care,3.86
G9687,,Hospice anytime msmt per,0.00
G9688,,Pt w/hosp anytime msmt per,0.00
G9689,,Inpt elect carotid intervent,0.00
G9690,,Pt in hos,0.00
G9691,,Pt hosp dur msmt period,0.00
G9692,,Hosp recd by pt dur msmt per,0.00
G9693,,Pt use hosp during msmt per,0.00
G9694,,Hosp srv used pt in msmt per,0.00
G9695,,Long act inhal bronchdil pre,0.00
G9696,,Med rsn no presc bronchdil,0.00
G9698,,Sys rsn no presc bronchdil,0.00
G9699,,Long inhal bronchdil no pres,0.00
G9700,,Pt is w/hosp during msmt per,0.00
G9702,,Pt use hosp during msmt per,0.00
G9703,,Anbx 30 prior to episode,0.00
G9704,,Ajcc br ca stg i: t1 mic/t1a,0.00
G9705,,Ajcc br ca stg ib,0.00
G9706,,Low recur prost ca,0.00
G9708,,Bilat mast/hx bi /unilat mas,0.00
G9709,,Hosp srv used pt in msmt per,0.00
G9710,,Pt prov hosp srv msmt per,0.00
G9711,,Pt hx tot col or colon ca,0.00
G9712,,Doc med rsn presc anbx,0.00
G9713,,Pt use hosp during msmt per,0.00
G9714,,Pt is w/hosp during msmt per,0.00
G9716,,Bmi doc onl fup not cmpltd,0.00
G9717,,Doc pt dx bipol,0.00
G9719,,Pt not ambul/immob/wc,0.00
G9720,,Hospice anytime msmt per,0.00
G9721,,Pt not ambul/immob/wc,0.00
G9722,,Doc hx renal fail or cr+ >=4,0.00
G9723,,Hosp recd by pt dur msmt per,0.00
G9724,,Pt w/doc use anticoag mst yr,0.00
G9726,,Refused to participate,0.00
G9727,,Pt unable cmplt lepf prom,0.00
G9728,,Refused to participate,0.00
G9729,,Pt unbl cmplt lepf prom,0.00
G9730,,Refused to participate,0.00
G9731,,Pt unbl cmplt lepf prom,0.00
G9732,,Refused to participate,0.00
G9733,,Pt unbl cmplt lb fs prom,0.00
G9734,,Refused to participate,0.00
G9735,,Pt unbl cmplt shld fs prom,0.00
G9736,,Refused to participate,0.00
G9737,,Pt unbl cmplt ewh fs prom,0.00
G9740,,Hosp srv to pt dur msmt per,0.00
G9741,,Pt w/hosp anytime msmt per,0.00
G9744,,Pt not eli d/t act dig htn,0.00
G9745,,Doc rsn no hbp scrn or f/u,0.00
G9746,,"Mit sten, valve or trans af",0.00
G9752,,Urgent surgery,0.00
G9753,,"Doc no dicom, ct other fac",0.00
G9754,,Incid pulm nodule,0.00
G9755,,Doc med rsn no fllw up,0.00
G9756,,Surg proc w/silicone oil,0.00
G9757,,Surg proc w/silicone oil,0.00
G9758,,Pt in hos,0.00
G9761,,Pt w/hosp anytime msmt per,0.00
G9762,,Pt had >= 2-3 hpv vaccines,0.00
G9763,,Pt not have 2-3 hpv vaccines,0.00
G9764,,Pt treatd w/oral syst or bio,0.00
G9765,,Doc pat declined therapy,0.00
G9766,,Cva stroke dx tx transf fac,0.00
G9767,,Hosp new dx cva consid evst,0.00
G9768,,Pt w/hosp anytime msmt per,0.00
G9769,,Bn den 2yr/got ost med/ther,0.00
G9770,,Perip nerve block,0.00
G9771,,"Anes end, 1 temp >35.5(95.9)",0.00
G9772,,Doc med rsn no temp >= 35.5,0.00
G9773,,1 bod temp >=35.5,0.00
G9775,,Recd 2 anti-emet pre/intraop,0.00
G9776,,Doc med rsn no proph antiem,0.00
G9777,,Pt no antiemet pre/intraop,0.00
G9779,,Pts breastfeeding,0.00
G9780,,Pts dx w/rhabdomyolysis,0.00
G9781,,Doc rsn no statin,0.00
G9782,,Hx dx fam/pure hypercholes,0.00
G9784,,Path/derm prov 2nd biop opin,0.00
G9785,,Path report sent,0.00
G9786,,Path report not sent,0.00
G9787,,Pt alive,0.00
G9788,,Most rct bp </= 140/90,0.00
G9789,,"Record bp ip, er, urg/self",0.00
G9790,,Most rct bp >/= 140/90,0.00
G9791,,Most rct tob stat free,0.00
G9792,,Most rct tob stat not free,0.00
G9793,,Pt on daily asa/antiplat,0.00
G9794,,Doc med rsn no daily aspirin,0.00
G9795,,Pt no daily asa/antiplat,0.00
G9796,,Pt not currently on statin,0.00
G9797,,Pt currently on statin,0.00
G9805,,Pt w/hosp anytime msmt per,0.00
G9806,,Pt recd cerv cyto/hpv,0.00
G9807,,Pt no recd cerv cyto/hpv,0.00
G9812,,Pt died during inpt/30d aft,0.00
G9813,,Pt not died w/in 30d of proc,0.00
G9818,,Doc sex activity,0.00
G9819,,Pt w/hosp anytime msmt per,0.00
G9820,,Doc chlam scr test w/follow,0.00
G9821,,No doc chlam scr ts w/follow,0.00
G9822,,Endo abl proc yr prev ind dt,0.00
G9823,,Endo smpl/hyst bx res doc,0.00
G9824,,Endo smpl/hyst bx res no doc,0.00
G9830,,Her-2 pos,0.00
G9831,,Ajcc stg brt ca dx ii or iii,0.00
G9832,,"Brt ca dx i, no t1/t1a/t1b",0.00
G9838,,Pt met dis at dx,0.00
G9839,,Anti-egfr mon anti ther,0.00
G9840,,Gene testing performed,0.00
G9841,,Gene testing not performed,0.00
G9842,,Pt met dis at dx,0.00
G9843,,Kras or nras gene mutation,0.00
G9844,,Pt no recd anti-egfr ther,0.00
G9845,,Pt recd anti-egfr ther,0.00
G9846,,Pt died from cancer,0.00
G9847,,Pt recd chemo last 14d life,0.00
G9848,,Pt no chemo last 14d life,0.00
G9858,,Pt enroll hospice,0.00
G9859,,Pt died from cancer,0.00
G9860,,Pt less 3d hospice,0.00
G9861,,Pt more than 3d hospice,0.00
G9862,,Doc rsn no 10 yr follow,0.00
G9868,,Cmmi asyntelehealth <10min,0.80
G9869,,Cmmi asyntelehealth 10-20min,1.07
G9870,,Cmmi asyntelehealth >20min,1.34
G9873,,1 em core session,0.00
G9874,,4 em core sessions,0.00
G9875,,9 em core sessions,0.00
G9876,,2 em core ms mo 7-9 no wl,0.00
G9877,,2 em core ms mo 10-12 no wl,0.00
G9878,,2 em core ms mo 7-9 wl,0.00
G9879,,2 em core ms mo 10-12 wl,0.00
G9880,,Em 5 percent wl,0.00
G9881,,Em 9 percent wl,0.00
G9882,,2 em ongoing ms mo 13-15 wl,0.00
G9883,,2 em ongoing ms mo 16-18 wl,0.00
G9884,,2 em ongoing ms mo 19-21 wl,0.00
G9885,,2 em ongoing ms mo 22-24 wl,0.00
G9886,,In-person attendance g code,0.00
G9887,,Distance learning attendance,0.00
G9888,,5% wl maintnd from bsline wt,0.00
G9890,,Em bridge payment,0.00
G9891,,Em session reporting,0.00
G9894,,Adr dep thrpy prescribed,0.00
G9895,,Doc med rsn no adr dep thrpy,0.00
G9896,,Doc pt rsn no adr dep thrpy,0.00
G9897,,Pt nt prsc adr dep thrpy rng,0.00
G9898,,Pt 66+ snp or ltc pos > 90d,0.00
G9899,,Scrn mam perf rslts doc,0.00
G9900,,Scrn mam perf rslts not doc,0.00
G9901,,Pt 66+ snp or ltc pos > 90d,0.00
G9902,,Pt scrn tbco and id as user,0.00
G9903,,Pt scrn tbco id as non user,0.00
G9905,,No pt tbco scrn rng,0.00
G9906,,Pt recv tbco cess interv,0.00
G9908,,No pt tbco cess interv rng,0.00
G9910,,Pt 66+ snp or ltc pos > 90d,0.00
G9911,,Node neg pre/post syst ther,0.00
G9912,,Hbv status assesed and int,0.00
G9913,,No hbv status assesd and int,0.00
G9914,,Pt initiated anti-tnf agent,0.00
G9915,,No documntd hbv results rcd,0.00
G9916,,Funct status past 12 months,0.00
G9917,,Adv dem crgvr limited,0.00
G9918,,"No funct stat perf, rsn nos",0.00
G9919,,Scrn nd pos nd prov of rec,0.00
G9920,,Scrning perf and negative,0.00
G9922,,Sfty cncrns scrn nd mit recs,0.00
G9923,,Safty cncrns scrn and neg,0.00
G9925,,No scrn prov rsn nos,0.00
G9926,,Sfty cncrns scrn but no recs,0.00
G9928,,No warf or fda drug presc,0.00
G9929,,Trs/rev af,0.00
G9930,,Com care,0.00
G9931,,No chad or chad scr 0 or 1,0.00
G9938,,Pt 66+ snp or ltc pos > 90d,0.00
G9939,,Same path/derm perf biopsy,0.00
G9940,,Doc reas no statin therapy,0.00
G9943,,Bk pn nt msr vas scl pre/pst,0.00
G9945,,Pt w/cancer scoliosis,0.00
G9946,,Bk pain no vas,0.00
G9949,,Leg pain no vas,0.00
G9954,,Pt >2 rsk fac post-op vomit,0.00
G9955,,Inhlnt anesth only for induc,0.00
G9956,,Combo thrpy of >= 2 prophly,0.00
G9957,,Doc med rsn no combo thrpy,0.00
G9958,,No combo prohpyl thrp for pt,0.00
G9959,,Systemic antimicro not presc,0.00
G9960,,Med rsn sys antimi nt rx,0.00
G9961,,Systemic antimicro presc,0.00
G9962,,Embolization doc separatly,0.00
G9963,,Embolization not doc separat,0.00
G9964,,Pt recv >=1 well-chld visit,0.00
G9965,,No well-chld vist recv by pt,0.00
G9968,,Pt refrd 2 pvdr/spclst in pp,0.00
G9969,,Pvdr rfrd pt rprt rcvd,0.00
G9970,,Pvdr rfrd pt no rprt rcvd,0.00
G9978,,Remote e/m new pt 10mins,0.48
G9979,,Remote e/m new pt 20mins,0.93
G9980,,Remote e/m new pt 30 mins,1.42
G9981,,Remote e/m new pt 45mins,2.43
G9982,,Remote e/m new pt 60mins,3.17
G9983,,Remote e/m est. pt 10mins,0.48
G9984,,Remote e/m est. pt  15mins,0.97
G9985,,Remote e/m est. pt 25mins,1.50
G9986,,Remote e/m est. pt 40mins,2.11
G9987,,Bpci advanced in home visit,0.18
G9988,,Pall serv during meas,0.00
G9992,,Pall serv during meas,0.00
G9993,,Pall serv during meas,0.00
G9994,,Pall serv during meas,0.00
G9996,,Doc pt pal or hospice,0.00
G9997,,Doc pt preg dur msrmt pd,0.00
G9998,,Doc med rsn <3 colon,0.00
G9999,,Doc sys rsn <3 colon,0.00
H0001,,Alcohol and/or drug assess,0.00
H0002,,Alcohol and/or drug screenin,0.00
H0003,,Alcohol and/or drug screenin,0.00
H0004,,Alcohol and/or drug services,0.00
H0005,,Alcohol and/or drug services,0.00
H0006,,Alcohol and/or drug services,0.00
H0007,,Alcohol and/or drug services,0.00
H0008,,Alcohol and/or drug services,0.00
H0009,,Alcohol and/or drug services,0.00
H0010,,Alcohol and/or drug services,0.00
H0011,,Alcohol and/or drug services,0.00
H0012,,Alcohol and/or drug services,0.00
H0013,,Alcohol and/or drug services,0.00
H0014,,Alcohol and/or drug services,0.00
H0015,,Alcohol and/or drug services,0.00
H0016,,Alcohol and/or drug services,0.00
H0017,,Alcohol and/or drug services,0.00
H0018,,Alcohol and/or drug services,0.00
H0019,,Alcohol and/or drug services,0.00
H0020,,Alcohol and/or drug services,0.00
H0021,,Alcohol and/or drug training,0.00
H0022,,Alcohol and/or drug interven,0.00
H0023,,Alcohol and/or drug outreach,0.00
H0024,,Alcohol and/or drug preventi,0.00
H0025,,Alcohol and/or drug preventi,0.00
H0026,,Alcohol and/or drug preventi,0.00
H0027,,Alcohol and/or drug preventi,0.00
H0028,,Alcohol and/or drug preventi,0.00
H0029,,Alcohol and/or drug preventi,0.00
H0030,,Alcohol and/or drug hotline,0.00
H0031,,Mh health assess by non-md,0.00
H0032,,Mh svc plan dev by non-md,0.00
H0033,,Oral med adm direct observe,0.00
H0034,,Med trng & support per 15min,0.00
H0035,,Mh partial hosp tx under 24h,0.00
H0036,,Comm psy face-face per 15min,0.00
H0037,,Comm psy sup tx pgm per diem,0.00
H0038,,Self-help/peer svc per 15min,0.00
H0039,,Asser com tx face-face/15min,0.00
H0040,,Assert comm tx pgm per diem,0.00
H0041,,Fos c chld non-ther per diem,0.00
H0042,,Fos c chld non-ther per mon,0.00
H0043,,"Supported housing, per diem",0.00
H0044,,"Supported housing, per month",0.00
H0045,,Respite not-in-home per diem,0.00
H0046,,"Mental health service, nos",0.00
H0047,,Alcohol/drug abuse svc nos,0.00
H0048,,Spec coll non-blood:a/d test,0.00
H0049,,Alcohol/drug screening,0.00
H0050,,Alcohol/drug service 15 min,0.00
H0051,,Traditional healing service,0.00
H0052,,Mmip mental health and care,0.00
H0053,,Ht mental health and care,0.00
H1000,,Prenatal care atrisk assessm,0.00
H1001,,Antepartum management,0.00
H1002,,Carecoordination prenatal,0.00
H1003,,Prenatal at risk education,0.00
H1004,,Follow up home visit/prental,0.00
H1005,,Prenatalcare enhanced srv pk,0.00
H1010,,Nonmed family planning ed,0.00
H1011,,Family assessment,0.00
H2000,,Comp multidisipln evaluation,0.00
H2001,,Rehabilitation program 1/2 d,0.00
H2010,,Comprehensive med svc 15 min,0.00
H2011,,"Crisis interven svc, 15 min",0.00
H2012,,"Behav hlth day treat, per hr",0.00
H2013,,"Psych hlth fac svc, per diem",0.00
H2014,,"Skills train and dev, 15 min",0.00
H2015,,"Comp comm supp svc, 15 min",0.00
H2016,,"Comp comm supp svc, per diem",0.00
H2017,,"Psysoc rehab svc, per 15 min",0.00
H2018,,"Psysoc rehab svc, per diem",0.00
H2019,,"Ther behav svc, per 15 min",0.00
H2020,,"Ther behav svc, per diem",0.00
H2021,,"Com wrap-around sv, 15 min",0.00
H2022,,"Com wrap-around sv, per diem",0.00
H2023,,"Supported employ, per 15 min",0.00
H2024,,"Supported employ, per diem",0.00
H2025,,"Supp maint employ, 15 min",0.00
H2026,,"Supp maint employ, per diem",0.00
H2027,,"Psychoed svc, per 15 min",0.00
H2028,,"Sex offend tx svc, 15 min",0.00
H2029,,"Sex offend tx svc, per diem",0.00
H2030,,"Mh clubhouse svc, per 15 min",0.00
H2031,,"Mh clubhouse svc, per diem",0.00
H2032,,"Activity therapy, per 15 min",0.00
H2033,,Multisys ther/juvenile 15min,0.00
H2034,,"A/d halfway house, per diem",0.00
H2035,,"A/d tx program, per hour",0.00
H2036,,"A/d tx program, per diem",0.00
H2037,,"Dev delay prev dp ch, 15 min",0.00
H2038,,Skill train and dev/diem,0.00
H2040,,"Coord specialty care, month",0.00
H2041,,Coord special care encounter,0.00
J0120,,Tetracyclin injection,0.00
J0121,,"Inj., omadacycline, 1 mg",0.00
J0122,,"Inj., eravacycline, 1 mg",0.00
J0129,,Abatacept injection,0.00
J0130,,Abciximab injection,0.00
J0131,,"Inj, acetaminophen (nos)",0.00
J0132,,Acetylcysteine injection,0.00
J0133,,Acyclovir injection,0.00
J0134,,Inj acetaminophen -fresenius,0.00
J0136,,"Inj, acetaminophen (b braun)",0.00
J0137,,"Inj, acetaminophen (hikma)",0.00
J0138,,Inj acetaminoph 10mg/ibu 3mg,0.00
J0139,,"Inj, adalimumab, 1 mg",0.00
J0153,,Adenosine inj 1mg,0.00
J0171,,Adrenalin epinephrine inject,0.00
J0172,,"Inj, aducanumab-avwa, 2 mg",0.00
J0173,,"Inj, epinephrine (belcher)",0.00
J0174,,"Inj, lecanemab-irmb, 1 mg",0.00
J0175,,"Inj, donanemab-azbt, 2 mg",0.00
J0177,,"Inj, aflibercept hd, 1 mg",0.00
J0178,,Aflibercept injection,0.00
J0179,,"Inj, brolucizumab-dbll, 1 mg",0.00
J0180,,Agalsidase beta injection,0.00
J0184,,"Inj, amisulpride, 1 mg",0.00
J0185,,"Inj., aprepitant, 1 mg",0.00
J0190,,Inj biperiden lactate/5 mg,0.00
J0200,,Alatrofloxacin mesylate,0.00
J0202,,"Injection, alemtuzumab",0.00
J0205,,Alglucerase injection,0.00
J0206,,Inj allopurinol sodium 1 mg,0.00
J0207,,Amifostine,0.00
J0208,,"Inj, pedmark, 100 mg",0.00
J0209,,"Inj, sod thiosulfate (hope)",0.00
J0210,,Methyldopate hcl injection,0.00
J0211,,"Inj, nithiodote, 3mg / 125mg",0.00
J0215,,Alefacept,0.00
J0216,,"Inj, alfentanil hcl, 500mcg",0.00
J0217,,Inj velmanase alfa-tycv 1 mg,0.00
J0218,,Inj olipudase alfa-rpcp 1mg,0.00
J0219,,Inj aval alfa-nqpt 4mg,0.00
J0220,,Alglucosidase alfa injection,0.00
J0221,,Lumizyme injection,0.00
J0222,,"Inj., patisiran, 0.1 mg",0.00
J0223,,Inj givosiran 0.5 mg,0.00
J0224,,"Inj. lumasiran, 0.5 mg",0.00
J0225,,"Inj, vutrisiran, 1 mg",0.00
J0248,,"Inj, remdesivir, 1 mg",0.00
J0256,,Alpha 1 proteinase inhibitor,0.00
J0257,,Glassia injection,0.00
J0270,,Alprostadil for injection,0.00
J0275,,Alprostadil urethral suppos,0.00
J0278,,Amikacin sulfate injection,0.00
J0280,,Aminophyllin 250 mg inj,0.00
J0282,,Amiodarone hcl,0.00
J0283,,"Inj, amiodarone (nexterone)",0.00
J0285,,Amphotericin b,0.00
J0287,,Amphotericin b lipid complex,0.00
J0288,,Ampho b cholesteryl sulfate,0.00
J0289,,Amphotericin b liposome inj,0.00
J0290,,Ampicillin 500 mg inj,0.00
J0291,,"Inj., plazomicin, 5 mg",0.00
J0295,,Ampicillin sulbactam 1.5 gm,0.00
J0300,,Amobarbital 125 mg inj,0.00
J0330,,Succinycholine chloride inj,0.00
J0348,,Anidulafungin injection,0.00
J0349,,"Inj, rezafungin, 1 mg",0.00
J0350,,Injection anistreplase 30 u,0.00
J0360,,Hydralazine hcl injection,0.00
J0364,,Apomorphine hydrochloride,0.00
J0365,,"Aprotonin, 10,000 kiu",0.00
J0380,,Inj metaraminol bitartrate,0.00
J0390,,Chloroquine injection,0.00
J0391,,"Inj, artesunate, 1mg",0.00
J0395,,Arbutamine hcl injection,0.00
J0400,,Aripiprazole injection,0.00
J0401,,"Inj, abilify maintena, 1 mg",0.00
J0402,,"Inj, abilify asimtufii, 1 mg",0.00
J0456,,Azithromycin,0.00
J0457,,"Injection, aztreonam, 100 mg",0.00
J0461,,Atropine sulfate injection,0.00
J0470,,Dimecaprol injection,0.00
J0475,,Baclofen 10 mg injection,0.00
J0476,,Baclofen intrathecal trial,0.00
J0480,,Basiliximab,0.00
J0485,,Belatacept injection,0.00
J0490,,Belimumab injection,0.00
J0491,,Inj anifrolumab-fnia 1mg,0.00
J0500,,Dicyclomine injection,0.00
J0515,,Inj benztropine mesylate,0.00
J0517,,"Inj., benralizumab, 1 mg",0.00
J0520,,Bethanechol chloride inject,0.00
J0558,,Peng benzathine/procaine inj,0.00
J0561,,Penicillin g benzathine inj,0.00
J0565,,"Inj, bezlotoxumab, 10 mg",0.00
J0567,,"Inj., cerliponase alfa 1 mg",0.00
J0571,,Buprenorphine oral 1mg,0.00
J0572,,Bupren/nal up to 3mg bupreno,0.00
J0573,,Bupren/nal 3.1 to 6mg bupren,0.00
J0574,,Bupren/nal 6.1 to 10mg bupre,0.00
J0575,,Bupren/nal over 10mg bupreno,0.00
J0577,,"Inj, brixadi, 7 days or less",0.00
J0578,,"Inj brixadi, more than 7 day",0.00
J0583,,Bivalirudin,0.00
J0584,,"Injection, burosumab-twza 1m",0.00
J0585,,"Injection,onabotulinumtoxina",0.00
J0586,,Abobotulinumtoxina,0.00
J0587,,"Inj, rimabotulinumtoxinb",0.00
J0588,,Incobotulinumtoxin a,0.00
J0589,,Inj daxibotulinumtoxina-lanm,0.00
J0591,,"Inj deoxycholic acid, 1 mg",0.00
J0592,,Buprenorphine hydrochloride,0.00
J0593,,"Inj., lanadelumab-flyo, 1 mg",0.00
J0594,,Busulfan injection,0.00
J0595,,Butorphanol tartrate 1 mg,0.00
J0596,,"Injection, ruconest",0.00
J0597,,"C-1 esterase, berinert",0.00
J0598,,"C-1 esterase, cinryze",0.00
J0599,,"Inj., haegarda 10 units",0.00
J0600,,Edetate calcium disodium inj,0.00
J0601,,Sevelamer carbonate 20 mg,0.00
J0602,,Sevelamer carbonate pdr 20mg,0.00
J0603,,Sevelamer hydrochloride 20mg,0.00
J0604,,"Cinacalcet, esrd on dialysis",0.00
J0605,,Sucroferric oxyhydroxide 5mg,0.00
J0606,,"Inj, etelcalcetide, 0.1 mg",0.00
J0607,,Lanthanum carbonate oral 5mg,0.00
J0608,,Lanthanum carbonate pwdr 5mg,0.00
J0609,,Ferric citrate orl 3 mg iron,0.00
J0612,,"Inj, calcium gluconate, nos",0.00
J0613,,Calcium glucon (wg critical),0.00
J0615,,"Calcium acetate, oral, 23 mg",0.00
J0620,,Calcium glycer & lact/10 ml,0.00
J0630,,Calcitonin salmon injection,0.00
J0636,,Inj calcitriol per 0.1 mcg,0.00
J0637,,Caspofungin acetate,0.00
J0638,,Canakinumab injection,0.00
J0640,,Leucovorin calcium injection,0.00
J0641,,Inj levoleucovorin nos 0.5mg,0.00
J0642,,"Injection, khapzory, 0.5 mg",0.00
J0650,,"Inj, levothyroxine nos 10mcg",0.00
J0651,,"Inj, levothyroxine, freskabi",0.00
J0652,,"Inj, levothyroxine, hikma",0.00
J0665,,"Inj, bupivacaine, nos, 0.5mg",0.00
J0666,,"Inj, bupivacaine liposome",0.00
J0670,,Inj mepivacaine hcl/10 ml,0.00
J0687,,Inj cefazolin (wg crit care),0.00
J0688,,"Inj cefazolin sodium, hikma",0.00
J0689,,"Inj cefazolin sodium, baxter",0.00
J0690,,Cefazolin sodium injection,0.00
J0691,,Inj lefamulin 1 mg,0.00
J0692,,Cefepime hcl for injection,0.00
J0694,,Cefoxitin sodium injection,0.00
J0695,,Inj ceftolozane tazobactam,0.00
J0696,,Ceftriaxone sodium injection,0.00
J0697,,Sterile cefuroxime injection,0.00
J0698,,Cefotaxime sodium injection,0.00
J0699,,"Inj, cefiderocol, 10 mg",0.00
J0701,,Inj. cefepime hcl (baxter),0.00
J0702,,Betamethasone acet&sod phosp,0.00
J0703,,"Inj, cefepime hcl (b braun)",0.00
J0706,,Caffeine citrate injection,0.00
J0710,,Cephapirin sodium injection,0.00
J0712,,Ceftaroline fosamil inj,0.00
J0713,,Inj ceftazidime per 500 mg,0.00
J0714,,Ceftazidime and avibactam,0.00
J0715,,Ceftizoxime sodium / 500 mg,0.00
J0716,,Centruroides immune f(ab),0.00
J0717,,Certolizumab pegol inj 1mg,0.00
J0720,,Chloramphenicol sodium injec,0.00
J0725,,Chorionic gonadotropin/1000u,0.00
J0735,,Clonidine hydrochloride,0.00
J0736,,"Inj, clindamycin phosp 300mg",0.00
J0737,,"Inj, clindamycin (baxter)",0.00
J0739,,"Hiv prep, inj, cabotegravir",0.00
J0740,,Cidofovir injection,0.00
J0741,,"Inj, cabote rilpivir 2mg 3mg",0.00
J0742,,Inj imip 4 cilas 4 releb 2mg,0.00
J0743,,Cilastatin sodium injection,0.00
J0744,,Ciprofloxacin iv,0.00
J0745,,Inj codeine phosphate /30 mg,0.00
J0750,,"Hiv prep, ftc/tdf 200/300mg",0.00
J0751,,"Hiv prep, ftc/taf 200/25mg",0.00
J0770,,Colistimethate sodium inj,0.00
J0775,,"Collagenase, clost hist inj",0.00
J0780,,Prochlorperazine injection,0.00
J0791,,Inj crizanlizumab-tmca 5mg,0.00
J0795,,Corticorelin ovine triflutal,0.00
J0799,,"Hiv prep, fda approved, noc",0.00
J0801,,Inj. acthar gel to 40 units,0.00
J0802,,"Inj. (ani), up to 40 units",0.00
J0834,,"Inj., cosyntropin, 0.25 mg",0.00
J0840,,Crotalidae poly immune fab,0.00
J0841,,Inj crotalidae im f(ab')2 eq,0.00
J0850,,Cytomegalovirus imm iv /vial,0.00
J0870,,"Injection, imetelstat, 1 mg",0.00
J0872,,Daptomycin (xellia) unrefrig,0.00
J0873,,Inj daptomycin (xellia),0.00
J0874,,"Inj, daptomycin (baxter)",0.00
J0875,,"Injection, dalbavancin",0.00
J0877,,"Inj, daptomycin (hospira)",0.00
J0878,,Daptomycin injection,0.00
J0879,,"Difelikefalin, esrd on dialy",0.00
J0881,,"Darbepoetin alfa, non-esrd",0.00
J0882,,"Darbepoetin alfa, esrd use",0.00
J0883,,Argatroban nonesrd use 1mg,0.00
J0884,,Argatroban esrd dialysis 1mg,0.00
J0885,,"Epoetin alfa, non-esrd",0.00
J0887,,Epoetin beta esrd use,0.00
J0888,,Epoetin beta non esrd,0.00
J0889,,Daprodustat oral 1mg esrd,0.00
J0890,,Peginesatide injection,0.00
J0891,,Argatroban nonesrd (accord),0.00
J0892,,Argatroban dialysis (accord),0.00
J0893,,"Inj, decitabine (sun pharma)",0.00
J0894,,Decitabine injection,0.00
J0895,,Deferoxamine mesylate inj,0.00
J0896,,Inj luspatercept-aamt 0.25mg,0.00
J0897,,Denosumab injection,0.00
J0898,,Argatroban nonesrd (auromed),0.00
J0899,,"Argatroban dialysis, auromed",0.00
J0901,,Vadadustat oral 1mg for esrd,0.00
J0911,,Inst tauro 1.35mg/hep 100u,0.00
J0945,,Brompheniramine maleate inj,0.00
J1000,,Depo-estradiol cypionate inj,0.00
J1010,,"Inj, methylpred acetate 1 mg",0.00
J1050,,Medroxyprogesterone acetate,0.00
J1071,,Inj testosterone cypionate,0.00
J1094,,Inj dexamethasone acetate,0.00
J1095,,"Injection, dexamethasone 9%",0.00
J1096,,Dexametha opth insert 0.1 mg,0.00
J1097,,Phenylep ketorolac opth soln,0.00
J1100,,Dexamethasone sodium phos,0.00
J1105,,"Dexmedetomidine film, 1 mcg",0.00
J1110,,Inj dihydroergotamine mesylt,0.00
J1120,,Acetazolamid sodium injectio,0.00
J1130,,Inj diclofenac sodium 0.5mg,0.00
J1160,,Digoxin injection,0.00
J1162,,Digoxin immune fab (ovine),0.00
J1165,,Phenytoin sodium injection,0.00
J1171,,"Inj, hydromorphone, 0.1 mg",0.00
J1180,,Dyphylline injection,0.00
J1190,,Dexrazoxane hcl injection,0.00
J1200,,Diphenhydramine hcl injectio,0.00
J1201,,Inj. cetirizine hcl 0.5mg,0.00
J1202,,Miglustat oral 65 mg,0.00
J1203,,"Inj, cipaglucosidase, 5 mg",0.00
J1205,,Chlorothiazide sodium inj,0.00
J1212,,Dimethyl sulfoxide 50% 50 ml,0.00
J1230,,Methadone injection,0.00
J1240,,Dimenhydrinate injection,0.00
J1245,,Dipyridamole injection,0.00
J1250,,Inj dobutamine hcl/250 mg,0.00
J1260,,Dolasetron mesylate,0.00
J1265,,Dopamine injection,0.00
J1267,,Doripenem injection,0.00
J1270,,"Injection, doxercalciferol",0.00
J1290,,Ecallantide injection,0.00
J1300,,Eculizumab injection,0.00
J1301,,"Injection, edaravone, 1 mg",0.00
J1302,,"Inj, sutimlimab-jome, 10 mg",0.00
J1303,,"Inj., ravulizumab-cwvz 10 mg",0.00
J1304,,Inj tofersen intrathec 1 mg,0.00
J1305,,"Inj, evinacumab-dgnb, 5mg",0.00
J1306,,"Injection, inclisiran, 1 mg",0.00
J1307,,"Inj, crovalimab-akkz, 10 mg",0.00
J1320,,Amitriptyline injection,0.00
J1322,,"Elosulfase alfa, injection",0.00
J1323,,"Inj, elranatamab-bcmm, 1 mg",0.00
J1324,,Enfuvirtide injection,0.00
J1325,,Epoprostenol injection,0.00
J1327,,Eptifibatide injection,0.00
J1330,,Ergonovine maleate injection,0.00
J1335,,Ertapenem injection,0.00
J1364,,Erythro lactobionate /500 mg,0.00
J1380,,Estradiol valerate 10 mg inj,0.00
J1410,,Inj estrogen conjugate 25 mg,0.00
J1411,,"Inj, hemgenix, per tx dose",0.00
J1412,,Inj roctavian ml 2x10^13vc g,0.00
J1413,,Inj delandistrogene mox rokl,0.00
J1414,,"Inj, beqvez, per tx dose",0.00
J1426,,"Injection, casimersen, 10 mg",0.00
J1427,,Inj. viltolarsen,0.00
J1428,,"Inj, eteplirsen, 10 mg",0.00
J1429,,Inj golodirsen 10 mg,0.00
J1430,,Ethanolamine oleate 100 mg,0.00
J1434,,"Inj, focinvez, 1mg",0.00
J1435,,Injection estrone per 1 mg,0.00
J1436,,Etidronate disodium inj,0.00
J1437,,Inj. fe derisomaltose 10 mg,0.00
J1438,,Etanercept injection,0.00
J1439,,Inj ferric carboxymaltos 1mg,0.00
J1440,,Fecal microbiota jslm 1 ml,0.00
J1442,,Inj filgrastim excl biosimil,0.00
J1443,,Inj ferric pyrophosphate cit,0.00
J1444,,Fe pyro cit pow 0.1 mg iron,0.00
J1445,,Inj triferic avnu 0.1mg iron,0.00
J1447,,Inj tbo filgrastim 1 microg,0.00
J1448,,"Injection, trilaciclib, 1mg",0.00
J1449,,Inj eflapegrastim-xnst 0.1mg,0.00
J1450,,Fluconazole,0.00
J1451,,"Fomepizole, 15 mg",0.00
J1452,,Intraocular fomivirsen na,0.00
J1453,,Fosaprepitant injection,0.00
J1454,,"Inj fosnetupitant, palonoset",0.00
J1455,,Foscarnet sodium injection,0.00
J1456,,"Inj, fosaprepitant (teva)",0.00
J1457,,Gallium nitrate injection,0.00
J1458,,Galsulfase injection,0.00
J1459,,Inj ivig privigen 500 mg,0.00
J1460,,Gamma globulin 1 cc inj,0.00
J1551,,Inj cutaquig 100 mg,0.00
J1552,,"Inj, alyglo, 500 mg",0.00
J1554,,Inj. asceniv,0.00
J1555,,"Inj cuvitru, 100 mg",0.00
J1556,,"Inj, imm glob bivigam, 500mg",0.00
J1557,,Gammaplex injection,0.00
J1558,,"Inj. xembify, 100 mg",0.00
J1559,,Hizentra injection,0.00
J1560,,Gamma globulin > 10 cc inj,0.00
J1561,,Gamunex-c/gammaked,0.00
J1562,,"Vivaglobin, inj",0.00
J1566,,"Immune globulin, powder",0.00
J1568,,Octagam injection,0.00
J1569,,Gammagard liquid injection,0.00
J1570,,Ganciclovir sodium injection,0.00
J1571,,Hepagam b im injection,0.00
J1572,,Flebogamma injection,0.00
J1573,,"Hepagam b intravenous, inj",0.00
J1574,,"Inj, ganciclovir (exela)",0.00
J1575,,Hyqvia 100mg immuneglobulin,0.00
J1576,,"Inj, panzyga, 500 mg",0.00
J1580,,Garamycin gentamicin inj,0.00
J1595,,Injection glatiramer acetate,0.00
J1596,,"Inj, glycopyrrolate, 0.1 mg",0.00
J1597,,"Inj glycopyrrolate, glyrx-pf",0.00
J1598,,Inj glycopyrrolate fres kabi,0.00
J1599,,"Ivig non-lyophilized, nos",0.00
J1600,,Gold sodium thiomaleate inj,0.00
J1602,,Golimumab for iv use 1mg,0.00
J1610,,Glucagon hydrochloride/1 mg,0.00
J1611,,"Inj glucagon hcl, fresenius",0.00
J1620,,Gonadorelin hydroch/ 100 mcg,0.00
J1626,,Granisetron hcl injection,0.00
J1627,,"Inj, granisetron, xr, 0.1 mg",0.00
J1628,,"Inj., guselkumab, 1 mg",0.00
J1630,,Haloperidol injection,0.00
J1631,,Haloperidol decanoate inj,0.00
J1632,,"Inj., brexanolone, 1 mg",0.00
J1640,,"Hemin, 1 mg",0.00
J1642,,Inj heparin sodium per 10 u,0.00
J1643,,"Inj heparin, pfizer, 1000u",0.00
J1644,,Inj heparin sodium per 1000u,0.00
J1645,,Dalteparin sodium,0.00
J1650,,Inj enoxaparin sodium,0.00
J1652,,Fondaparinux sodium,0.00
J1655,,Tinzaparin sodium injection,0.00
J1670,,Tetanus immune globulin inj,0.00
J1675,,Histrelin acetate,0.00
J1700,,Hydrocortisone acetate inj,0.00
J1710,,Hydrocortisone sodium ph inj,0.00
J1720,,Hydrocortisone sodium succ i,0.00
J1726,,"Makena, 10 mg",0.00
J1729,,Inj hydroxyprogst capoat nos,0.00
J1730,,Diazoxide injection,0.00
J1738,,Inj. meloxicam 1 mg,0.00
J1740,,Ibandronate sodium injection,0.00
J1741,,Ibuprofen injection,0.00
J1742,,Ibutilide fumarate injection,0.00
J1743,,Idursulfase injection,0.00
J1744,,Icatibant injection,0.00
J1745,,Infliximab not biosimil 10mg,0.00
J1746,,"Inj., ibalizumab-uiyk, 10 mg",0.00
J1747,,"Inj, spesolimab-sbzo, 1 mg",0.00
J1748,,"Inj, zymfentra, 10 mg",0.00
J1749,,"Inj, iloprost, 0.1 mcg",0.00
J1750,,Inj iron dextran,0.00
J1756,,Iron sucrose injection,0.00
J1786,,Imuglucerase injection,0.00
J1790,,Droperidol injection,0.00
J1800,,Propranolol injection,0.00
J1805,,"Inj, esmolol hcl, 10mg",0.00
J1806,,Inj esmolol hcl wg crit care,0.00
J1810,,Droperidol/fentanyl inj,0.00
J1811,,Fiasp for insulin pump use,0.00
J1812,,Inj. insulin (fiasp),0.00
J1813,,Lyumjev for insulin pump use,0.00
J1814,,Inj. insulin (lyumjev),0.00
J1815,,Insulin injection,0.00
J1817,,Insulin for insulin pump use,0.00
J1823,,"Inj. inebilizumab-cdon, 1 mg",0.00
J1826,,Interferon beta-1a inj,0.00
J1830,,Interferon beta-1b / .25 mg,0.00
J1833,,"Injection, isavuconazonium",0.00
J1835,,Itraconazole injection,0.00
J1836,,"Inj, metronidazole, 10 mg",0.00
J1885,,Ketorolac tromethamine inj,0.00
J1890,,Cephalothin sodium injection,0.00
J1920,,"Inj, labetalol hcl, 5mg",0.00
J1921,,"Inj labetalol hcl hikma, 5mg",0.00
J1930,,Lanreotide injection,0.00
J1931,,Laronidase injection,0.00
J1932,,"Inj, lanreotide, (cipla) 1mg",0.00
J1939,,"Inj, bumetanide, 0.5 mg",0.00
J1940,,Furosemide injection,0.00
J1941,,"Inj, furoscix, 20 mg",0.00
J1943,,"Inj., aristada initio, 1 mg",0.00
J1944,,Aripiprazole lauroxil 1 mg,0.00
J1945,,Lepirudin,0.00
J1950,,Leuprolide acetate /3.75 mg,0.00
J1951,,Inj fensolvi 0.25 mg,0.00
J1952,,"Leuprolide inj, camcevi, 1mg",0.00
J1953,,Levetiracetam injection,0.00
J1954,,Leuprolide depot cipla 7.5mg,0.00
J1955,,Inj levocarnitine per 1 gm,0.00
J1956,,Levofloxacin injection,0.00
J1960,,Levorphanol tartrate inj,0.00
J1961,,"Inj, lenacapavir, 1 mg",0.00
J1980,,Hyoscyamine sulfate inj,0.00
J1990,,Chlordiazepoxide injection,0.00
J2002,,"Inj, lidocaine in d5w, 1 mg",0.00
J2003,,"Inj, lidocaine hcl, 1 mg",0.00
J2004,,"Inj, lidocaine w epinephrine",0.00
J2010,,Lincomycin injection,0.00
J2020,,Linezolid injection,0.00
J2021,,"Inj, linezolid (hospira)",0.00
J2060,,Lorazepam injection,0.00
J2062,,Loxapine for inhalation 1 mg,0.00
J2150,,Mannitol injection,0.00
J2170,,Mecasermin injection,0.00
J2175,,Meperidine hydrochl /100 mg,0.00
J2180,,Meperidine/promethazine inj,0.00
J2182,,"Injection, mepolizumab, 1mg",0.00
J2183,,Inj meropenem (wg crit care),0.00
J2184,,"Inj, meropenem (b. braun)",0.00
J2185,,Meropenem,0.00
J2186,,"Inj., meropenem, vaborbactam",0.00
J2210,,Methylergonovin maleate inj,0.00
J2212,,Methylnaltrexone injection,0.00
J2246,,"Inj, micafungin (baxter)",0.00
J2247,,"Inj, micafungin (par pharm)",0.00
J2248,,Micafungin sodium injection,0.00
J2249,,"Inj, remimazolam, 1 mg",0.00
J2250,,Inj midazolam hydrochloride,0.00
J2251,,Inj midazolam in 0.9% nacl,0.00
J2252,,Inj midazolam in 0.8% nacl,0.00
J2253,,Inj midazolam (seizalam),0.00
J2260,,Inj milrinone lactate / 5 mg,0.00
J2265,,Minocycline hydrochloride,0.00
J2267,,"Inj, mirikizumab-mrkz, 1 mg",0.00
J2270,,Morphine sulfate injection,0.00
J2272,,"Inj, morphine (fresenius)",0.00
J2274,,Inj morphine pf epid ithc,0.00
J2277,,"Inj, motixafortide, 0.25 mg",0.00
J2278,,Ziconotide injection,0.00
J2280,,"Inj, moxifloxacin 100 mg",0.00
J2281,,Inj moxifloxacin (fres kabi),0.00
J2290,,"Inj, nafcillin sodium, 20 mg",0.00
J2300,,Inj nalbuphine hydrochloride,0.00
J2305,,"Inj, nitroglycerin, 5 mg",0.00
J2310,,Inj naloxone hydrochloride,0.00
J2311,,"Inj, naloxone hcl (zimhi)",0.00
J2315,,"Naltrexone, depot form",0.00
J2320,,Nandrolone decanoate 50 mg,0.00
J2323,,Natalizumab injection,0.00
J2325,,Nesiritide injection,0.00
J2326,,"Inj, nusinersen, 0.1mg",0.00
J2327,,Inj risankizumab-rzaa 1 mg,0.00
J2329,,"Inj ublituximab-xiiy, 1 mg",0.00
J2350,,"Injection, ocrelizumab, 1 mg",0.00
J2353,,"Octreotide injection, depot",0.00
J2354,,"Octreotide inj, non-depot",0.00
J2355,,Oprelvekin injection,0.00
J2356,,"Inj tezepelumab-ekko, 1mg",0.00
J2357,,Omalizumab injection,0.00
J2358,,Olanzapine long-acting inj,0.00
J2359,,"Inj. olanzapine, 0.5mg",0.00
J2360,,Orphenadrine injection,0.00
J2371,,Inj phenylephrine hcl 20 mcg,0.00
J2372,,"Inj, biorphen, 20 micrograms",0.00
J2373,,"Inj, immphentiv, 20 mcg",0.00
J2401,,Chloroprocaine hcl injection,0.00
J2402,,Chloroprocaine (clorotekal),0.00
J2403,,"Chloroprocaine opht gel, 1mg",0.00
J2404,,"Inj, nicardipine 0.1 mg",0.00
J2405,,Ondansetron hcl injection,0.00
J2406,,"Injection, oritavancin 10 mg",0.00
J2407,,"Injection, oritavancin",0.00
J2410,,Oxymorphone hcl injection,0.00
J2425,,Palifermin injection,0.00
J2426,,"Inj, invega sustenna, 1 mg",0.00
J2427,,"Inj, invega hafyera/trinza",0.00
J2430,,Pamidronate disodium /30 mg,0.00
J2440,,Papaverin hcl injection,0.00
J2460,,Oxytetracycline injection,0.00
J2468,,"Inj, palonosetron (posfrea)",0.00
J2469,,Palonosetron hcl,0.00
J2470,,Inj pantoprazole sodium 40mg,0.00
J2471,,Inj pantoprazole(hikma) 40mg,0.00
J2472,,"Inj, pantoprazole sodium chl",0.00
J2501,,Paricalcitol,0.00
J2502,,"Inj, pasireotide long acting",0.00
J2503,,Pegaptanib sodium injection,0.00
J2504,,"Pegademase bovine, 25 iu",0.00
J2506,,Inj pegfilgrast ex bio 0.5mg,0.00
J2507,,Pegloticase injection,0.00
J2508,,Pegunigalsidase alfa-iwxj,0.00
J2510,,Penicillin g procaine inj,0.00
J2513,,Pentastarch 10% solution,0.00
J2515,,Pentobarbital sodium inj,0.00
J2540,,Penicillin g potassium inj,0.00
J2543,,Piperacillin/tazobactam,0.00
J2545,,Pentamidine non-comp unit,0.00
J2547,,"Injection, peramivir",0.00
J2550,,Promethazine hcl injection,0.00
J2560,,Phenobarbital sodium inj,0.00
J2561,,"Inj, sezaby, 1 mg",0.00
J2562,,Plerixafor injection,0.00
J2590,,Oxytocin injection,0.00
J2597,,Inj desmopressin acetate,0.00
J2598,,"Inj, vasopressin, 1 unit",0.00
J2599,,Inj vasopressin (am reg) 1 u,0.00
J2601,,"Inj, vasopressin (baxter)",0.00
J2650,,Prednisolone acetate inj,0.00
J2670,,Totazoline hcl injection,0.00
J2675,,Inj progesterone per 50 mg,0.00
J2679,,Inj fluphenazine hcl 1.25 mg,0.00
J2680,,Fluphenazine decanoate 25 mg,0.00
J2690,,Procainamide hcl injection,0.00
J2700,,Oxacillin sodium injeciton,0.00
J2704,,"Inj, propofol, 10 mg",0.00
J2710,,Neostigmine methylslfte inj,0.00
J2720,,Inj protamine sulfate/10 mg,0.00
J2724,,Protein c concentrate,0.00
J2725,,Inj protirelin per 250 mcg,0.00
J2730,,Pralidoxime chloride inj,0.00
J2760,,Phentolaine mesylate inj,0.00
J2765,,Metoclopramide hcl injection,0.00
J2770,,Quinupristin/dalfopristin,0.00
J2777,,"Inj, faricimab-svoa, 0.1mg",0.00
J2778,,Ranibizumab injection,0.00
J2779,,"Inj, susvimo 0.1 mg",0.00
J2781,,"Inj, pegcetacoplan, 1mg",0.00
J2782,,Inj avacincaptad pegol 0.1mg,0.00
J2783,,Rasburicase,0.00
J2785,,Regadenoson injection,0.00
J2786,,"Injection, reslizumab, 1mg",0.00
J2787,,Riboflavin 5'phos opth<=3ml,0.00
J2788,,Rho d immune globulin 50 mcg,0.00
J2790,,Rho d immune globulin inj,0.00
J2791,,Rhophylac injection,0.00
J2792,,"Rho(d) immune globulin h, sd",0.00
J2793,,Rilonacept injection,0.00
J2794,,"Inj risperdal consta, 0.5 mg",0.00
J2795,,Ropivacaine hcl injection,0.00
J2797,,"Inj., rolapitant, 0.5 mg",0.00
J2798,,"Inj., perseris, 0.5 mg",0.00
J2799,,"Inj, uzedy, 1 mg",0.00
J2800,,Methocarbamol injection,0.00
J2801,,"Inj, rykindo, 0.5 mg",0.00
J2802,,"Inj, romiplostim 1 microgram",0.00
J2805,,Sincalide injection,0.00
J2810,,Inj theophylline per 40 mg,0.00
J2820,,Sargramostim injection,0.00
J2840,,Inj sebelipase alfa 1 mg,0.00
J2850,,Inj secretin synthetic human,0.00
J2860,,"Injection, siltuximab",0.00
J2910,,Aurothioglucose injeciton,0.00
J2916,,Na ferric gluconate complex,0.00
J2919,,"Inj, methylpred sod succ 5mg",0.00
J2940,,Somatrem injection,0.00
J2941,,Somatropin injection,0.00
J2950,,Promazine hcl injection,0.00
J2993,,Reteplase injection,0.00
J2995,,Inj streptokinase /250000 iu,0.00
J2997,,Alteplase recombinant,0.00
J2998,,Inj plasminogen tvmh 1mg,0.00
J3000,,Streptomycin injection,0.00
J3010,,Fentanyl citrate injection,0.00
J3030,,Sumatriptan succinate / 6 mg,0.00
J3031,,"Inj., fremanezumab-vfrm 1 mg",0.00
J3032,,Inj. eptinezumab-jjmr 1 mg,0.00
J3055,,Inj talquetamab-tgvs 0.25 mg,0.00
J3060,,"Inj, taliglucerase alfa 10 u",0.00
J3070,,Pentazocine injection,0.00
J3090,,Inj tedizolid phosphate,0.00
J3095,,Telavancin injection,0.00
J3101,,Tenecteplase injection,0.00
J3105,,Terbutaline sulfate inj,0.00
J3110,,Teriparatide injection,0.00
J3111,,Inj. romosozumab-aqqg 1 mg,0.00
J3121,,Inj testostero enanthate 1mg,0.00
J3145,,Testosterone undecanoate 1mg,0.00
J3230,,Chlorpromazine hcl injection,0.00
J3240,,Thyrotropin injection,0.00
J3241,,Inj. teprotumumab-trbw 10 mg,0.00
J3243,,Tigecycline injection,0.00
J3244,,Inj. tigecycline (accord),0.00
J3245,,"Inj., tildrakizumab, 1 mg",0.00
J3246,,Tirofiban hcl,0.00
J3247,,Inj secukinumab intrav 1mg,0.00
J3250,,Trimethobenzamide hcl inj,0.00
J3260,,Tobramycin sulfate injection,0.00
J3262,,Tocilizumab injection,0.00
J3263,,"Inj, toripalimab-tpzi, 1 mg",0.00
J3265,,Injection torsemide 10 mg/ml,0.00
J3280,,Thiethylperazine maleate inj,0.00
J3285,,Treprostinil injection,0.00
J3299,,Inj xipere 1 mg,0.00
J3300,,Triamcinolone a inj prs-free,0.00
J3301,,Triamcinolone acet inj nos,0.00
J3302,,Triamcinolone diacetate inj,0.00
J3303,,Triamcinolone hexacetonl inj,0.00
J3304,,Inj triamcinolone ace xr 1mg,0.00
J3305,,Inj trimetrexate glucoronate,0.00
J3310,,Perphenazine injeciton,0.00
J3315,,Triptorelin pamoate,0.00
J3316,,"Inj., triptorelin xr 3.75 mg",0.00
J3320,,Spectinomycn di-hcl inj,0.00
J3350,,Urea injection,0.00
J3355,,"Urofollitropin, 75 iu",0.00
J3357,,"Ustekinumab sub cu inj, 1 mg",0.00
J3358,,"Ustekinumab, iv inject, 1 mg",0.00
J3360,,Diazepam injection,0.00
J3364,,Urokinase 5000 iu injection,0.00
J3365,,"Urokinase 250,000 iu inj",0.00
J3370,,Vancomycin hcl injection,0.00
J3371,,"Inj, vancomycin hcl (mylan)",0.00
J3372,,"Inj, vancomycin hcl (xellia)",0.00
J3380,,Inj vedolizumab iv 1 mg,0.00
J3385,,Velaglucerase alfa,0.00
J3392,,"Inj, exagamglogene autotem",0.00
J3393,,"Inj, betibeglogene autotemce",0.00
J3394,,"Inj, lovotibeglogene autotem",0.00
J3396,,Verteporfin injection,0.00
J3397,,"Inj., vestronidase alfa-vjbk",0.00
J3398,,Inj luxturna 1 billion vec g,0.00
J3399,,Inj onase abepar-xioi treat,0.00
J3400,,Triflupromazine hcl inj,0.00
J3401,,"Vyjuvek 5x10^9pfu/ml, 0.1 ml",0.00
J3410,,Hydroxyzine hcl injection,0.00
J3411,,Thiamine hcl 100 mg,0.00
J3415,,Pyridoxine hcl 100 mg,0.00
J3420,,Vitamin b12 injection,0.00
J3424,,Inj hydroxocobalamin iv 25mg,0.00
J3425,,Hydroxocobalamin im 10mcg,0.00
J3430,,Vitamin k phytonadione inj,0.00
J3465,,"Injection, voriconazole",0.00
J3470,,Hyaluronidase injection,0.00
J3471,,"Ovine, up to 999 usp units",0.00
J3472,,"Ovine, 1000 usp units",0.00
J3473,,Hyaluronidase recombinant,0.00
J3475,,Inj magnesium sulfate,0.00
J3480,,Inj potassium chloride,0.00
J3485,,Zidovudine,0.00
J3486,,Ziprasidone mesylate,0.00
J3489,,Zoledronic acid 1mg,0.00
J3490,,Drugs unclassified injection,0.00
J3520,,Edetate disodium per 150 mg,0.00
J3530,,Nasal vaccine inhalation,0.00
J3535,,Metered dose inhaler drug,0.00
J3570,,Laetrile amygdalin vit b17,0.00
J3590,,Unclassified biologics,0.00
J3591,,Esrd on dialysi drug/bio noc,0.00
J7030,,Normal saline solution infus,0.00
J7040,,Normal saline solution infus,0.00
J7042,,5% dextrose/normal saline,0.00
J7050,,Normal saline solution infus,0.00
J7060,,5% dextrose/water,0.00
J7070,,D5w infusion,0.00
J7100,,Dextran 40 infusion,0.00
J7110,,Dextran 75 infusion,0.00
J7120,,Ringers lactate infusion,0.00
J7121,,5% dextrose in lac ringers,0.00
J7131,,Hypertonic saline sol,0.00
J7165,,"Inj, human-lans, per i.u",0.00
J7168,,Prothrombin complex kcentra,0.00
J7169,,"Inj andexxa, 10 mg",0.00
J7170,,"Inj., emicizumab-kxwh 0.5 mg",0.00
J7171,,"Inj, adzynma, 10 iu",0.00
J7175,,"Inj, factor x, (human), 1iu",0.00
J7177,,"Inj., fibryga, 1 mg",0.00
J7178,,Inj human fibrinogen con nos,0.00
J7179,,Vonvendi inj 1 iu vwf:rco,0.00
J7180,,Factor xiii anti-hem factor,0.00
J7181,,Factor xiii recomb a-subunit,0.00
J7182,,Factor viii recomb novoeight,0.00
J7183,,Wilate injection,0.00
J7185,,Xyntha inj,0.00
J7186,,Antihemophilic viii/vwf comp,0.00
J7187,,"Humate-p, inj",0.00
J7188,,Factor viii recomb obizur,0.00
J7189,,Factor viia recomb novoseven,0.00
J7190,,Factor viii,0.00
J7191,,Factor viii (porcine),0.00
J7192,,Factor viii recombinant nos,0.00
J7193,,Factor ix non-recombinant,0.00
J7194,,Factor ix complex,0.00
J7195,,Factor ix recombinant nos,0.00
J7196,,Antithrombin recombinant,0.00
J7197,,Antithrombin iii injection,0.00
J7198,,Anti-inhibitor,0.00
J7199,,Hemophilia clot factor noc,0.00
J7200,,Factor ix recombinan rixubis,0.00
J7201,,Factor ix alprolix recomb,0.00
J7202,,Factor ix idelvion inj,0.00
J7203,,Factor ix recomb gly rebinyn,0.00
J7204,,Inj recombin esperoct per iu,0.00
J7205,,Factor viii fc fusion recomb,0.00
J7207,,Factor viii pegylated recomb,0.00
J7208,,Inj. jivi 1 iu,0.00
J7209,,Factor viii nuwiq recomb 1iu,0.00
J7210,,"Inj, afstyla, 1 i.u.",0.00
J7211,,"Inj, kovaltry, 1 i.u.",0.00
J7212,,Factor viia recomb sevenfact,0.00
J7213,,"Inj, ixinity, 1 i.u.",0.00
J7214,,Altuviiio per factor viii iu,0.00
J7294,,Seg acet and eth estr yearly,0.00
J7295,,Eth estr and eton monthly,0.00
J7296,,"Kyleena, 19.5 mg",0.00
J7297,,"Liletta, 52 mg",0.00
J7298,,"Mirena, 52 mg",0.00
J7300,,Intraut copper contraceptive,0.00
J7301,,"Skyla, 13.5 mg",0.00
J7304,,Contraceptive hormone patch,0.00
J7306,,Levonorgestrel implant sys,0.00
J7307,,Etonogestrel implant system,0.00
J7308,,Aminolevulinic acid hcl top,0.00
J7309,,"Methyl aminolevulinate, top",0.00
J7310,,Ganciclovir long act implant,0.00
J7311,,"Inj., retisert, 0.01 mg",0.00
J7312,,Dexamethasone intra implant,0.00
J7313,,"Inj., iluvien, 0.01 mg",0.00
J7314,,"Inj., yutiq, 0.01 mg",0.00
J7315,,Ophthalmic mitomycin,0.00
J7316,,"Inj, ocriplasmin, 0.125 mg",0.00
J7318,,"Inj, durolane 1 mg",0.00
J7320,,"Genvisc 850, inj, 1mg",0.00
J7321,,Hyalgan supartz visco-3 dose,0.00
J7322,,Hymovis injection 1 mg,0.00
J7323,,Euflexxa inj per dose,0.00
J7324,,Orthovisc inj per dose,0.00
J7325,,Synvisc or synvisc-one,0.00
J7326,,Gel-one,0.00
J7327,,Monovisc inj per dose,0.00
J7328,,Gelsyn-3 injection 0.1 mg,0.00
J7329,,"Inj, trivisc 1 mg",0.00
J7330,,Cultured chondrocytes implnt,0.00
J7331,,"Synojoynt, inj., 1 mg",0.00
J7332,,"Inj., triluron, 1 mg",0.00
J7336,,Capsaicin 8% patch,0.00
J7340,,Carbidopa levodopa ent 100ml,0.00
J7342,,Ciprofloxacin otic susp 6 mg,0.00
J7345,,"Aminolevulinic acid, 10% gel",0.00
J7351,,Inj bimatoprost itc imp1mcg,0.00
J7352,,"Afamelanotide implant, 1 mg",0.00
J7353,,Anacaulase-bcdb 8.8% gel 1 g,0.00
J7354,,"Cantharidin top, applicator",0.00
J7355,,Inj travoprost intra impl,0.00
J7402,,Mometasone sinus sinuva,0.00
J7500,,Azathioprine oral 50mg,0.00
J7501,,Azathioprine parenteral,0.00
J7502,,Cyclosporine oral 100 mg,0.00
J7503,,Tacrol envarsus ex rel oral,0.00
J7504,,Lymphocyte immune globulin,0.00
J7505,,Monoclonal antibodies,0.00
J7507,,Tacrolimus imme rel oral 1mg,0.00
J7508,,Tacrol astagraf ex rel oral,0.00
J7509,,Methylprednisolone oral,0.00
J7510,,Prednisolone oral per 5 mg,0.00
J7511,,Antithymocyte globuln rabbit,0.00
J7512,,Prednisone ir or dr oral 1mg,0.00
J7513,,"Daclizumab, parenteral",0.00
J7514,,Mycophenol (myhibbin) 100 mg,0.00
J7515,,Cyclosporine oral 25 mg,0.00
J7516,,"Inj, cyclosporine 250mg",0.00
J7517,,Mycophenolate mofetil oral,0.00
J7518,,Mycophenolic acid,0.00
J7519,,Inj. mycophenolate mofetil,0.00
J7520,,"Sirolimus, oral",0.00
J7525,,Tacrolimus injection,0.00
J7527,,Oral everolimus,0.00
J7599,,Immunosuppressive drug noc,0.00
J7601,,Ensifentrine inh 3 mg,0.00
J7604,,Acetylcysteine comp unit,0.00
J7605,,Arformoterol non-comp unit,0.00
J7606,,"Formoterol fumarate, inh",0.00
J7607,,Levalbuterol comp con,0.00
J7608,,Acetylcysteine non-comp unit,0.00
J7609,,Albuterol comp unit,0.00
J7610,,Albuterol comp con,0.00
J7611,,Albuterol non-comp con,0.00
J7612,,Levalbuterol non-comp con,0.00
J7613,,Albuterol non-comp unit,0.00
J7614,,Levalbuterol non-comp unit,0.00
J7615,,Levalbuterol comp unit,0.00
J7620,,Albuterol ipratrop non-comp,0.00
J7622,,Beclomethasone comp unit,0.00
J7624,,Betamethasone comp unit,0.00
J7626,,Budesonide non-comp unit,0.00
J7627,,Budesonide comp unit,0.00
J7628,,Bitolterol mesylate comp con,0.00
J7629,,Bitolterol mesylate comp unt,0.00
J7631,,Cromolyn sodium noncomp unit,0.00
J7632,,Cromolyn sodium comp unit,0.00
J7633,,Budesonide non-comp con,0.00
J7634,,Budesonide comp con,0.00
J7635,,Atropine comp con,0.00
J7636,,Atropine comp unit,0.00
J7637,,Dexamethasone comp con,0.00
J7638,,Dexamethasone comp unit,0.00
J7639,,Dornase alfa non-comp unit,0.00
J7640,,Formoterol comp unit,0.00
J7641,,Flunisolide comp unit,0.00
J7642,,Glycopyrrolate comp con,0.00
J7643,,Glycopyrrolate comp unit,0.00
J7644,,Ipratropium bromide non-comp,0.00
J7645,,Ipratropium bromide comp,0.00
J7647,,Isoetharine comp con,0.00
J7648,,Isoetharine non-comp con,0.00
J7649,,Isoetharine non-comp unit,0.00
J7650,,Isoetharine comp unit,0.00
J7657,,Isoproterenol comp con,0.00
J7658,,Isoproterenol non-comp con,0.00
J7659,,Isoproterenol non-comp unit,0.00
J7660,,Isoproterenol comp unit,0.00
J7665,,Mannitol for inhaler,0.00
J7667,,Metaproterenol comp con,0.00
J7668,,Metaproterenol non-comp con,0.00
J7669,,Metaproterenol non-comp unit,0.00
J7670,,Metaproterenol comp unit,0.00
J7674,,"Methacholine chloride, neb",0.00
J7676,,Pentamidine comp unit dose,0.00
J7677,,Revefenacin inh non-com 1mcg,0.00
J7680,,Terbutaline sulf comp con,0.00
J7681,,Terbutaline sulf comp unit,0.00
J7682,,Tobramycin non-comp unit,0.00
J7683,,Triamcinolone comp con,0.00
J7684,,Triamcinolone comp unit,0.00
J7685,,Tobramycin comp unit,0.00
J7686,,"Treprostinil, non-comp unit",0.00
J7699,,Inhalation solution for dme,0.00
J7799,,Non-inhalation drug for dme,0.00
J7999,,"Compounded drug, noc",0.00
J8498,,Antiemetic rectal/supp nos,0.00
J8499,,Oral prescrip drug non chemo,0.00
J8501,,Oral aprepitant,0.00
J8510,,Oral busulfan,0.00
J8515,,"Cabergoline, oral 0.25mg",0.00
J8522,,"Capecitabine, oral, 50 mg",0.00
J8530,,Cyclophosphamide oral 25 mg,0.00
J8540,,Oral dexamethasone,0.00
J8541,,"Oral, hemady, 0.25 mg",0.00
J8560,,Etoposide oral 50 mg,0.00
J8562,,Oral fludarabine phosphate,0.00
J8565,,Gefitinib oral,0.00
J8597,,Antiemetic drug oral nos,0.00
J8600,,Melphalan oral 2 mg,0.00
J8610,,Methotrexate oral 2.5 mg,0.00
J8611,,Oral methotrexate (jylamvo),0.00
J8612,,Oral methotrexate (xatmep),0.00
J8650,,Nabilone oral,0.00
J8655,,"Oral netupitant, palonosetro",0.00
J8670,,"Rolapitant, oral, 1mg",0.00
J8700,,Temozolomide,0.00
J8705,,Topotecan oral,0.00
J8999,,Oral prescription drug chemo,0.00
J9000,,Doxorubicin hcl injection,0.00
J9015,,Aldesleukin injection,0.00
J9017,,Arsenic trioxide injection,0.00
J9019,,Erwinaze injection,0.00
J9020,,"Asparaginase, nos",0.00
J9021,,"Inj, aspara, rylaze, 0.1 mg",0.00
J9022,,"Inj, atezolizumab,10 mg",0.00
J9023,,"Injection, avelumab, 10 mg",0.00
J9025,,Azacitidine injection,0.00
J9026,,"Inj, tarlatamab-dlle, 1 mg",0.00
J9027,,Clofarabine injection,0.00
J9028,,"Inj, nogapendekin pmln, 1mcg",0.00
J9029,,"Instill adstiladrin, tx dose",0.00
J9030,,Bcg live intravesical 1mg,0.00
J9032,,"Injection, belinostat, 10mg",0.00
J9033,,"Inj, bendamustine hcl, 1mg",0.00
J9034,,"Inj., bendeka 1 mg",0.00
J9035,,Bevacizumab injection,0.00
J9036,,Inj. belrapzo/bendamustine,0.00
J9037,,Inj belantamab mafodot blmf,0.00
J9039,,"Injection, blinatumomab",0.00
J9040,,Bleomycin sulfate injection,0.00
J9041,,"Injection, bortezomib, 0.1mg",0.00
J9042,,Brentuximab vedotin inj,0.00
J9043,,Cabazitaxel injection,0.00
J9045,,Carboplatin injection,0.00
J9046,,"Inj, bortezomib, dr. reddy's",0.00
J9047,,"Injection, carfilzomib, 1 mg",0.00
J9048,,"Inj, bortezomib freseniuskab",0.00
J9049,,"Inj, bortezomib, hospira",0.00
J9050,,Carmustine injection,0.00
J9051,,"Inj, bortezomib (maia)",0.00
J9052,,"Inj, carmustine (accord)",0.00
J9055,,Cetuximab injection,0.00
J9056,,"Inj, vivimusta, 1 mg",0.00
J9057,,"Inj., copanlisib, 1 mg",0.00
J9060,,Cisplatin 10 mg injection,0.00
J9061,,"Inj, amivantamab-vmjw",0.00
J9063,,"Inj, elahere, 1 mg",0.00
J9064,,"Inj, cabazitaxel (sandoz)",0.00
J9065,,Inj cladribine per 1 mg,0.00
J9071,,Inj cyclophosphamd auromedic,0.00
J9072,,Inj cyclophos avyxa 5mg,0.00
J9073,,Inj cyclophosphamd (ingenus),0.00
J9074,,"Inj, cyclophosphamd, sandoz",0.00
J9075,,"Inj, cyclophosphamide, nos",0.00
J9076,,"Inj, cyclophos (baxter) 5mg",0.00
J9098,,Cytarabine liposome inj,0.00
J9100,,Cytarabine hcl 100 mg inj,0.00
J9118,,Inj. calaspargase pegol-mknl,0.00
J9119,,"Inj., cemiplimab-rwlc, 1 mg",0.00
J9120,,Dactinomycin injection,0.00
J9130,,Dacarbazine 100 mg inj,0.00
J9144,,"Daratumumab, hyaluronidase",0.00
J9145,,"Injection, daratumumab 10 mg",0.00
J9150,,Daunorubicin injection,0.00
J9151,,Daunorubicin citrate inj,0.00
J9153,,"Inj daunorubicin, cytarabine",0.00
J9155,,Degarelix injection,0.00
J9165,,Diethylstilbestrol injection,0.00
J9171,,Docetaxel injection,0.00
J9172,,"Docetaxel (docivyx), 1 mg",0.00
J9173,,"Inj., durvalumab, 10 mg",0.00
J9175,,Elliotts b solution per ml,0.00
J9176,,"Injection, elotuzumab, 1mg",0.00
J9177,,Inj enfort vedo-ejfv 0.25mg,0.00
J9178,,"Inj, epirubicin hcl, 2 mg",0.00
J9179,,Eribulin mesylate injection,0.00
J9181,,Etoposide injection,0.00
J9185,,Fludarabine phosphate inj,0.00
J9190,,Fluorouracil injection,0.00
J9196,,Inj gemcitabine hcl (accord),0.00
J9198,,"Inj. infugem, 100 mg",0.00
J9200,,Floxuridine injection,0.00
J9201,,In gemcitabine hcl nos 200mg,0.00
J9202,,Goserelin acetate implant,0.00
J9203,,Gemtuzumab ozogamicin 0.1 mg,0.00
J9204,,"Inj mogamulizumab-kpkc, 1 mg",0.00
J9205,,Inj irinotecan liposome 1 mg,0.00
J9206,,Irinotecan injection,0.00
J9207,,Ixabepilone injection,0.00
J9208,,Ifosfamide injection,0.00
J9209,,Mesna injection,0.00
J9210,,"Inj., emapalumab-lzsg, 1 mg",0.00
J9211,,Idarubicin hcl injection,0.00
J9212,,Interferon alfacon-1 inj,0.00
J9213,,Interferon alfa-2a inj,0.00
J9214,,Interferon alfa-2b inj,0.00
J9215,,Interferon alfa-n3 inj,0.00
J9216,,Interferon gamma 1-b inj,0.00
J9217,,Leuprolide acetate suspnsion,0.00
J9218,,Leuprolide acetate injeciton,0.00
J9219,,Leuprolide acetate implant,0.00
J9223,,"Inj. lurbinectedin, 0.1 mg",0.00
J9225,,Vantas implant,0.00
J9226,,Supprelin la implant,0.00
J9227,,Inj. isatuximab-irfc 10 mg,0.00
J9228,,Ipilimumab injection,0.00
J9229,,Inj inotuzumab ozogam 0.1 mg,0.00
J9230,,Mechlorethamine hcl inj,0.00
J9245,,Inj melpha hydroch nos 50 mg,0.00
J9246,,"Inj., evomela, 1 mg",0.00
J9247,,"Inj, melphalan flufenami 1mg",0.00
J9248,,Inj melphalan (hepzato) 1 mg,0.00
J9249,,"Inj, melphalan (apotex) 1 mg",0.00
J9255,,"Inj, methotrexate (accord)",0.00
J9260,,Inj methotrexate sodium 50mg,0.00
J9261,,Nelarabine injection,0.00
J9262,,"Inj, omacetaxine mep, 0.01mg",0.00
J9263,,Oxaliplatin,0.00
J9264,,Paclitaxel protein bound,0.00
J9266,,Pegaspargase injection,0.00
J9267,,Paclitaxel injection,0.00
J9268,,Pentostatin injection,0.00
J9269,,Inj. tagraxofusp-erzs 10 mcg,0.00
J9270,,Plicamycin (mithramycin) inj,0.00
J9271,,Inj pembrolizumab,0.00
J9272,,"Inj, dostarlimab-gxly, 10 mg",0.00
J9273,,"Inj tisotu vedotin-tftv, 1mg",0.00
J9274,,"Inj, tebentafusp-tebn, 1 mcg",0.00
J9280,,Mitomycin injection,0.00
J9281,,Mitomycin instillation,0.00
J9285,,"Inj, olaratumab, 10 mg",0.00
J9286,,"Inj glofitamab gxbm, 2.5 mg",0.00
J9292,,"Inj, pemetrexed (avyxa) 10mg",0.00
J9293,,Mitoxantrone hydrochl / 5 mg,0.00
J9294,,"Inj pemetrexed, hospira 10mg",0.00
J9295,,"Injection, necitumumab, 1 mg",0.00
J9296,,Inj pemetrexed (accord) 10mg,0.00
J9297,,Inj pemetrexed (sandoz) 10mg,0.00
J9298,,Inj nivol relatlimab 3mg/1mg,0.00
J9299,,"Injection, nivolumab",0.00
J9301,,Obinutuzumab inj,0.00
J9302,,Ofatumumab injection,0.00
J9303,,Panitumumab injection,0.00
J9304,,"Inj. pemetrexed, 10 mg",0.00
J9305,,Inj. pemetrexed nos 10mg,0.00
J9306,,"Injection, pertuzumab, 1 mg",0.00
J9307,,Pralatrexate injection,0.00
J9308,,"Injection, ramucirumab",0.00
J9309,,"Inj, polatuzumab vedotin 1mg",0.00
J9311,,"Inj rituximab, hyaluronidase",0.00
J9312,,"Inj., rituximab, 10 mg",0.00
J9313,,"Inj., lumoxiti, 0.01 mg",0.00
J9314,,Inj pemetrexed (teva) 10mg,0.00
J9316,,"Pertuzu, trastuzu, 10 mg",0.00
J9317,,Sacituzumab govitecan-hziy,0.00
J9318,,Inj romidepsin non-lyo 0.1mg,0.00
J9319,,Inj romidepsin lyophil 0.1mg,0.00
J9320,,Streptozocin injection,0.00
J9321,,Inj epcoritamab-bysp 0.16 mg,0.00
J9322,,Inj pemetrexed (bluepoint),0.00
J9323,,Inj pemetrexed ditromethamin,0.00
J9324,,"Inj, pemrydi rtu, 10 mg",0.00
J9325,,Inj talimogene laherparepvec,0.00
J9328,,Temozolomide injection,0.00
J9329,,"Inj, tislelizumab-jsgr",0.00
J9330,,Temsirolimus injection,0.00
J9331,,Inj sirolimus prot part 1 mg,0.00
J9332,,Inj efgartigimod 2mg,0.00
J9333,,Inj ronzanolixizum-noli 1 mg,0.00
J9334,,Inj efgart-alfa 2mg hya-qvfc,0.00
J9340,,Thiotepa injection,0.00
J9345,,"Inj, retifanlimab-dlwr, 1 mg",0.00
J9347,,"Inj, tremelimumab-actl, 1 mg",0.00
J9348,,"Inj. naxitamab-gqgk, 1 mg",0.00
J9349,,"Inj., tafasitamab-cxix",0.00
J9350,,"Inj mosunetuzumab-axgb, 1 mg",0.00
J9351,,Topotecan injection,0.00
J9352,,Injection trabectedin 0.1mg,0.00
J9353,,"Inj. margetuximab-cmkb, 5 mg",0.00
J9354,,"Inj, ado-trastuzumab emt 1mg",0.00
J9355,,Inj trastuzumab excl biosimi,0.00
J9356,,"Inj. herceptin hylecta, 10mg",0.00
J9357,,Valrubicin injection,0.00
J9358,,Inj fam-trastu deru-nxki 1mg,0.00
J9359,,Inj lon tesirin-lpyl 0.075mg,0.00
J9360,,Vinblastine sulfate inj,0.00
J9361,,"Inj, efbemalenograstim alfa-",0.00
J9370,,Vincristine sulfate 1 mg inj,0.00
J9376,,"Inj pozelimab-bbfg, 1 mg",0.00
J9380,,Inj teclistamab cqyv 0.5 mg,0.00
J9381,,Inj teplizumab mzwv 5 mcg,0.00
J9390,,Vinorelbine tartrate inj,0.00
J9393,,"Inj, fulvestrant (teva)",0.00
J9394,,"Inj, fulvestrant (fresenius)",0.00
J9395,,"Injection, fulvestrant",0.00
J9400,,"Inj, ziv-aflibercept, 1mg",0.00
J9600,,Porfimer sodium injection,0.00
J9999,,Chemotherapy drug,0.00
M0001,,Advancing cancer care mvp,0.00
M0002,,Opt care kidney hlth mvp,0.00
M0004,,Qual care neurologic cnd mvp,0.00
M0005,,Value in primary care mvp,0.00
M0010,,Eom meos payment,0.00
M0075,,Cellular therapy,0.00
M0076,,Prolotherapy,0.00
M0100,,Intragastric hypothermia,0.00
M0201,,Pne flu hepb cov home admin,0.00
M0220,,Tixagev and cilgav inj,0.00
M0221,,Tixagev and cilgav inj hm,0.00
M0222,,Bebtelovimab injection,0.00
M0223,,Bebtelovimab injection home,0.00
M0224,,Pemivibart infusion,0.00
M0240,,Casiri and imdev repeat,0.00
M0241,,Casiri and imdev repeat hm,0.00
M0243,,Casirivi and imdevi inj,0.00
M0244,,Casirivi and imdevi inj hm,0.00
M0245,,Bamlan and etesev infusion,0.00
M0246,,Bamlan and etesev infus home,0.00
M0247,,Sotrovimab infusion,0.00
M0248,,"Sotrovimab inf, home admin",0.00
M0249,,Adm tocilizu covid-19 1st,0.00
M0250,,Adm tocilizu covid-19 2nd,0.00
M0300,,Iv chelationtherapy,0.00
M0301,,Fabric wrapping of aneurysm,0.00
M1003,,Tb scr 12 mo pri fst bio dz,0.00
M1004,,Doc med rsn no srn tb,0.00
M1005,,Tb scr no perf,0.00
M1006,,"Dz not ases, no rsn",0.00
M1007,,>=50% total pt outpt ra enct,0.00
M1008,,<50% total pt outpt ra encts,0.00
M1009,,Dc eoc doc med rec,0.00
M1010,,Dc eoc doc med rec,0.00
M1011,,Dc eoc doc med rec,0.00
M1012,,Dc eoc doc med rec,0.00
M1013,,Dc eoc doc med rec,0.00
M1014,,Dc epi care doc medrec,0.00
M1016,,Pt dx meop or sur steri,0.00
M1018,,Pt dx hst cr pt sk lg cr scr,0.00
M1019,,Adl pt mj dep ds rs 12 phq<5,0.00
M1020,,Adl pt mj dep ds no rs 12 mo,0.00
M1021,,Pt uc in pp,0.00
M1027,,Img head (ct or mri) obtnd,0.00
M1028,,Doc of pt prm hda dx and otr,0.00
M1029,,Doc sysm rsn img hd,0.00
M1032,,Adt tkng pharmthry for oud,0.00
M1034,,Adt 180 dys pharmthry oud,0.00
M1035,,Adt pd out mat pr 180 dys tx,0.00
M1036,,Adt no 180 dys pharmthry oud,0.00
M1037,,Pt dx lum sp reg cacr,0.00
M1038,,Pt dx lum sp reg fract,0.00
M1039,,Pt dx lum sp reg inf,0.00
M1040,,Pt dx lum idi or cong scol,0.00
M1041,,Pt cr ft inf lm or pt id sl,0.00
M1043,,Fs no odi 9-15mo,0.00
M1045,,Fs oks 9-15mo >= 37 >= 71,0.00
M1046,,Fs oks 9-15mo < 37 < 71,0.00
M1049,,Fs wth scr no odi pre and p,0.00
M1051,,Pt w/cancer scoliosis,0.00
M1052,,Lg pn not meas w/ vas 1yr po,0.00
M1054,,Pt uc in pp,0.00
M1055,,Aspirin used,0.00
M1056,,Presc antico med in pp,0.00
M1057,,"Aspirin not used, no rsn",0.00
M1058,,Pt prm nurs hm res in pp,0.00
M1059,,Pt no prm nurs hm res in pp,0.00
M1060,,Pt died in pp,0.00
M1067,,Hspc pt prv time meam per,0.00
M1068,,Pt not ambulatory,0.00
M1069,,Pt scr ft fall rsk,0.00
M1070,,Pt not scrn fut fall no rsn,0.00
M1106,,Start eoc doc med rec,0.00
M1107,,Docu dx degen neuro,0.00
M1108,,Oc ni pt home prog,0.00
M1109,,Oc ni pt dc,0.00
M1110,,Oc not p pt selfdc,0.00
M1111,,Start eoc doc med rec,0.00
M1112,,Docu dx degen neuro,0.00
M1113,,Oc ni pt home prog,0.00
M1114,,Oc ni pt dc,0.00
M1115,,Oc ni pt selfdc,0.00
M1116,,Start eoc doc med rec,0.00
M1117,,Docu dx degen neuro,0.00
M1118,,Oc ni pt home prog,0.00
M1119,,Oc ni pt dc,0.00
M1120,,Oc ni pt selfdc,0.00
M1121,,Start eoc doc med rec,0.00
M1122,,Docu dx degen neuro,0.00
M1123,,Oc ni pt home prog,0.00
M1124,,Oc ni pt dc 1-2 vis,0.00
M1125,,Oc ni pt selfdc 1-2 vis,0.00
M1126,,Start eoc doc med rec,0.00
M1127,,Docu dx degen neuro,0.00
M1128,,Oc ni pt home prog,0.00
M1129,,Oc ni pt dc,0.00
M1130,,Oc ni pt selfdc,0.00
M1131,,Docu dx degen neuro,0.00
M1132,,Oc ni pt home prog,0.00
M1133,,Oc ni pt dc,0.00
M1134,,Oc ni pt selfdc,0.00
M1135,,Start eoc doc med rec,0.00
M1141,,Fs no oks,0.00
M1142,,Emerge cases,0.00
M1143,,Ni rehab med chiro,0.00
M1146,,Ongoing care not ind,0.00
M1147,,Care not poss med rsn,0.00
M1148,,Pt self dschg,0.00
M1149,,No neck fs prom incap,0.00
M1150,,Lvef <=40% or mod/sev l vsf,0.00
M1151,,Pt w/ hx trnsplt or lvad,0.00
M1152,,Pt w/ hx trnsplt or lvad,0.00
M1153,,Pt w/ dx osteo doe,0.00
M1159,,Hospc serv dur meas pd,0.00
M1160,,Pt anphx due to mengb bef 13,0.00
M1161,,Pt anphx due to dtp bef 13,0.00
M1162,,Pt enceph due to dtp bef 13,0.00
M1163,,Pt anphx due to hpv bef 13,0.00
M1164,,Pt w/ dementia any time,0.00
M1165,,Pt use hspc dur meas pd,0.00
M1166,,Path rpt tis spec wle/reexc,0.00
M1167,,Hspc dur meas pd,0.00
M1168,,Pt recd flu vax 7/1-6/30,0.00
M1169,,Doc med rsn no flu vax,0.00
M1170,,Pt w/o flu vax 7/1-6/30,0.00
M1171,,Pt recd 1 td/tdap 9yrs prior,0.00
M1172,,Doc med rsn no td/tdap,0.00
M1173,,Pt no rec td/tdap 9yrs prior,0.00
M1174,,Pt w 2 hzv on/aft 50,0.00
M1175,,Doc med rsn no hzv,0.00
M1176,,No 2 hzv on/aft age 50,0.00
M1177,,Pt recd pcv on/aft 19,0.00
M1178,,Doc med rsn no pcv,0.00
M1179,,No pcv recd,0.00
M1180,,Pt imm ckpt inhib therapy,0.00
M1181,,Gr 2 or> dia or gr2 or> col,0.00
M1182,,Not elg pre ex ibd/uc/crohn,0.00
M1183,,Doc imm ckpt inhib hld,0.00
M1184,,Doc med rsn no cst/ist rx,0.00
M1185,,Imm ckpt inhib not hld no rx,0.00
M1186,,Pt w/ rx for hspc/plltv care,0.00
M1187,,Pt w/ esrd,0.00
M1188,,Pt w/ ckd stg 5,0.00
M1189,,Doc khe pef w/efgr/uacr,0.00
M1190,,Doc khe not pef w/efgr/uacr,0.00
M1191,,Hspc svc any time in meas pd,0.00
M1192,,Pt w/ dx sq cell ca of esoph,0.00
M1193,,Rpts w/ imp/con mmr/msi,0.00
M1194,,Med rsn no imp/con mmr/msi,0.00
M1195,,Rpt wo imp/con mmr/msi,0.00
M1196,,Ixv nrs vrs iqa >=4,0.00
M1197,,Isa reduced >=3 fr ixv,0.00
M1198,,Isa not red 3pts /no assess,0.00
M1199,,Pt rec'g rrt,0.00
M1200,,Ace-i/arb rx,0.00
M1201,,Med rsn no ace-i/arb rx,0.00
M1202,,Pt rsn no ace-i/arb rx,0.00
M1203,,No rsn ace-i/arb rx,0.00
M1204,,Ixv nrs vrs iqa >=4,0.00
M1205,,Isa reduced >=3,0.00
M1206,,Isa not red 3pts/no assess,0.00
M1207,,Pt scrn sdoh,0.00
M1208,,Pt no scrn sdoh,0.00
M1209,,>=2 same hi-rsk med w/o diag,0.00
M1210,,>=2 same meds tbl4 not ord,0.00
M1211,,Gsa level>9.0%,0.00
M1212,,Missing gsa not perf,0.00
M1213,,No hx spiro prs spiro>=70%,0.00
M1214,,Spiro results wth obs doc,0.00
M1215,,Med rsn for no doc spiro,0.00
M1216,,No spiro doc no res doc,0.00
M1217,,Sys rsn no doc spiro,0.00
M1218,,Pt copd symptoms,0.00
M1220,,Dre wth interp rtnopthy,0.00
M1221,,Dre w/o rtnopthy,0.00
M1222,,Glaucoma pln of care not doc,0.00
M1223,,Glaucoma plan of care doc,0.00
M1224,,Iop dec <20% from base,0.00
M1225,,Iop dec>=20% from base,0.00
M1226,,Iop not doc,0.00
M1227,,Eb therapy prescribed,0.00
M1228,,Pt + hcv aby +vir w/ rx 3 mo,0.00
M1229,,Pt w/ +hcv +vir ref win 1 mo,0.00
M1230,,Pt hcv rctv aby no f/u tst,0.00
M1231,,Pt hcv tst no reactive res,0.00
M1232,,Pt hcv tst reactive result,0.00
M1233,,Pt no hcv aby or result,0.00
M1234,,Pt hcv rctv aby f/u neg,0.00
M1235,,Doc pt hcv aby rna tst,0.00
M1236,,Baseline mrs > 2,0.00
M1237,,Pt rsn no scrn,0.00
M1238,,Doc 2nd recom hzv 2-6 mo int,0.00
M1239,,Pt no resp heard,0.00
M1240,,Pt no resp best int,0.00
M1241,,Pt no resp seen as person,0.00
M1242,,Pt no resp imprt to me,0.00
M1243,,Pt othr thn true heard,0.00
M1244,,Pt othr thn true best int,0.00
M1245,,Pt othr thn true person,0.00
M1246,,Pt othr thn true imprt to me,0.00
M1247,,Pt resp true best int,0.00
M1248,,Pt resp true seen as person,0.00
M1249,,Pt resp true imprt to me,0.00
M1250,,Pt resp true heard,0.00
M1251,,Pts proxy cmplt hu surv,0.00
M1252,,Pts no cmplt hu survey,0.00
M1253,,Pts hu surv no amb plltv,0.00
M1254,,Pts deceased prior hu surv,0.00
M1255,,"Pts w/ othr rsn vst,+prg tst",0.00
M1256,,Prior history of known cvd,0.00
M1257,,Cvd risk assess not perf,0.00
M1258,,Cvd risk assess perf,0.00
M1259,,Pt stat doc <= 1 yr dialysis,0.00
M1260,,Pt not doc <= 1 yr dialysis,0.00
M1261,,Pts on wtlist bef dialysis,0.00
M1262,,Pts transplt bef dialysis,0.00
M1263,,Pts hosp dialysis dt,0.00
M1265,,Cms 2728 completed,0.00
M1266,,Pts admit snf,0.00
M1267,,Pt no act kid transplt wtlst,0.00
M1268,,Pt ac stat kid trnsplt wtlst,0.00
M1269,,Rec'd esrd mcp lst day of mo,0.00
M1270,,Pts no kid transplt wtlst,0.00
M1271,,Pts dem any time/dur mo,0.00
M1272,,Pts kid transplt wtlst,0.00
M1273,,Pts snf 1 yr dialysis,0.00
M1274,,Pts snf exl mo,0.00
M1275,,Pts hosp exl,0.00
M1276,,Calc bmi out nrm param nof/u,0.00
M1277,,Colorectal ca screen doc rev,0.00
M1278,,"Pre-htn or htn doc, f/u indc",0.00
M1279,,"Pre-htn/htn, no f/u, not gvn",0.00
M1280,,Bilat mast/hx bi /unilat mas,0.00
M1281,,Bp scrn no perf at interval,0.00
M1282,,Pt scrn tbco id as non user,0.00
M1283,,Pt scrn tbco and id as user,0.00
M1284,,Pt 66+ snp or ltc pos > 90d,0.00
M1285,,Scrn mam perf rslts not doc,0.00
M1286,,Bmi doc onl fup not cmpltd,0.00
M1287,,Calc bmi blw low param f/u,0.00
M1288,,Doc rsn no hbp scrn or f/u,0.00
M1289,,No pt tbco cess interv rng,0.00
M1290,,Pt not eli d/t act dig htn,0.00
M1291,,Pt 66+ frailty and med dem,0.00
M1292,,Pt 66+ frail inpt adv ill,0.00
M1293,,Calc bmi abv up param f/u,0.00
M1294,,Bp scrn perf rec interval,0.00
M1295,,Pt hx tot col or colon ca,0.00
M1296,,Calc bmi norm parameters,0.00
M1297,,Bmi not doc medrsn ptref,0.00
M1298,,Doc pt preg dur msrmt pd,0.00
M1299,,Flu immunize order/admin,0.00
M1300,,Flu imm no admin doc rea,0.00
M1301,,Pt recv tbco cess interv,0.00
M1302,,Scrn mam perf rslts doc,0.00
M1303,,Hospc serv dur meas pd,0.00
M1304,,No pneum vax admin 19+,0.00
M1305,,Pneum vax admin 19+,0.00
M1306,,Pt anphx due to pneum,0.00
M1307,,Doc pt pal or hospice,0.00
M1308,,Flu immunize no admin,0.00
M1309,,Pall serv during meas,0.00
M1310,,Pt scr tob & cess int,0.00
M1311,,Aphlx to vax bef enc,0.00
M1312,,No pt tbco scrn rng,0.00
M1313,,No tob scr/cess int,0.00
M1314,,Bmi not calculated,0.00
M1315,,Crc no doc no rsn,0.00
M1316,,Tobacco non-user,0.00
M1317,,Pts counsl cpt opt out,0.00
M1318,,Pts no csp doc contact,0.00
M1319,,Pts csp doc contact,0.00
M1320,,Pts scrn + hrsn,0.00
M1321,,"Pts no 7wk inj,no iop,iop>25",0.00
M1322,,"Pts 7wk inj, scrn iop =<25",0.00
M1323,,"Pts 7wk inj, scrn iop >25",0.00
M1324,,Pts intravitreal/pci,0.00
M1325,,Doc med rsn not seen,0.00
M1326,,Pts dx hypotony,0.00
M1327,,Pts no eval ini xm no 8 wks,0.00
M1328,,Pts dx acute vitreous hem,0.00
M1329,,Pts act pvd 2 wks 8 wks,0.00
M1330,,Doc pts rsn no f/u xm,0.00
M1331,,Pts eval ini xm 8 wks,0.00
M1332,,Pts no eval ini xm no 2 wks,0.00
M1333,,Acute vitreous hemorrhage,0.00
M1334,,Pts act pvd 2 wks 2 wks,0.00
M1335,,Doc pts rsn no f/u xm,0.00
M1336,,Pts eval ini xm 2 wks,0.00
M1337,,Acute pvd,0.00
M1338,,Pt f/u 30-180 dys no + imprv,0.00
M1339,,Pts f/u 30-180 dys + improv,0.00
M1340,,Indx whodas 2.0 or sds,0.00
M1341,,Pt no f/u 30-180 dys,0.00
M1342,,Pts died perf per,0.00
M1343,,Pt pam lvl 4 base or srt lin,0.00
M1344,,No bsln/2nd pam score 4-12mo,0.00
M1345,,"Pt bsln pam, 2nd scr 4-12 mo",0.00
M1346,,No pam inc 6 pts 4-12 mo,0.00
M1347,,Pt pam incr 3 pt 4-12 mo,0.00
M1348,,Pam incr 6 pt 4-12 mo,0.00
M1349,,No pam inc 3 pts 4-12 mo,0.00
M1350,,Pt w/ suic saf pln init rev,0.00
M1351,,Pt cmplt suicd saf pln 120dy,0.00
M1352,,"Suicd c-ssrs assessment, equ",0.00
M1353,,Pts no cmplt suicd saf pln,0.00
M1354,,Pt no suicd saf pln 120dy,0.00
M1355,,Suicd based cln eval,0.00
M1356,,Pt died dur meas pd,0.00
M1357,,Pt w/red suic idea 120 days,0.00
M1358,,Pts no <suicd idea 120 dys,0.00
M1359,,"Indx suicd idea, no 0 scr",0.00
M1360,,Suicd c-ssrs assessment,0.00
M1361,,Suicd based cln eval,0.00
M1362,,Pt died dur meas pd,0.00
M1363,,Pts no f/u 120 dys,0.00
M1364,,Ascvd risk >=20pct,0.00
M1365,,Hosp+pall care spec code 17,0.00
M1366,,Focus on women's health mvp,0.00
M1367,,Qual care ent disorder mvp,0.00
M1368,,Prev trt inf d/o hiv/hep mvp,0.00
M1369,,Qualcare mental hlth/sud mvp,0.00
M1370,,Rehab support msk care mvp,0.00
M1371,,Mst rec gsa<7,0.00
M1372,,Mst rec gsa >=7 and<8,0.00
M1373,,Mst rec gsa >=8 and <=9,0.00
M1374,,Ra dx enc 90 days dur per pd,0.00
M1375,,Ra dx enc 90 days dur per pd,0.00
M1376,,Ra dx enc 90 days dur per pd,0.00
M1377,,Fu colscop 10 yr doc w/ disc,0.00
M1378,,Med rsn no 10 yr fu colscope,0.00
M1379,,10 yr fu no rec rsn not giv,0.00
M1380,,2 rx in perf pd any com meds,0.00
M1381,,Pt sec strk wthin 5 days,0.00
M1382,,Enc dur perf pd pos 11,0.00
M1383,,Acute pvd,0.00
M1384,,Pt died dur perf pd,0.00
M1385,,Pt rsn not seen 2nd pam,0.00
M1386,,Exc sx melmn or mlnm is,0.00
M1387,,Pt died dur perf pd,0.00
M1388,,Pt doc exm rec melmn,0.00
M1389,,,0.00
M1390,,Pt no doc exm for rec,0.00
M1391,,All pt dx w/ rec mlnm,0.00
M1392,,Pt rsn no exm or lst to fu,0.00
M1393,,Pr no dx rec mlnm,0.00
M1394,,Stg i-iii br ca,0.00
M1395,,Init chemo w/def dur ec grp,0.00
M1396,,Pt ther clin trial,0.00
M1397,,Pt w/ recur/prog,0.00
M1398,,Bslne and  fu promis doc,0.00
M1399,,Pt lve prac,0.00
M1400,,Pt died dur perf pd,0.00
M1401,,Stg i-iii br ca,0.00
M1402,,Init chemo w/def dur ec grp,0.00
M1403,,Bslne and fu promis doc,0.00
M1404,,Pt ther clin trial,0.00
M1405,,Pt w/ recur/prog,0.00
M1406,,Pt lve prac,0.00
M1407,,Pt died dur perf pd,0.00
M1408,,Gmln brca bef dx ca,0.00
M1409,,Recd gmln brca1/brca2 couns,0.00
M1410,,No gmln brca1/brca2 couns,0.00
M1411,,1st ln ici no chemo,0.00
M1412,,Met nsclc w/ egfr alk oth ab,0.00
M1413,,Pos pdl1 bef init ici tx,0.00
M1414,,Med rsn no pdl1 bef 1st ther,0.00
M1415,,No pos pdl1 bef ici ther,0.00
M1416,,Pt rec hosp,0.00
M1417,,Pt up to date cov,0.00
M1418,,Med rsn not up to date cov,0.00
M1419,,Pt not up to date cov,0.00
M1420,,Complete ophthalmologic mvp,0.00
M1421,,Dermatological care mvp,0.00
M1422,,Gastroenterology care mvp,0.00
M1423,,Opt care urologic cnd mvp,0.00
M1424,,Pulmonology care mvp,0.00
M1425,,Surgical care mvp,0.00
P2028,,Cephalin floculation test,0.00
P2029,,Congo red blood test,0.00
P2031,,Hair analysis,0.00
P2033,,Blood thymol turbidity,0.00
P2038,,Blood mucoprotein,0.00
P3000,,Screen pap by tech w md supv,0.00
P3001,,Screening pap smear by phys,0.26
P7001,,Culture bacterial urine,0.00
P9010,,Whole blood for transfusion,0.00
P9011,,Blood split unit,0.00
P9012,,Cryoprecipitate each unit,0.00
P9016,,Rbc leukocytes reduced,0.00
P9017,,Plasma 1 donor frz w/in 8 hr,0.00
P9019,,"Platelets, each unit",0.00
P9020,,Plaelet rich plasma unit,0.00
P9021,,Red blood cells unit,0.00
P9022,,Washed red blood cells unit,0.00
P9023,,"Frozen plasma, pooled, sd",0.00
P9025,,Plasma cryo redu path each,0.00
P9026,,Cryo fib comp path redu each,0.00
P9027,,Rbc o2 co2 reduced,0.00
P9031,,Platelets leukocytes reduced,0.00
P9032,,"Platelets, irradiated",0.00
P9033,,Platelets leukoreduced irrad,0.00
P9034,,"Platelets, pheresis",0.00
P9035,,Platelet pheres leukoreduced,0.00
P9036,,Platelet pheresis irradiated,0.00
P9037,,Plate pheres leukoredu irrad,0.00
P9038,,Rbc irradiated,0.00
P9039,,Rbc deglycerolized,0.00
P9040,,Rbc leukoreduced irradiated,0.00
P9041,,"Albumin (human),5%, 50ml",0.00
P9043,,"Plasma protein fract,5%,50ml",0.00
P9044,,Cryoprecipitatereducedplasma,0.00
P9045,,"Albumin (human), 5%, 250 ml",0.00
P9046,,"Albumin (human), 25%, 20 ml",0.00
P9047,,"Albumin (human), 25%, 50ml",0.00
P9048,,"Plasmaprotein fract,5%,250ml",0.00
P9050,,"Granulocytes, pheresis unit",0.00
P9051,,"Blood, l/r, cmv-neg",0.00
P9052,,"Platelets, hla-m, l/r, unit",0.00
P9053,,"Plt, pher, l/r cmv-neg, irr",0.00
P9054,,"Blood, l/r, froz/degly/wash",0.00
P9055,,"Plt, aph/pher, l/r, cmv-neg",0.00
P9056,,"Blood, l/r, irradiated",0.00
P9057,,"Rbc, frz/deg/wsh, l/r, irrad",0.00
P9058,,"Rbc, l/r, cmv-neg, irrad",0.00
P9059,,"Plasma, frz between 8-24hour",0.00
P9060,,Fr frz plasma donor retested,0.00
P9070,,Pathogen reduced plasma pool,0.00
P9071,,Pathogen reduced plasma sing,0.00
P9073,,Platelets pheresis path redu,0.00
P9099,,Blood component/product noc,0.00
P9100,,Pathogen test for platelets,0.00
P9603,,One-way allow prorated miles,0.00
P9604,,One-way allow prorated trip,0.00
P9612,,Catheterize for urine spec,0.00
P9615,,Urine specimen collect mult,0.00
Q0035,,Cardiokymography,0.17
Q0035,TC,Cardiokymography,0.00
Q0035,26,Cardiokymography,0.17
Q0081,,Infusion ther other than che,0.00
Q0083,,Chemo by other than infusion,0.00
Q0084,,Chemotherapy by infusion,0.00
Q0085,,Chemo by both infusion and o,0.00
Q0091,,Obtaining screen pap smear,0.37
Q0092,,Set up port xray equipment,0.00
Q0111,,Wet mounts/ w preparations,0.00
Q0112,,Potassium hydroxide preps,0.00
Q0113,,Pinworm examinations,0.00
Q0114,,Fern test,0.00
Q0115,,Post-coital mucous exam,0.00
Q0138,,"Ferumoxytol, non-esrd",0.00
Q0139,,"Ferumoxytol, esrd use",0.00
Q0144,,"Azithromycin dihydrate, oral",0.00
Q0155,,Dronabinol (syndros) 0.1 mg,0.00
Q0161,,Chlorpromazine hcl 5mg oral,0.00
Q0162,,Ondansetron oral,0.00
Q0163,,Diphenhydramine hcl 50mg,0.00
Q0164,,Prochlorperazine maleate 5mg,0.00
Q0166,,Granisetron hcl 1 mg oral,0.00
Q0167,,Dronabinol 2.5mg oral,0.00
Q0169,,Promethazine hcl 12.5mg oral,0.00
Q0173,,Trimethobenzamide hcl 250mg,0.00
Q0174,,Thiethylperazine maleate10mg,0.00
Q0175,,Perphenazine 4mg oral,0.00
Q0177,,Hydroxyzine pamoate 25mg,0.00
Q0180,,Dolasetron mesylate oral,0.00
Q0181,,Unspecified oral anti-emetic,0.00
Q0220,,"Tixagev and cilgav, 300mg",0.00
Q0221,,"Tixagev and cilgav, 600mg",0.00
Q0222,,Bebtelovimab 175 mg,0.00
Q0224,,"Inj, pemivibart, 4500 mg",0.00
Q0240,,Casirivi and imdevi 600 mg,0.00
Q0243,,Casirivimab and imdevimab,0.00
Q0244,,Casirivi and imdevi 1200 mg,0.00
Q0245,,Bamlanivimab and etesevima,0.00
Q0247,,Sotrovimab,0.00
Q0249,,Tocilizumab for covid-19,0.00
Q0477,,Pwr module pt cable lvad rpl,0.00
Q0478,,"Power adapter, combo vad",0.00
Q0479,,"Power module combo vad, rep",0.00
Q0480,,"Driver pneumatic vad, rep",0.00
Q0481,,"Microprcsr cu elec vad, rep",0.00
Q0482,,"Microprcsr cu combo vad, rep",0.00
Q0483,,"Monitor elec vad, rep",0.00
Q0484,,Monitor elec or comb vad rep,0.00
Q0485,,"Monitor cable elec vad, rep",0.00
Q0486,,Mon cable elec/pneum vad rep,0.00
Q0487,,"Leads any type vad, rep only",0.00
Q0488,,"Pwr pack base elec vad, rep",0.00
Q0489,,"Pwr pck base combo vad, rep",0.00
Q0490,,"Emr pwr source elec vad, rep",0.00
Q0491,,Emr pwr source combo vad rep,0.00
Q0492,,"Emr pwr cbl elec vad, rep",0.00
Q0493,,"Emr pwr cbl combo vad, rep",0.00
Q0494,,"Emr hd pmp elec/combo, rep",0.00
Q0495,,"Charger elec/combo vad, rep",0.00
Q0496,,"Battery elec/combo vad, rep",0.00
Q0497,,"Bat clps elec/comb vad, rep",0.00
Q0498,,"Holster elec/combo vad, rep",0.00
Q0499,,Belt/vest elec/combo vad rep,0.00
Q0500,,"Filters elec/combo vad, rep",0.00
Q0501,,"Shwr cov elec/combo vad, rep",0.00
Q0502,,"Mobility cart pneum vad, rep",0.00
Q0503,,Battery pneum vad replacemnt,0.00
Q0504,,"Pwr adpt pneum vad, rep veh",0.00
Q0506,,Lith-ion batt elec/pneum vad,0.00
Q0507,,Misc sup/acc ext vad,0.00
Q0508,,Mis sup/acc imp vad,0.00
Q0509,,Mis sup/ac imp vad nopay med,0.00
Q0510,,Dispens fee immunosupressive,0.00
Q0511,,"Sup fee antiem,antica,immuno",0.00
Q0512,,Px sup fee anti-can sub pres,0.00
Q0513,,Disp fee inhal drugs/30 days,0.00
Q0514,,Disp fee inhal drugs/90 days,0.00
Q0515,,Sermorelin acetate injection,0.00
Q0521,,Supply fee hiv prep fda appr,0.00
Q1004,,Ntiol category 4,0.00
Q1005,,Ntiol category 5,0.00
Q2004,,Bladder calculi irrig sol,0.00
Q2009,,Fosphenytoin inj pe,0.00
Q2017,,"Teniposide, 50 mg",0.00
Q2026,,Radiesse injection,0.00
Q2028,,"Inj, sculptra, 0.5mg",0.00
Q2034,,Agriflu vaccine,0.00
Q2035,,"Afluria vacc, 3 yrs & >, im",0.00
Q2036,,"Flulaval vacc, 3 yrs & >, im",0.00
Q2037,,"Fluvirin vacc, 3 yrs & >, im",0.00
Q2038,,"Fluzone vacc, 3 yrs & >, im",0.00
Q2039,,"Influenza virus vaccine, nos",0.00
Q2041,,Axicabtagene ciloleucel car+,0.00
Q2042,,Tisagenlecleucel car-pos t,0.00
Q2043,,Sipuleucel-t auto cd54+,0.00
Q2049,,Imported lipodox inj,0.00
Q2050,,Doxorubicin inj 10mg,0.00
Q2052,,"Home ivig, services/supplies",0.00
Q2053,,Brexucabtagene car pos t,0.00
Q2054,,Lisocabtagene mara car pos t,0.00
Q2055,,Idecabtagene vicleucel car,0.00
Q2056,,Ciltacabtagene car-pos t,0.00
Q3001,,Brachytherapy radioelements,0.00
Q3014,,Telehealth facility fee,0.00
Q3027,,Inj beta interferon im 1 mcg,0.00
Q3028,,Inj beta interferon sq 1 mcg,0.00
Q3031,,Collagen skin test,0.00
Q4001,,Cast sup body cast plaster,0.00
Q4002,,Cast sup body cast fiberglas,0.00
Q4003,,Cast sup shoulder cast plstr,0.00
Q4004,,Cast sup shoulder cast fbrgl,0.00
Q4005,,Cast sup long arm adult plst,0.00
Q4006,,Cast sup long arm adult fbrg,0.00
Q4007,,Cast sup long arm ped plster,0.00
Q4008,,Cast sup long arm ped fbrgls,0.00
Q4009,,Cast sup sht arm adult plstr,0.00
Q4010,,Cast sup sht arm adult fbrgl,0.00
Q4011,,Cast sup sht arm ped plaster,0.00
Q4012,,Cast sup sht arm ped fbrglas,0.00
Q4013,,Cast sup gauntlet plaster,0.00
Q4014,,Cast sup gauntlet fiberglass,0.00
Q4015,,Cast sup gauntlet ped plster,0.00
Q4016,,Cast sup gauntlet ped fbrgls,0.00
Q4017,,Cast sup lng arm splint plst,0.00
Q4018,,Cast sup lng arm splint fbrg,0.00
Q4019,,Cast sup lng arm splnt ped p,0.00
Q4020,,Cast sup lng arm splnt ped f,0.00
Q4021,,Cast sup sht arm splint plst,0.00
Q4022,,Cast sup sht arm splint fbrg,0.00
Q4023,,Cast sup sht arm splnt ped p,0.00
Q4024,,Cast sup sht arm splnt ped f,0.00
Q4025,,Cast sup hip spica plaster,0.00
Q4026,,Cast sup hip spica fiberglas,0.00
Q4027,,Cast sup hip spica ped plstr,0.00
Q4028,,Cast sup hip spica ped fbrgl,0.00
Q4029,,Cast sup long leg plaster,0.00
Q4030,,Cast sup long leg fiberglass,0.00
Q4031,,Cast sup lng leg ped plaster,0.00
Q4032,,Cast sup lng leg ped fbrgls,0.00
Q4033,,Cast sup lng leg cylinder pl,0.00
Q4034,,Cast sup lng leg cylinder fb,0.00
Q4035,,Cast sup lngleg cylndr ped p,0.00
Q4036,,Cast sup lngleg cylndr ped f,0.00
Q4037,,Cast sup shrt leg plaster,0.00
Q4038,,Cast sup shrt leg fiberglass,0.00
Q4039,,Cast sup shrt leg ped plster,0.00
Q4040,,Cast sup shrt leg ped fbrgls,0.00
Q4041,,Cast sup lng leg splnt plstr,0.00
Q4042,,Cast sup lng leg splnt fbrgl,0.00
Q4043,,Cast sup lng leg splnt ped p,0.00
Q4044,,Cast sup lng leg splnt ped f,0.00
Q4045,,Cast sup sht leg splnt plstr,0.00
Q4046,,Cast sup sht leg splnt fbrgl,0.00
Q4047,,Cast sup sht leg splnt ped p,0.00
Q4048,,Cast sup sht leg splnt ped f,0.00
Q4049,,"Finger splint, static",0.00
Q4050,,Cast supplies unlisted,0.00
Q4051,,Splint supplies misc,0.00
Q4074,,Iloprost non-comp unit dose,0.00
Q4081,,"Epoetin alfa, 100 units esrd",0.00
Q4082,,Drug/bio noc part b drug cap,0.00
Q4100,,"Skin substitute, nos",0.00
Q4101,,Apligraf,0.00
Q4102,,Oasis wound matrix,0.00
Q4103,,Oasis burn matrix,0.00
Q4104,,Integra bmwd,0.00
Q4105,,Integra drt or omnigraft,0.00
Q4106,,Dermagraft,0.00
Q4107,,Graftjacket,0.00
Q4108,,Integra matrix,0.00
Q4110,,Primatrix,0.00
Q4111,,Gammagraft,0.00
Q4112,,Cymetra injectable,0.00
Q4113,,Graftjacket xpress,0.00
Q4114,,Integra flowable wound matri,0.00
Q4115,,Alloskin,0.00
Q4116,,Alloderm,0.00
Q4117,,Hyalomatrix,0.00
Q4118,,Matristem micromatrix,0.00
Q4121,,Theraskin,0.00
Q4122,,"Dermacell, awm, porous sq cm",0.00
Q4123,,Alloskin,0.00
Q4124,,Oasis tri-layer wound matrix,0.00
Q4125,,Arthroflex,0.00
Q4126,,Memoderm/derma/tranz/integup,0.00
Q4127,,Talymed,0.00
Q4128,,Flexhd/allopatchhd/sq cm,0.00
Q4130,,Strattice tm,0.00
Q4132,,"Grafix core, grafixpl core",0.00
Q4133,,Grafix stravix prime pl sqcm,0.00
Q4134,,Hmatrix,0.00
Q4135,,Mediskin,0.00
Q4136,,Ezderm,0.00
Q4137,,Amnioexcel biodexcel 1sq cm,0.00
Q4138,,"Biodfence dryflex, 1cm",0.00
Q4139,,"Amnio or biodmatrix, inj 1cc",0.00
Q4140,,Biodfence 1cm,0.00
Q4141,,"Alloskin ac, 1 cm",0.00
Q4142,,Xcm biologic tiss matrix 1cm,0.00
Q4143,,"Repriza, 1cm",0.00
Q4145,,"Epifix, inj, 1mg",0.00
Q4146,,"Tensix, 1cm",0.00
Q4147,,Architect ecm px fx 1 sq cm,0.00
Q4148,,Neox neox rt or clarix cord,0.00
Q4149,,"Excellagen, 0.1 cc",0.00
Q4150,,Allowrap ds or dry 1 sq cm,0.00
Q4151,,"Amnioband, guardian 1 sq cm",0.00
Q4152,,Dermapure 1 square cm,0.00
Q4153,,"Dermavest, plurivest sq cm",0.00
Q4154,,Biovance 1 square cm,0.00
Q4155,,Neoxflo or clarixflo 1 mg,0.00
Q4156,,Neox 100 or clarix 100,0.00
Q4157,,Revitalon 1 square cm,0.00
Q4158,,"Kerecis omega3, per sq cm",0.00
Q4159,,Affinity1 square cm,0.00
Q4160,,Nushield 1 square cm,0.00
Q4161,,Bio-connekt per square cm,0.00
Q4162,,"Wndex flw, bioskn flw, 0.5cc",0.00
Q4163,,"Woundex, bioskin, per sq cm",0.00
Q4164,,"Helicoll, per square cm",0.00
Q4165,,"Keramatrix, kerasorb sq cm",0.00
Q4166,,"Cytal, per square centimeter",0.00
Q4167,,"Truskin, per sq centimeter",0.00
Q4168,,"Amnioband, 1 mg",0.00
Q4169,,"Artacent wound, per sq cm",0.00
Q4170,,"Cygnus, per sq cm",0.00
Q4171,,"Interfyl, 1 mg",0.00
Q4173,,Palingen or palingen xplus,0.00
Q4174,,Palingen or promatrx,0.00
Q4175,,Miroderm,0.00
Q4176,,"Neopatch or therion, 1 sq cm",0.00
Q4177,,"Floweramnioflo, 0.1 cc",0.00
Q4178,,"Floweramniopatch, per sq cm",0.00
Q4179,,"Flowerderm, per sq cm",0.00
Q4180,,"Revita, per sq cm",0.00
Q4181,,"Amnio wound, per square cm",0.00
Q4182,,"Transcyte, per sq centimeter",0.00
Q4183,,"Surgigraft, 1 sq cm",0.00
Q4184,,Cellesta or duo per sq cm,0.00
Q4185,,Cellesta flowab amnion 0.5cc,0.00
Q4186,,Epifix 1 sq cm,0.00
Q4187,,Epicord 1 sq cm,0.00
Q4188,,Amnioarmor 1 sq cm,0.00
Q4189,,"Artacent ac, 1 mg",0.00
Q4190,,Artacent ac 1 sq cm,0.00
Q4191,,Restorigin 1 sq cm,0.00
Q4192,,"Restorigin, 1 cc",0.00
Q4193,,Coll-e-derm 1 sq cm,0.00
Q4194,,Novachor 1 sq cm,0.00
Q4195,,Puraply 1 sq cm,0.00
Q4196,,Puraply am 1 sq cm,0.00
Q4197,,Puraply xt 1 sq cm,0.00
Q4198,,Genesis amnio membrane 1sqcm,0.00
Q4199,,"Cygnus matrix, per sq cm",0.00
Q4200,,Skin te 1 sq cm,0.00
Q4201,,Matrion 1 sq cm,0.00
Q4202,,"Keroxx (2.5g/cc), 1cc",0.00
Q4203,,"Derma-gide, 1 sq cm",0.00
Q4204,,Xwrap 1 sq cm,0.00
Q4205,,Membrane graft or wrap sq cm,0.00
Q4206,,Fluid flow or fluid gf 1 cc,0.00
Q4208,,Novafix per sq cm,0.00
Q4209,,Surgraft per sq cm,0.00
Q4211,,Amnion bio or axobio sq cm,0.00
Q4212,,"Allogen, per cc",0.00
Q4213,,"Ascent, 0.5 mg",0.00
Q4214,,Cellesta cord per sq cm,0.00
Q4215,,"Axolotl ambient, cryo 0.1 mg",0.00
Q4216,,Artacent cord per sq cm,0.00
Q4217,,Woundfix biowound plus xplus,0.00
Q4218,,Surgicord per sq cm,0.00
Q4219,,Surgigraft dual per sq cm,0.00
Q4220,,"Bellacell hd, surederm sq cm",0.00
Q4221,,Amniowrap2 per sq cm,0.00
Q4222,,"Progenamatrix, per sq cm",0.00
Q4224,,Hhf10-p per sq cm,0.00
Q4225,,"Amnio or derma tl, per sq cm",0.00
Q4226,,Myown harv prep proc sq cm,0.00
Q4227,,Amniocore per sq cm,0.00
Q4229,,Cogenex amnio memb per sq cm,0.00
Q4230,,Cogenex flow amnion 0.5 cc,0.00
Q4231,,"Corplex p, per cc",0.00
Q4232,,"Corplex, per sq cm",0.00
Q4233,,Surfactor /nudyn per 0.5 cc,0.00
Q4234,,"Xcellerate, per sq cm",0.00
Q4235,,Amniorepair or altiply sq cm,0.00
Q4236,,Carepatch per sq cm,0.00
Q4237,,"Cryo-cord, per sq cm",0.00
Q4238,,"Derm-maxx, per sq cm",0.00
Q4239,,Amnio-maxx or lite per sq cm,0.00
Q4240,,Corecyte topical only 0.5 cc,0.00
Q4241,,"Polycyte, topical only 0.5cc",0.00
Q4242,,"Amniocyte plus, per 0.5 cc",0.00
Q4245,,"Amniotext, per cc",0.00
Q4246,,"Coretext or protext, per cc",0.00
Q4247,,"Amniotext patch, per sq cm",0.00
Q4248,,Dermacyte amn mem allo sq cm,0.00
Q4249,,"Amniply, per sq cm",0.00
Q4250,,Amnioamp-mp per sq cm,0.00
Q4251,,"Vim, per square centimeter",0.00
Q4252,,"Vendaje, per square centimet",0.00
Q4253,,Zenith amniotic membrane psc,0.00
Q4254,,Novafix dl per sq cm,0.00
Q4255,,"Reguard, topical use per sq",0.00
Q4256,,"Mlg complet, per sq cm",0.00
Q4257,,"Relese, per sq cm",0.00
Q4258,,"Enverse, per sq cm",0.00
Q4259,,Celera per sq cm,0.00
Q4260,,"Signature apatch, per sq cm",0.00
Q4261,,"Tag, per square centimeter",0.00
Q4262,,"Dual layer impax, per sq cm",0.00
Q4263,,"Surgraft tl, per sq cm",0.00
Q4264,,"Cocoon membrane, per sq cm",0.00
Q4265,,Neostim tl per sq cm,0.00
Q4266,,Neostim per sq cm,0.00
Q4267,,Neostim dl per sq cm,0.00
Q4268,,Surgraft ft per sq cm,0.00
Q4269,,Surgraft xt per sq cm,0.00
Q4270,,Complete sl per sq cm,0.00
Q4271,,Complete ft per sq cm,0.00
Q4272,,"Esano a, per sq cm",0.00
Q4273,,"Esano aaa, per sq cm",0.00
Q4274,,"Esano ac, per sq cm",0.00
Q4275,,"Esano aca, per sq cm",0.00
Q4276,,"Orion, per sq cm",0.00
Q4278,,"Epieffect, per sq cm",0.00
Q4279,,"Vendaje ac, per sq cm",0.00
Q4280,,Xcell amnio matrix per sq cm,0.00
Q4281,,Barrera slor dl per sq cm,0.00
Q4282,,Cygnus dual per sq cm,0.00
Q4283,,"Biovance tri or 3l, sq cm",0.00
Q4284,,"Dermabind sl, per sq cm",0.00
Q4285,,Nudyn dl or dl mesh pr sq cm,0.00
Q4286,,"Nudyn sl or slw, per sq cm",0.00
Q4287,,"Dermabind dl, per sq cm",0.00
Q4288,,"Dermabind ch, per sq cm",0.00
Q4289,,"Revoshield+ amnio, per sq cm",0.00
Q4290,,Membrane wrap hydr per sq cm,0.00
Q4291,,"Lamellas xt, per sq cm",0.00
Q4292,,"Lamellas, per sq cm",0.00
Q4293,,"Acesso dl, per sq cm",0.00
Q4294,,"Amnio quad-core, per sq cm",0.00
Q4295,,"Amnio tri-core, per sq cm",0.00
Q4296,,"Rebound matrix, per sq cm",0.00
Q4297,,"Emerge matrix, per sq cm",0.00
Q4298,,"Amnicore pro, per sq cm",0.00
Q4299,,"Amnicore pro+, per sq cm",0.00
Q4300,,"Acesso tl, per sq cm",0.00
Q4301,,"Activate matrix, per sq cm",0.00
Q4302,,"Complete aca, per sq cm",0.00
Q4303,,"Complete aa, per sq cm",0.00
Q4304,,"Grafix plus, per sq cm",0.00
Q4305,,Amer am ac tri-lay per sq cm,0.00
Q4306,,Americ amnion ac per sq cm,0.00
Q4307,,"American amnion, per sq cm",0.00
Q4308,,"Sanopellis, per sq cm",0.00
Q4309,,"Via matrix, per sq cm",0.00
Q4310,,"Procenta, per 100 mg",0.00
Q4311,,"Acesso, per sq cm",0.00
Q4312,,"Acesso ac, per sq cm",0.00
Q4313,,"Dermabind fm, per sq cm",0.00
Q4314,,"Reeva, per sq cm",0.00
Q4315,,Regenelink amniotic mem allo,0.00
Q4316,,"Amchoplast, per sq cm",0.00
Q4317,,"Vitograft, per sq cm",0.00
Q4318,,"E-graft, per sq cm",0.00
Q4319,,"Sanograft, per sq cm",0.00
Q4320,,"Pellograft, per sq cm",0.00
Q4321,,"Renograft, per sq cm",0.00
Q4322,,"Caregraft, per sq cm",0.00
Q4323,,"Alloply, per sq cm",0.00
Q4324,,"Amniotx, per sq cm",0.00
Q4325,,"Acapatch, per sq cm",0.00
Q4326,,"Woundplus, per sq cm",0.00
Q4327,,"Duoamnion, per sq cm",0.00
Q4328,,"Most, per sq cm",0.00
Q4329,,"Singlay, per sq cm",0.00
Q4330,,"Total, per sq cm",0.00
Q4331,,"Axolotl graft, per sq cm",0.00
Q4332,,"Axolotl dualgraft, per sq cm",0.00
Q4333,,"Ardeograft, per sq cm",0.00
Q4334,,"Amnioplast 1, per sq cm",0.00
Q4335,,"Amnioplast 2, per sq cm",0.00
Q4336,,"Artecent c, per sq cm",0.00
Q4337,,"Artecent trident, per sq cm",0.00
Q4338,,"Artacent velos, per sq cm",0.00
Q4339,,"Artacent vericlen, per sq cm",0.00
Q4340,,"Simpligraft, per sq cm",0.00
Q4341,,"Simplimax, per sq cm",0.00
Q4342,,"Theramend, per sq cm",0.00
Q4343,,Dermacyte ac matrx per sq cm,0.00
Q4344,,"Tri membrane wrap, per sq cm",0.00
Q4345,,Matrix hd allogrft per sq cm,0.00
Q4346,,Shelter dm matrix per sq cm,0.00
Q4347,,Rampart dl matrix per sq cm,0.00
Q4348,,Sentry sl matrix per sq cm,0.00
Q4349,,Mantle dl matrix per sq cm,0.00
Q4350,,Palisade dm matrix per sq cm,0.00
Q4351,,"Enclose tl matrix, per sq cm",0.00
Q4352,,"Overlay sl matrix, per sq cm",0.00
Q4353,,Xceed tl matrix per sq cm,0.00
Q5001,,Hospice or home hlth in home,0.00
Q5002,,Hospice/home hlth in asst lv,0.00
Q5003,,Hospice in lt/non-skilled nf,0.00
Q5004,,Hospice in snf,0.00
Q5005,,"Hospice, inpatient hospital",0.00
Q5006,,Hospice in hospice facility,0.00
Q5007,,Hospice in ltch,0.00
Q5008,,Hospice in inpatient psych,0.00
Q5009,,"Hospice/home hlth, place nos",0.00
Q5010,,Hospice home care in hospice,0.00
Q5101,,"Injection, zarxio",0.00
Q5103,,"Injection, inflectra",0.00
Q5104,,"Injection, renflexis",0.00
Q5105,,Inj retacrit esrd on dialysi,0.00
Q5106,,Inj retacrit non-esrd use,0.00
Q5107,,Inj mvasi 10 mg,0.00
Q5108,,"Injection, fulphila",0.00
Q5109,,"Injection, ixifi, 10 mg",0.00
Q5110,,Nivestym,0.00
Q5111,,"Injection, udenyca 0.5 mg",0.00
Q5112,,Inj ontruzant 10 mg,0.00
Q5113,,Inj herzuma 10 mg,0.00
Q5114,,Inj ogivri 10 mg,0.00
Q5115,,Inj truxima 10 mg,0.00
Q5116,,"Inj., trazimera, 10 mg",0.00
Q5117,,"Inj., kanjinti, 10 mg",0.00
Q5118,,"Inj., zirabev, 10 mg",0.00
Q5119,,"Inj ruxience, 10 mg",0.00
Q5120,,Inj pegfilgrastim-bmez 0.5mg,0.00
Q5121,,"Inj. avsola, 10 mg",0.00
Q5122,,"Inj, nyvepria",0.00
Q5123,,"Inj. riabni, 10 mg",0.00
Q5124,,"Inj. byooviz, 0.1 mg",0.00
Q5125,,"Inj, releuko 1 mcg",0.00
Q5126,,Inj alymsys 10 mg,0.00
Q5127,,"Inj, stimufend, 0.5 mg",0.00
Q5128,,"Inj, cimerli, 0.1 mg",0.00
Q5129,,"Inj, vegzelma, 10 mg",0.00
Q5130,,"Inj, fylnetra, 0.5 mg",0.00
Q5133,,"Inj, tofidence, 1 mg",0.00
Q5134,,"Inj, tyruko, 1 mg",0.00
Q5135,,"Inj, tyenne, 1 mg",0.00
Q5136,,"Inj. denosumab-bbdz, 1 mg",0.00
Q5137,,"Inj, wezlana, sub cu, 1 mg",0.00
Q5138,,"Inj, wezlana, iv, 1 mg",0.00
Q5139,,"Inj, eculizumab-aeeb, 10 mg",0.00
Q5140,,"Inj adalimumab-fkjp, 1 mg",0.00
Q5141,,"Inj adalimumab-aaty, 1 mg",0.00
Q5142,,"Inj adalimumab-ryvk, 1 mg",0.00
Q5143,,"Inj adalimumab-adbm, 1 mg",0.00
Q5144,,"Inj, idacio, 1 mg",0.00
Q5145,,"Inj, abrilada, 1 mg",0.00
Q5146,,"Inj, hercessi, 10 mg",0.00
Q9001,,Chaplain assessment,0.00
Q9002,,Chaplain counsel individu,0.00
Q9003,,Chaplain counsel group,0.00
Q9004,,Va whole health partner serv,0.00
Q9950,,Inj sulf hexa lipid microsph,0.00
Q9951,,"Locm >= 400 mg/ml iodine,1ml",0.00
Q9953,,"Inj fe-based mr contrast,1ml",0.00
Q9954,,"Oral mr contrast, 100 ml",0.00
Q9955,,"Inj perflexane lip micros,ml",0.00
Q9956,,"Inj octafluoropropane mic,ml",0.00
Q9957,,"Inj perflutren lip micros,ml",0.00
Q9958,,"Hocm <=149 mg/ml iodine, 1ml",0.00
Q9959,,"Hocm 150-199mg/ml iodine,1ml",0.00
Q9960,,"Hocm 200-249mg/ml iodine,1ml",0.00
Q9961,,"Hocm 250-299mg/ml iodine,1ml",0.00
Q9962,,"Hocm 300-349mg/ml iodine,1ml",0.00
Q9963,,"Hocm 350-399mg/ml iodine,1ml",0.00
Q9964,,"Hocm>= 400mg/ml iodine, 1ml",0.00
Q9965,,"Locm 100-199mg/ml iodine,1ml",0.00
Q9966,,"Locm 200-299mg/ml iodine,1ml",0.00
Q9967,,"Locm 300-399mg/ml iodine,1ml",0.00
Q9968,,Visualization adjunct,0.00
Q9969,,Non-heu tc-99m add-on/dose,0.00
Q9982,,Flutemetamol f18 diagnostic,0.00
Q9983,,Florbetaben f18 diagnostic,0.00
Q9991,,Buprenorph xr 100 mg or less,0.00
Q9992,,Buprenorphine xr over 100 mg,0.00
Q9996,,Ustekinumab- ttwe sub cu inj,0.00
Q9997,,Ustekinumab-ttwe iv inj 1 mg,0.00
Q9998,,Ustekinumab-aekn inj,0.00
R0070,,Transport portable x-ray,0.00
R0075,,Transport port x-ray multipl,0.00
R0076,,Transport portable ekg,0.00
S0012,,"Butorphanol tartrate, nasal",0.00
S0013,,"Esketamine, nasal spray",0.00
S0014,,"Tacrine hydrochloride, 10 mg",0.00
S0017,,"Injection, aminocaproic acid",0.00
S0021,,"Injection, cefoperazone sod",0.00
S0023,,"Injection, cimetidine hydroc",0.00
S0028,,"Injection, famotidine, 20 mg",0.00
S0032,,"Injection, nafcillin sodium",0.00
S0034,,"Injection, ofloxacin, 400 mg",0.00
S0039,,"Injection, sulfamethoxazole",0.00
S0040,,"Injection, ticarcillin disod",0.00
S0074,,"Injection, cefotetan disodiu",0.00
S0078,,"Injection, fosphenytoin sodi",0.00
S0080,,"Injection, pentamidine iseth",0.00
S0081,,"Injection, piperacillin sodi",0.00
S0088,,Imatinib 100 mg,0.00
S0090,,"Sildenafil citrate, 25 mg",0.00
S0091,,Granisetron 1mg,0.00
S0092,,Hydromorphone 250 mg,0.00
S0093,,Morphine 500 mg,0.00
S0104,,"Zidovudine, oral, 100 mg",0.00
S0106,,Bupropion hcl sr 60 tablets,0.00
S0108,,Mercaptopurine 50 mg,0.00
S0109,,Methadone oral 5mg,0.00
S0117,,Tretinoin topical 5 g,0.00
S0119,,Ondansetron 4 mg,0.00
S0122,,Inj menotropins 75 iu,0.00
S0126,,Inj follitropin alfa 75 iu,0.00
S0128,,Inj follitropin beta 75 iu,0.00
S0132,,Inj ganirelix acetat 250 mcg,0.00
S0136,,"Clozapine, 25 mg",0.00
S0137,,"Didanosine, 25 mg",0.00
S0138,,"Finasteride, 5 mg",0.00
S0139,,"Minoxidil, 10 mg",0.00
S0140,,"Saquinavir, 200 mg",0.00
S0142,,Colistimethate inh sol mg,0.00
S0145,,Peg interferon alfa-2a/180,0.00
S0148,,Peg interferon alfa-2b/10,0.00
S0155,,Epoprostenol dilutant,0.00
S0156,,"Exemestane, 25 mg",0.00
S0157,,"Becaplermin gel 1%, 0.5 gm",0.00
S0160,,Dextroamphetamine,0.00
S0169,,Calcitrol,0.00
S0170,,Anastrozole 1 mg,0.00
S0172,,Chlorambucil 2 mg,0.00
S0174,,Dolasetron 50 mg,0.00
S0175,,Flutamide 125 mg,0.00
S0176,,Hydroxyurea 500 mg,0.00
S0177,,Levamisole 50 mg,0.00
S0178,,Lomustine 10 mg,0.00
S0179,,Megestrol 20 mg,0.00
S0182,,"Procarbazine, oral",0.00
S0183,,Prochlorperazine 5 mg,0.00
S0187,,Tamoxifen 10 mg,0.00
S0189,,Testosterone pellet 75 mg,0.00
S0190,,"Mifepristone, oral, 200 mg",0.00
S0191,,"Misoprostol, oral, 200 mcg",0.00
S0194,,Vitamin suppl 100 caps,0.00
S0197,,Prenatal vitamins 30 day,0.00
S0199,,Med abortion inc all ex drug,0.00
S0201,,Partial hospitalization serv,0.00
S0207,,Paramedicintercep nonhospals,0.00
S0208,,Paramed intrcept nonvol,0.00
S0209,,Wc van mileage per mi,0.00
S0215,,Nonemerg transp mileage,0.00
S0220,,Medical conference by physic,0.00
S0221,,"Medical conference, 60 min",0.00
S0250,,Comp geriatr assmt team,0.00
S0255,,Hospice refer visit nonmd,0.00
S0257,,End of life counseling,0.00
S0260,,H&p for surgery,0.00
S0265,,Genetic counsel 15 mins,0.00
S0270,,Home std case rate 30 days,0.00
S0271,,Home hospice case 30 days,0.00
S0272,,Home episodic case 30 days,0.00
S0273,,Md home visit outside cap,0.00
S0274,,Nurse practr visit outs cap,0.00
S0280,,"Medical home, initial plan",0.00
S0281,,"Medical home, maintenance",0.00
S0285,,Cnslt before screen colonosc,0.00
S0302,,Completed epsdt,0.00
S0310,,Hospitalist visit,0.00
S0311,,Comp mgmt care coord adv ill,0.00
S0315,,Disease management program,0.00
S0316,,Follow-up/reassessment,0.00
S0317,,Disease mgmt per diem,0.00
S0320,,Rn telephone calls to dmp,0.00
S0340,,Lifestyle mod 1st stage,0.00
S0341,,Lifestyle mod 2 or 3 stage,0.00
S0342,,Lifestyle mod 4th stage,0.00
S0353,,Cancer treatmentplan initial,0.00
S0354,,Cancer treatment plan change,0.00
S0390,,Rout foot care per visit,0.00
S0395,,Impression casting ft,0.00
S0400,,Global eswl kidney,0.00
S0500,,Dispos cont lens,0.00
S0504,,Singl prscrp lens,0.00
S0506,,Bifoc prscp lens,0.00
S0508,,Trifoc prscrp lens,0.00
S0510,,Non-prscrp lens,0.00
S0512,,Daily cont lens,0.00
S0514,,Color cont lens,0.00
S0515,,Scleral lens liquid bandage,0.00
S0516,,Safety frames,0.00
S0518,,Sunglass frames,0.00
S0580,,Polycarb lens,0.00
S0581,,Nonstnd lens,0.00
S0590,,Misc integral lens serv,0.00
S0592,,Comp cont lens eval,0.00
S0595,,New lenses in pts old frame,0.00
S0596,,Phakic iol refractive error,0.00
S0601,,Screening proctoscopy,0.00
S0610,,Annual gynecological examina,0.00
S0612,,Annual gynecological examina,0.00
S0613,,Ann breast exam,0.00
S0618,,Audiometry for hearing aid,0.00
S0620,,Routine ophthalmological exa,0.00
S0621,,Routine ophthalmological exa,0.00
S0622,,Phys exam for college,0.00
S0630,,Removal of sutures,0.00
S0800,,Laser in situ keratomileusis,0.00
S0810,,Photorefractive keratectomy,0.00
S0812,,Phototherap keratect,0.00
S1001,,Deluxe item,0.00
S1002,,Custom item,0.00
S1015,,Iv tubing extension set,0.00
S1016,,Non-pvc intravenous administ,0.00
S1030,,Gluc monitor purchase,0.00
S1031,,Gluc monitor rental,0.00
S1034,,Art pancreas system,0.00
S1035,,Art pancreas inv disp sensor,0.00
S1036,,Art pancreas ext transmitter,0.00
S1037,,Art pancreas ext receiver,0.00
S1040,,Cranial remolding orthosis,0.00
S1091,,Stent non-coronary propel,0.00
S2053,,Transplantation of small int,0.00
S2054,,Transplantation of multivisc,0.00
S2055,,Harvesting of donor multivis,0.00
S2060,,Lobar lung transplantation,0.00
S2061,,Donor lobectomy (lung),0.00
S2065,,Simult panc kidn trans,0.00
S2066,,Breast gap flap reconst,0.00
S2067,,"Breast ""stacked"" diep/gap",0.00
S2068,,Breast diep or siea flap,0.00
S2070,,Cysto laser tx ureteral calc,0.00
S2079,,Lap esophagomyotomy,0.00
S2080,,Laup,0.00
S2083,,Adjustment gastric band,0.00
S2095,,Transcath emboliz microspher,0.00
S2102,,Islet cell tissue transplant,0.00
S2103,,Adrenal tissue transplant,0.00
S2107,,Adoptive immunotherapy,0.00
S2112,,Knee arthroscp harv,0.00
S2115,,Periacetabular osteotomy,0.00
S2117,,"Arthroereisis, subtalar",0.00
S2118,,Total hip resurfacing,0.00
S2120,,Low density lipoprotein(ldl),0.00
S2140,,Cord blood harvesting,0.00
S2142,,Cord blood-derived stem-cell,0.00
S2150,,Bmt harv/transpl 28d pkg,0.00
S2152,,Solid organ transpl pkg,0.00
S2202,,Echosclerotherapy,0.00
S2205,,Minimally invasive direct co,0.00
S2206,,Minimally invasive direct co,0.00
S2207,,Minimally invasive direct co,0.00
S2208,,Minimally invasive direct co,0.00
S2209,,Minimally invasive direct co,0.00
S2225,,Myringotomy laser-assist,0.00
S2230,,Implant semi-imp hear,0.00
S2235,,Implant auditory brain imp,0.00
S2260,,Induced abortion 17-24 weeks,0.00
S2265,,Induced abortion 25-28 wks,0.00
S2266,,Induced abortion 29-31 wks,0.00
S2267,,Induced abortion 32 or more,0.00
S2300,,"Arthroscopy, shoulder, surgi",0.00
S2325,,Hip core decompression,0.00
S2340,,Chemodenervation of abductor,0.00
S2341,,Chemodenerv adduct vocal,0.00
S2342,,Nasal endoscop po debrid,0.00
S2348,,Decompress disc rf lumbar,0.00
S2350,,"Diskectomy, anterior, with d",0.00
S2351,,"Diskectomy, anterior, with d",0.00
S2400,,Fetal surg congen hernia,0.00
S2401,,Fetal surg urin trac obstr,0.00
S2402,,Fetal surg cong cyst malf,0.00
S2403,,Fetal surg pulmon sequest,0.00
S2404,,Fetal surg myelomeningo,0.00
S2405,,Fetal surg sacrococ teratoma,0.00
S2409,,Fetal surg noc,0.00
S2411,,Fetoscop laser ther ttts,0.00
S2900,,Robotic surgical system,0.00
S3000,,Bilat dil retinal exam,0.00
S3005,,Eval self-assess depression,0.00
S3600,,Stat lab,0.00
S3601,,Stat lab home/nf,0.00
S3620,,Newborn metabolic screening,0.00
S3630,,Eosinophil blood count,0.00
S3645,,Hiv-1 antibody testing of or,0.00
S3650,,"Saliva test, hormone level;",0.00
S3652,,"Saliva test, hormone level;",0.00
S3655,,Antisperm antibodies test,0.00
S3708,,Gastrointestinal fat absorpt,0.00
S3722,,Dose optimization auc - 5fu,0.00
S3800,,Genetic testing als,0.00
S3840,,Dna analysis ret-oncogene,0.00
S3841,,Gene test retinoblastoma,0.00
S3842,,Gene test hippel-lindau,0.00
S3844,,Dna analysis deafness,0.00
S3845,,Gene test alpha-thalassemia,0.00
S3846,,Gene test beta-thalassemia,0.00
S3849,,Gene test niemann-pick,0.00
S3850,,Gene test sickle cell,0.00
S3852,,Dna analysis apoe alzheimer,0.00
S3853,,Gene test myo musclr dyst,0.00
S3854,,Gene profile panel breast,0.00
S3861,,Genetic test brugada,0.00
S3865,,Comp genet test hyp cardiomy,0.00
S3866,,Spec gene test hyp cardiomy,0.00
S3870,,Cgh test developmental delay,0.00
S3900,,Surface emg,0.00
S3902,,Ballistocardiogram,0.00
S3904,,Masters two step,0.00
S4005,,Interim labor facility globa,0.00
S4011,,Ivf package,0.00
S4013,,Compl gift case rate,0.00
S4014,,Compl zift case rate,0.00
S4015,,Complete ivf nos case rate,0.00
S4016,,Frozen ivf case rate,0.00
S4017,,Ivf canc a stim case rate,0.00
S4018,,F emb trns canc case rate,0.00
S4020,,Ivf canc a aspir case rate,0.00
S4021,,Ivf canc p aspir case rate,0.00
S4022,,Asst oocyte fert case rate,0.00
S4023,,Incompl donor egg case rate,0.00
S4025,,Donor serv ivf case rate,0.00
S4026,,Procure donor sperm,0.00
S4027,,Store prev froz embryos,0.00
S4028,,Microsurg epi sperm asp,0.00
S4030,,Sperm procure init visit,0.00
S4031,,Sperm procure subs visit,0.00
S4035,,Stimulated iui case rate,0.00
S4037,,Cryo embryo transf case rate,0.00
S4040,,Monit store cryo embryo 30 d,0.00
S4042,,Ovulation mgmt per cycle,0.00
S4981,,Insert levonorgestrel ius,0.00
S4988,,Penile contractur devic manu,0.00
S4989,,Contracept iud,0.00
S4990,,Nicotine patch legend,0.00
S4991,,Nicotine patch nonlegend,0.00
S4993,,Contraceptive pills for bc,0.00
S4995,,Smoking cessation gum,0.00
S5000,,"Prescription drug, generic",0.00
S5001,,"Prescription drug,brand name",0.00
S5010,,5% dextrose and 0.45% saline,0.00
S5012,,5% dextrose with potassium,0.00
S5013,,5%dextrose/0.45%saline1000ml,0.00
S5014,,D5w/0.45ns w kcl and mgs04,0.00
S5035,,Hit routine device maint,0.00
S5036,,Hit device repair,0.00
S5100,,Adult daycare services 15min,0.00
S5101,,Adult day care per half day,0.00
S5102,,Adult day care per diem,0.00
S5105,,Centerbased day care perdiem,0.00
S5108,,Homecare train pt 15 min,0.00
S5109,,Homecare train pt session,0.00
S5110,,Family homecare training 15m,0.00
S5111,,Family homecare train/sessio,0.00
S5115,,Nonfamily homecare train/15m,0.00
S5116,,Nonfamily hc train/session,0.00
S5120,,Chore services per 15 min,0.00
S5121,,Chore services per diem,0.00
S5125,,Attendant care service /15m,0.00
S5126,,Attendant care service /diem,0.00
S5130,,Homaker service nos per 15m,0.00
S5131,,Homemaker service nos /diem,0.00
S5135,,Adult companioncare per 15m,0.00
S5136,,Adult companioncare per diem,0.00
S5140,,Adult foster care per diem,0.00
S5141,,Adult foster care per month,0.00
S5145,,Child fostercare th per diem,0.00
S5146,,Ther fostercare child /month,0.00
S5150,,Unskilled respite care /15m,0.00
S5151,,Unskilled respitecare /diem,0.00
S5160,,Emer response sys instal&tst,0.00
S5161,,Emer rspns sys serv permonth,0.00
S5162,,Emer rspns system purchase,0.00
S5165,,Home modifications per serv,0.00
S5170,,Homedelivered prepared meal,0.00
S5175,,"Laundry serv,ext,prof,/order",0.00
S5180,,Hh respiratory thrpy in eval,0.00
S5181,,Hh respiratory thrpy nos/day,0.00
S5185,,Med reminder serv per month,0.00
S5190,,Wellness assessment by nonph,0.00
S5199,,Personal care item nos each,0.00
S5497,,Hit cath care noc,0.00
S5498,,Hit simple cath care,0.00
S5501,,Hit complex cath care,0.00
S5502,,Hit interim cath care,0.00
S5517,,Hit declotting kit,0.00
S5518,,Hit cath repair kit,0.00
S5520,,Hit picc insert kit,0.00
S5521,,Hit midline cath insert kit,0.00
S5522,,Hit picc insert no supp,0.00
S5523,,Hip midline cath insert kit,0.00
S5550,,Insulin rapid 5 u,0.00
S5551,,Insulin most rapid 5 u,0.00
S5552,,Insulin intermed 5 u,0.00
S5553,,Insulin long acting 5 u,0.00
S5560,,Insulin reuse pen 1.5 ml,0.00
S5561,,Insulin reuse pen 3 ml,0.00
S5565,,Insulin cartridge 150 u,0.00
S5566,,Insulin cartridge 300 u,0.00
S5570,,Insulin dispos pen 1.5 ml,0.00
S5571,,Insulin dispos pen 3 ml,0.00
S8030,,Tantalum ring application,0.00
S8035,,Magnetic source imaging,0.00
S8037,,Mrcp,0.00
S8040,,Topographic brain mapping,0.00
S8042,,Mri low field,0.00
S8055,,Us guidance fetal reduct,0.00
S8080,,Scintimammography,0.00
S8085,,Fluorine-18 fluorodeoxygluco,0.00
S8092,,Electron beam computed tomog,0.00
S8096,,Portable peak flow meter,0.00
S8097,,Asthma kit,0.00
S8100,,Spacer without mask,0.00
S8101,,Spacer with mask,0.00
S8110,,Peak expiratory flow rate (p,0.00
S8120,,O2 contents gas cubic ft,0.00
S8121,,O2 contents liquid lb,0.00
S8130,,Interferential stim 2 chan,0.00
S8131,,Interferential stim 4 chan,0.00
S8185,,Flutter device,0.00
S8186,,Swivel adaptor,0.00
S8189,,Trach supply noc,0.00
S8210,,Mucus trap,0.00
S8265,,Haberman feeder,0.00
S8270,,Enuresis alarm,0.00
S8301,,Infect control supplies nos,0.00
S8415,,Supplies for home delivery,0.00
S8420,,Custom gradient sleev/glov,0.00
S8421,,Ready gradient sleev/glov,0.00
S8422,,Custom grad sleeve med,0.00
S8423,,Custom grad sleeve heavy,0.00
S8424,,Ready gradient sleeve,0.00
S8425,,Custom grad glove med,0.00
S8426,,Custom grad glove heavy,0.00
S8427,,Ready gradient glove,0.00
S8428,,Ready gradient gauntlet,0.00
S8429,,Gradient pressure wrap,0.00
S8430,,Padding for comprssn bdg,0.00
S8431,,Compression bandage,0.00
S8450,,Splint digit,0.00
S8451,,Splint wrist or ankle,0.00
S8452,,Splint elbow,0.00
S8460,,Camisole post-mast,0.00
S8490,,100 insulin syringes,0.00
S8930,,Auricular electrostimulation,0.00
S8940,,Hippotherapy per session,0.00
S8948,,Low-level laser trmt 15 min,0.00
S8950,,"Complex lymphedema therapy,",0.00
S8990,,Pt or manip for maint,0.00
S8999,,Resuscitation bag,0.00
S9001,,Home uterine monitor with or,0.00
S9002,,Intra-vag motion sens biofk,0.00
S9007,,Ultrafiltration monitor,0.00
S9024,,Paranasal sinus ultrasound,0.00
S9025,,Omnicardiogram/cardiointegra,0.00
S9034,,Eswl for gallstones,0.00
S9055,,Procuren or other growth fac,0.00
S9056,,Coma stimulation per diem,0.00
S9061,,Medical supplies and equipme,0.00
S9083,,Urgent care center global,0.00
S9088,,Services provided in urgent,0.00
S9090,,Vertebral axial decompressio,0.00
S9097,,Home visit wound care,0.00
S9098,,Home phototherapy visit,0.00
S9110,,Telemonitoring/home per mnth,0.00
S9117,,Back school visit,0.00
S9122,,Home health aide or certifie,0.00
S9123,,Nursing care in home rn,0.00
S9124,,"Nursing care, in the home; b",0.00
S9125,,"Respite care, in the home, p",0.00
S9126,,"Hospice care, in the home, p",0.00
S9127,,"Social work visit, in the ho",0.00
S9128,,"Speech therapy, in the home,",0.00
S9129,,"Occupational therapy, in the",0.00
S9131,,Pt in the home per diem,0.00
S9140,,"Diabetic management program,",0.00
S9141,,"Diabetic management program,",0.00
S9145,,Insulin pump initiation,0.00
S9150,,Evaluation by ocularist,0.00
S9152,,"Speech therapy, re-eval",0.00
S9208,,Home mgmt preterm labor,0.00
S9209,,Home mgmt pprom,0.00
S9211,,Home mgmt gest hypertension,0.00
S9212,,Hm postpar hyper per diem,0.00
S9213,,Hm preeclamp per diem,0.00
S9214,,Hm gest dm per diem,0.00
S9325,,Hit pain mgmt per diem,0.00
S9326,,Hit cont pain per diem,0.00
S9327,,Hit int pain per diem,0.00
S9328,,Hit pain imp pump diem,0.00
S9329,,Hit chemo per diem,0.00
S9330,,Hit cont chem diem,0.00
S9331,,Hit intermit chemo diem,0.00
S9335,,Ht hemodialysis diem,0.00
S9336,,Hit cont anticoag diem,0.00
S9338,,Hit immunotherapy diem,0.00
S9339,,Hit periton dialysis diem,0.00
S9340,,Hit enteral per diem,0.00
S9341,,Hit enteral grav diem,0.00
S9342,,Hit enteral pump diem,0.00
S9343,,Hit enteral bolus nurs,0.00
S9345,,Hit anti-hemophil diem,0.00
S9346,,Hit alpha-1-proteinas diem,0.00
S9347,,Hit longterm infusion diem,0.00
S9348,,Hit sympathomim diem,0.00
S9349,,Hit tocolysis diem,0.00
S9351,,Hit cont antiemetic diem,0.00
S9353,,Hit cont insulin diem,0.00
S9355,,Hit chelation diem,0.00
S9357,,Hit enzyme replace diem,0.00
S9359,,Hit anti-tnf per diem,0.00
S9361,,Hit diuretic infus diem,0.00
S9363,,Hit anti-spasmotic diem,0.00
S9364,,Hit tpn total diem,0.00
S9365,,Hit tpn 1 liter diem,0.00
S9366,,Hit tpn 2 liter diem,0.00
S9367,,Hit tpn 3 liter diem,0.00
S9368,,Hit tpn over 3l diem,0.00
S9370,,Ht inj antiemetic diem,0.00
S9372,,Ht inj anticoag diem,0.00
S9373,,Hit hydra total diem,0.00
S9374,,Hit hydra 1 liter diem,0.00
S9375,,Hit hydra 2 liter diem,0.00
S9376,,Hit hydra 3 liter diem,0.00
S9377,,Hit hydra over 3l diem,0.00
S9379,,Hit noc per diem,0.00
S9381,,Hit high risk/escort,0.00
S9401,,Anticoag clinic per session,0.00
S9430,,Pharmacy comp/disp serv,0.00
S9432,,Med food non inborn err meta,0.00
S9433,,Medical food oral 100% nutr,0.00
S9434,,Mod solid food suppl,0.00
S9435,,Medical foods for inborn err,0.00
S9436,,Lamaze class,0.00
S9437,,Childbirth refresher class,0.00
S9438,,Cesarean birth class,0.00
S9439,,Vbac class,0.00
S9441,,Asthma education,0.00
S9442,,Birthing class,0.00
S9443,,Lactation class,0.00
S9444,,Parenting class,0.00
S9445,,Pt education noc individ,0.00
S9446,,Pt education noc group,0.00
S9447,,Infant safety class,0.00
S9449,,Weight mgmt class,0.00
S9451,,Exercise class,0.00
S9452,,Nutrition class,0.00
S9453,,Smoking cessation class,0.00
S9454,,Stress mgmt class,0.00
S9455,,"Diabetic management program,",0.00
S9460,,"Diabetic management program,",0.00
S9465,,"Diabetic management program,",0.00
S9470,,"Nutritional counseling, diet",0.00
S9472,,Cardiac rehabilitation progr,0.00
S9473,,Pulmonary rehabilitation pro,0.00
S9474,,Enterostomal therapy by a re,0.00
S9475,,Ambulatory setting substance,0.00
S9476,,Vestibular rehab per diem,0.00
S9480,,Intensive outpatient psychia,0.00
S9482,,Family stabilization 15 min,0.00
S9484,,Crisis intervention per hour,0.00
S9485,,Crisis intervention mental h,0.00
S9490,,Hit corticosteroid/diem,0.00
S9494,,Hit antibiotic total diem,0.00
S9497,,Hit antibiotic q3h diem,0.00
S9500,,Hit antibiotic q24h diem,0.00
S9501,,Hit antibiotic q12h diem,0.00
S9502,,Hit antibiotic q8h diem,0.00
S9503,,Hit antibiotic q6h diem,0.00
S9504,,Hit antibiotic q4h diem,0.00
S9529,,Venipuncture home/snf,0.00
S9537,,Ht hem horm inj diem,0.00
S9538,,Hit blood products diem,0.00
S9542,,Ht inj noc per diem,0.00
S9558,,Ht inj growth horm diem,0.00
S9559,,Hit inj interferon diem,0.00
S9560,,Ht inj hormone diem,0.00
S9562,,Ht inj palivizumab/ab diem,0.00
S9563,,Ht inj immuno diem,0.00
S9590,,Ht irrigation diem,0.00
S9810,,Ht pharm per hour,0.00
S9900,,Christian sci pract visit,0.00
S9901,,Christian sci nurse visit,0.00
S9960,,Air ambulanc nonemerg fixed,0.00
S9961,,Air ambulan nonemerg rotary,0.00
S9970,,Health club membership yr,0.00
S9975,,Transplant related per diem,0.00
S9976,,Lodging per diem,0.00
S9977,,Meals per diem,0.00
S9981,,Med record copy admin,0.00
S9982,,Med record copy per page,0.00
S9986,,Not medically necessary svc,0.00
S9988,,Serv part of phase i trial,0.00
S9989,,Services outside us,0.00
S9990,,Services provided as part of,0.00
S9991,,Services provided as part of,0.00
S9992,,Transportation costs to and,0.00
S9994,,Lodging costs (e.g. hotel ch,0.00
S9996,,Meals for clinical trial par,0.00
S9999,,Sales tax,0.00
T1000,,Private duty/independent nsg,0.00
T1001,,Nursing assessment/evaluatn,0.00
T1002,,Rn services up to 15 minutes,0.00
T1003,,Lpn/lvn services up to 15min,0.00
T1004,,Nsg aide service up to 15min,0.00
T1005,,Respite care service 15 min,0.00
T1006,,Family/couple counseling,0.00
T1007,,Treatment plan development,0.00
T1009,,Child sitting services,0.00
T1010,,Meals when receive services,0.00
T1012,,Alcohol/substance abuse skil,0.00
T1013,,Sign lang/oral interpreter,0.00
T1014,,"Telehealth transmit, per min",0.00
T1015,,Clinic service,0.00
T1016,,Case management,0.00
T1017,,Targeted case management,0.00
T1018,,School-based iep ser bundled,0.00
T1019,,Personal care ser per 15 min,0.00
T1020,,Personal care ser per diem,0.00
T1021,,Hh aide or cn aide per visit,0.00
T1022,,Contracted services per day,0.00
T1023,,Program intake assessment,0.00
T1024,,Team evaluation & management,0.00
T1025,,"Ped compr care pkg, per diem",0.00
T1026,,"Ped compr care pkg, per hour",0.00
T1027,,Family training & counseling,0.00
T1028,,Home environment assessment,0.00
T1029,,Dwelling lead investigation,0.00
T1030,,Rn home care per diem,0.00
T1031,,Lpn home care per diem,0.00
T1032,,Sv doula brth wrk per 15 min,0.00
T1033,,Sv doula brth wrk per diem,0.00
T1040,,Comm bh clinic svc per diem,0.00
T1041,,Comm bh clinic svc per month,0.00
T1502,,Medication admin visit,0.00
T1503,,"Med admin, not oral/inject",0.00
T1505,,"Elec med comp dev, noc",0.00
T1999,,Noc retail items andsupplies,0.00
T2001,,N-et; patient attend/escort,0.00
T2002,,N-et; per diem,0.00
T2003,,N-et; encounter/trip,0.00
T2004,,N-et; commerc carrier pass,0.00
T2005,,N-et; stretcher van,0.00
T2007,,Non-emer transport wait time,0.00
T2010,,Pasrr level i,0.00
T2011,,Pasrr level ii,0.00
T2012,,"Habil ed waiver, per diem",0.00
T2013,,Habil ed waiver per hour,0.00
T2014,,"Habil prevoc waiver, per d",0.00
T2015,,Habil prevoc waiver per hr,0.00
T2016,,Habil res waiver per diem,0.00
T2017,,Habil res waiver 15 min,0.00
T2018,,Habil sup empl waiver/diem,0.00
T2019,,Habil sup empl waiver 15min,0.00
T2020,,Day habil waiver per diem,0.00
T2021,,Day habil waiver per 15 min,0.00
T2022,,"Case management, per month",0.00
T2023,,Targeted case mgmt per month,0.00
T2024,,Serv asmnt/care plan waiver,0.00
T2025,,"Waiver service, nos",0.00
T2026,,Special childcare waiver/d,0.00
T2027,,Spec childcare waiver 15 min,0.00
T2028,,"Special supply, nos waiver",0.00
T2029,,"Special med equip, noswaiver",0.00
T2030,,Assist living waiver/month,0.00
T2031,,Assist living waiver/diem,0.00
T2032,,"Res care, nos waiver/month",0.00
T2033,,"Res, nos waiver per diem",0.00
T2034,,Crisis interven waiver/diem,0.00
T2035,,Utility services waiver,0.00
T2036,,Camp overnite waiver/session,0.00
T2037,,Camp day waiver/session,0.00
T2038,,Comm trans waiver/service,0.00
T2039,,Vehicle mod waiver/service,0.00
T2040,,Financial mgt waiver/15min,0.00
T2041,,Support broker waiver/15 min,0.00
T2042,,Hospice routine home care,0.00
T2043,,Hospice continuous home care,0.00
T2044,,Hospice respite care,0.00
T2045,,Hospice general care,0.00
T2046,,"Hospice long term care, r&b",0.00
T2047,,Hab prevo waiver per 15,0.00
T2048,,"Bh ltc res r&b, per diem",0.00
T2049,,"N-et; stretcher van, mileage",0.00
T2050,,Financial mgt waiver/diem,0.00
T2051,,Support broker waiver/diem,0.00
T2101,,Breast milk proc/store/dist,0.00
T4521,,Adult size brief/diaper sm,0.00
T4522,,Adult size brief/diaper med,0.00
T4523,,Adult size brief/diaper lg,0.00
T4524,,Adult size brief/diaper xl,0.00
T4525,,Adult size pull-on sm,0.00
T4526,,Adult size pull-on med,0.00
T4527,,Adult size pull-on lg,0.00
T4528,,Adult size pull-on xl,0.00
T4529,,Ped size brief/diaper sm/med,0.00
T4530,,Ped size brief/diaper lg,0.00
T4531,,Ped size pull-on sm/med,0.00
T4532,,Ped size pull-on lg,0.00
T4533,,Youth size brief/diaper,0.00
T4534,,Youth size pull-on,0.00
T4535,,Disposable liner/shield/pad,0.00
T4536,,Reusable pull-on any size,0.00
T4537,,Reusable underpad bed size,0.00
T4538,,Diaper serv reusable diaper,0.00
T4539,,Reuse diaper/brief any size,0.00
T4540,,Reusable underpad chair size,0.00
T4541,,Large disposable underpad,0.00
T4542,,Small disposable underpad,0.00
T4543,,Adult disp brief/diap abv xl,0.00
T4544,,Adlt disp und/pull on abv xl,0.00
T4545,,Incon disposable penile wrap,0.00
T5001,,Position seat spec orth need,0.00
T5999,,"Supply, nos",0.00
V2020,,Vision svcs frames purchases,0.00
V2025,,Eyeglasses delux frames,0.00
V2100,,Lens spher single plano 4.00,0.00
V2101,,Single visn sphere 4.12-7.00,0.00
V2102,,Singl visn sphere 7.12-20.00,0.00
V2103,,Spherocylindr 4.00d/12-2.00d,0.00
V2104,,Spherocylindr 4.00d/2.12-4d,0.00
V2105,,Spherocylinder 4.00d/4.25-6d,0.00
V2106,,Spherocylinder 4.00d/>6.00d,0.00
V2107,,Spherocylinder 4.25d/12-2d,0.00
V2108,,Spherocylinder 4.25d/2.12-4d,0.00
V2109,,Spherocylinder 4.25d/4.25-6d,0.00
V2110,,Spherocylinder 4.25d/over 6d,0.00
V2111,,Spherocylindr 7.25d/.25-2.25,0.00
V2112,,Spherocylindr 7.25d/2.25-4d,0.00
V2113,,Spherocylindr 7.25d/4.25-6d,0.00
V2114,,Spherocylinder over 12.00d,0.00
V2115,,Lens lenticular bifocal,0.00
V2118,,Lens aniseikonic single,0.00
V2121,,"Lenticular lens, single",0.00
V2199,,Lens single vision not oth c,0.00
V2200,,Lens spher bifoc plano 4.00d,0.00
V2201,,Lens sphere bifocal 4.12-7.0,0.00
V2202,,Lens sphere bifocal 7.12-20.,0.00
V2203,,Lens sphcyl bifocal 4.00d/.1,0.00
V2204,,Lens sphcy bifocal 4.00d/2.1,0.00
V2205,,Lens sphcy bifocal 4.00d/4.2,0.00
V2206,,Lens sphcy bifocal 4.00d/ove,0.00
V2207,,Lens sphcy bifocal 4.25-7d/.,0.00
V2208,,Lens sphcy bifocal 4.25-7/2.,0.00
V2209,,Lens sphcy bifocal 4.25-7/4.,0.00
V2210,,Lens sphcy bifocal 4.25-7/ov,0.00
V2211,,Lens sphcy bifo 7.25-12/.25-,0.00
V2212,,Lens sphcyl bifo 7.25-12/2.2,0.00
V2213,,Lens sphcyl bifo 7.25-12/4.2,0.00
V2214,,Lens sphcyl bifocal over 12.,0.00
V2215,,Lens lenticular bifocal,0.00
V2218,,Lens aniseikonic bifocal,0.00
V2219,,Lens bifocal seg width over,0.00
V2220,,Lens bifocal add over 3.25d,0.00
V2221,,"Lenticular lens, bifocal",0.00
V2299,,Lens bifocal speciality,0.00
V2300,,Lens sphere trifocal 4.00d,0.00
V2301,,Lens sphere trifocal 4.12-7.,0.00
V2302,,Lens sphere trifocal 7.12-20,0.00
V2303,,Lens sphcy trifocal 4.0/.12-,0.00
V2304,,Lens sphcy trifocal 4.0/2.25,0.00
V2305,,Lens sphcy trifocal 4.0/4.25,0.00
V2306,,Lens sphcyl trifocal 4.00/>6,0.00
V2307,,Lens sphcy trifocal 4.25-7/.,0.00
V2308,,Lens sphc trifocal 4.25-7/2.,0.00
V2309,,Lens sphc trifocal 4.25-7/4.,0.00
V2310,,Lens sphc trifocal 4.25-7/>6,0.00
V2311,,Lens sphc trifo 7.25-12/.25-,0.00
V2312,,Lens sphc trifo 7.25-12/2.25,0.00
V2313,,Lens sphc trifo 7.25-12/4.25,0.00
V2314,,Lens sphcyl trifocal over 12,0.00
V2315,,Lens lenticular trifocal,0.00
V2318,,Lens aniseikonic trifocal,0.00
V2319,,Lens trifocal seg width > 28,0.00
V2320,,Lens trifocal add over 3.25d,0.00
V2321,,"Lenticular lens, trifocal",0.00
V2399,,Lens trifocal speciality,0.00
V2410,,Lens variab asphericity sing,0.00
V2430,,Lens variable asphericity bi,0.00
V2499,,Variable asphericity lens,0.00
V2500,,Contact lens pmma spherical,0.00
V2501,,Cntct lens pmma-toric/prism,0.00
V2502,,Contact lens pmma bifocal,0.00
V2503,,Cntct lens pmma color vision,0.00
V2510,,Cntct gas permeable sphericl,0.00
V2511,,Cntct toric prism ballast,0.00
V2512,,Cntct lens gas permbl bifocl,0.00
V2513,,Contact lens extended wear,0.00
V2520,,Contact lens hydrophilic,0.00
V2521,,Cntct lens hydrophilic toric,0.00
V2522,,Cntct lens hydrophil bifocl,0.00
V2523,,Cntct lens hydrophil extend,0.00
V2524,,Cntct lens hydrophil photoch,0.00
V2525,,"Cl, hydrophilic, dual focus",0.00
V2526,,Cntct lens blue violet,0.00
V2530,,Contact lens gas impermeable,0.00
V2531,,Contact lens gas permeable,0.00
V2599,,Contact lens/es other type,0.00
V2600,,Hand held low vision aids,0.00
V2610,,Single lens spectacle mount,0.00
V2615,,Telescop/othr compound lens,0.00
V2623,,Plastic eye prosth custom,0.00
V2624,,Polishing artifical eye,0.00
V2625,,Enlargemnt of eye prosthesis,0.00
V2626,,Reduction of eye prosthesis,0.00
V2627,,Scleral cover shell,0.00
V2628,,Fabrication & fitting,0.00
V2629,,Prosthetic eye other type,0.00
V2630,,Anter chamber intraocul lens,0.00
V2631,,Iris support intraoclr lens,0.00
V2632,,Post chmbr intraocular lens,0.00
V2700,,Balance lens,0.00
V2702,,Deluxe lens feature,0.00
V2710,,Glass/plastic slab off prism,0.00
V2715,,Prism lens/es,0.00
V2718,,Fresnell prism press-on lens,0.00
V2730,,Special base curve,0.00
V2744,,Tint photochromatic lens/es,0.00
V2745,,"Tint, any color/solid/grad",0.00
V2750,,Anti-reflective coating,0.00
V2755,,Uv lens/es,0.00
V2756,,Eye glass case,0.00
V2760,,Scratch resistant coating,0.00
V2761,,Mirror coating,0.00
V2762,,"Polarization, any lens",0.00
V2770,,Occluder lens/es,0.00
V2780,,Oversize lens/es,0.00
V2781,,Progressive lens per lens,0.00
V2782,,"Lens, 1.54-1.65 p/1.60-1.79g",0.00
V2783,,"Lens, >= 1.66 p/>=1.80 g",0.00
V2784,,Lens polycarb or equal,0.00
V2785,,Corneal tissue processing,0.00
V2786,,Occupational multifocal lens,0.00
V2787,,Astigmatism-correct function,0.00
V2788,,Presbyopia-correct function,0.00
V2790,,Amniotic membrane,0.00
V2797,,Vis item/svc in other code,0.00
V2799,,Misc vision item or service,0.00
V5008,,Hearing screening,0.00
V5010,,Assessment for hearing aid,0.00
V5011,,Hearing aid fitting/checking,0.00
V5014,,Hearing aid repair/modifying,0.00
V5020,,Conformity evaluation,0.00
V5030,,Body-worn hearing aid air,0.00
V5040,,Body-worn hearing aid bone,0.00
V5050,,Hearing aid monaural in ear,0.00
V5060,,Behind ear hearing aid,0.00
V5070,,Glasses air conduction,0.00
V5080,,Glasses bone conduction,0.00
V5090,,Hearing aid dispensing fee,0.00
V5095,,Implant mid ear hearing pros,0.00
V5100,,Body-worn bilat hearing aid,0.00
V5110,,Hearing aid dispensing fee,0.00
V5120,,Body-worn binaur hearing aid,0.00
V5130,,In ear binaural hearing aid,0.00
V5140,,Behind ear binaur hearing ai,0.00
V5150,,Glasses binaural hearing aid,0.00
V5160,,Dispensing fee binaural,0.00
V5171,,Hearing aid monaural ite,0.00
V5172,,Hearing aid monaural itc,0.00
V5181,,Hearing aid monaural bte,0.00
V5190,,Hearing aid monaural glasses,0.00
V5200,,Disp fee contralateral monau,0.00
V5211,,Hearing aid binaural ite/ite,0.00
V5212,,Hearing aid binaural ite/itc,0.00
V5213,,Hearing aid binaural ite/bte,0.00
V5214,,Hearing aid binaural itc/itc,0.00
V5215,,Hearing aid binaural itc/bte,0.00
V5221,,Hearing aid binaural bte/bte,0.00
V5230,,Hearing aid binaural glasses,0.00
V5240,,Disp fee contralateral binau,0.00
V5241,,"Dispensing fee, monaural",0.00
V5242,,"Hearing aid, monaural, cic",0.00
V5243,,"Hearing aid, monaural, itc",0.00
V5244,,"Hearing aid, prog, mon, cic",0.00
V5245,,"Hearing aid, prog, mon, itc",0.00
V5246,,"Hearing aid, prog, mon, ite",0.00
V5247,,"Hearing aid, prog, mon, bte",0.00
V5248,,"Hearing aid, binaural, cic",0.00
V5249,,"Hearing aid, binaural, itc",0.00
V5250,,"Hearing aid, prog, bin, cic",0.00
V5251,,"Hearing aid, prog, bin, itc",0.00
V5252,,"Hearing aid, prog, bin, ite",0.00
V5253,,"Hearing aid, prog, bin, bte",0.00
V5254,,"Hearing id, digit, mon, cic",0.00
V5255,,"Hearing aid, digit, mon, itc",0.00
V5256,,"Hearing aid, digit, mon, ite",0.00
V5257,,"Hearing aid, digit, mon, bte",0.00
V5258,,"Hearing aid, digit, bin, cic",0.00
V5259,,"Hearing aid, digit, bin, itc",0.00
V5260,,"Hearing aid, digit, bin, ite",0.00
V5261,,"Hearing aid, digit, bin, bte",0.00
V5262,,"Hearing aid, disp, monaural",0.00
V5263,,"Hearing aid, disp, binaural",0.00
V5264,,Ear mold/insert,0.00
V5265,,"Ear mold/insert, disp",0.00
V5266,,Battery for hearing device,0.00
V5267,,Hearing aid sup/access/dev,0.00
V5268,,Ald telephone amplifier,0.00
V5269,,"Alerting device, any type",0.00
V5270,,"Ald, tv amplifier, any type",0.00
V5271,,"Ald, tv caption decoder",0.00
V5272,,Tdd,0.00
V5273,,Ald for cochlear implant,0.00
V5274,,Ald unspecified,0.00
V5275,,Ear impression,0.00
V5281,,"Ald fm/dm system, monaural",0.00
V5282,,Ald fm/dm system binaural,0.00
V5283,,"Ald neck, loop ind receiver",0.00
V5284,,Ald fm/dm ear level receiver,0.00
V5285,,Ald fm/dm aud input receiver,0.00
V5286,,Ald blu tooth fm/dm receiver,0.00
V5287,,"Ald fm/dm receiver, nos",0.00
V5288,,Ald fm/dm transmitter ald,0.00
V5289,,Ald fm/dm adapt/boot couplin,0.00
V5290,,Ald transmitter microphone,0.00
V5298,,Hearing aid noc,0.00
V5299,,Hearing service,0.00
V5336,,Repair communication device,0.00
V5362,,Speech screening,0.00
V5363,,Language screening,0.00
V5364,,Dysphagia screening,0.00
0001F,,Heart failure composite,0.00
0005F,,Osteoarthritis composite,0.00
00100,,Anesth salivary gland,0.00
00102,,Anesth repair of cleft lip,0.00
00103,,Anesth blepharoplasty,0.00
00104,,Anesth electroshock,0.00
0012F,,Cap bacterial assess,0.00
00120,,Anesth ear surgery,0.00
00124,,Anesth ear exam,0.00
00126,,Anesth tympanotomy,0.00
0014F,,Comp preop assess cat surg,0.00
00140,,Anesth procedures on eye,0.00
00142,,Anesth lens surgery,0.00
00144,,Anesth corneal transplant,0.00
00145,,Anesth vitreoretinal surg,0.00
00147,,Anesth iridectomy,0.00
00148,,Anesth eye exam,0.00
0015F,,Melan follow-up complete,0.00
00160,,Anesth nose/sinus surgery,0.00
00162,,Anesth nose/sinus surgery,0.00
00164,,Anesth biopsy of nose,0.00
00170,,Anesth procedure on mouth,0.00
00172,,Anesth cleft palate repair,0.00
00174,,Anesth pharyngeal surgery,0.00
00176,,Anesth pharyngeal surgery,0.00
00190,,Anesth face/skull bone surg,0.00
00192,,Anesth facial bone surgery,0.00
00210,,Anesth cranial surg nos,0.00
00211,,Anesth cran surg hemotoma,0.00
00212,,Anesth skull drainage,0.00
00214,,Anesth skull drainage,0.00
00215,,Anesth skull repair/fract,0.00
00216,,Anesth head vessel surgery,0.00
00218,,Anesth special head surgery,0.00
00220,,Anesth intrcrn nerve,0.00
00222,,Anesth head nerve surgery,0.00
00300,,Anesth head/neck/ptrunk,0.00
00320,,Anesth neck organ 1yr/>,0.00
00322,,Anesth biopsy of thyroid,0.00
00326,,Anesth larynx/trach < 1 yr,0.00
00350,,Anesth neck vessel surgery,0.00
00352,,Anesth neck vessel surgery,0.00
00400,,Anesth skin ext/per/atrunk,0.00
00402,,Anesth surgery of breast,0.00
00404,,Anesth surgery of breast,0.00
00406,,Anesth surgery of breast,0.00
00410,,Anesth correct heart rhythm,0.00
0042T,,Ct perfusion w/contrast cbf,0.00
00450,,Anesth surgery of shoulder,0.00
00454,,Anesth collar bone biopsy,0.00
00470,,Anesth removal of rib,0.00
00472,,Anesth chest wall repair,0.00
00474,,Anesth surgery of rib,0.00
00500,,Anesth esophageal surgery,0.00
00520,,Anesth chest procedure,0.00
00522,,Anesth chest lining biopsy,0.00
00524,,Anesth chest drainage,0.00
00528,,Anes mediascpy & dx thorscpy,0.00
00529,,Anes medscpy&thorscpy 1 lung,0.00
00530,,Anesth pacemaker insertion,0.00
00532,,Anesth vascular access,0.00
00534,,Anesth cardioverter/defib,0.00
00537,,Anesth cardiac electrophys,0.00
00539,,Anesth trach-bronch reconst,0.00
0054T,,Bone srgry cmptr fluor image,0.00
00540,,Anesth chest surgery,0.00
00541,,Anesth one lung ventilation,0.00
00542,,Anesthesia removal pleura,0.00
00546,,Anesth lung chest wall surg,0.00
00548,,Anesth trachea bronchi surg,0.00
0055T,,Bone srgry cmptr ct/mri imag,0.00
00550,,Anesth sternal debridement,0.00
00560,,Anesth heart surg w/o pump,0.00
00561,,Anesth heart surg <1 yr,0.00
00562,,Anesth hrt surg w/pmp age 1+,0.00
00563,,Anesth heart surg w/arrest,0.00
00566,,Anesth cabg w/o pump,0.00
00567,,Anesth cabg w/pump,0.00
00580,,Anesth heart/lung transplnt,0.00
00600,,Anesth spine cord surgery,0.00
00604,,Anesth sitting procedure,0.00
00620,,Anesth spine cord surgery,0.00
00625,,Anes spine tranthor w/o vent,0.00
00626,,Anes spine transthor w/vent,0.00
00630,,Anesth spine cord surgery,0.00
00632,,Anesth removal of nerves,0.00
00635,,Anesth lumbar puncture,0.00
00640,,Anesth spine manipulation,0.00
00670,,Anesth spine cord surgery,0.00
00700,,Anesth abdominal wall surg,0.00
00702,,Anesth for liver biopsy,0.00
0071T,,Us leiomyomata ablate <200,0.00
0072T,,Fcsd us abltj leiomyom>=200,0.00
00730,,Anesth abdominal wall surg,0.00
00731,,Anes upr gi ndsc px nos,0.00
00732,,Anes upr gi ndsc px ercp,0.00
0075T,,Perq stent/chest vert art,0.00
0075T,TC,Perq stent/chest vert art,0.00
0075T,26,Perq stent/chest vert art,0.00
00750,,Anes hrna rpr upr abd nos,0.00
00752,,Anes hrna rpr lmbr&vnt&/dehs,0.00
00754,,Anes hrna rpr omphalocele,0.00
00756,,Anes hrna rpr diphrg hrna,0.00
0076T,,S&i stent/chest vert art,0.00
0076T,TC,S&i stent/chest vert art,0.00
0076T,26,S&i stent/chest vert art,0.00
00770,,Anes px maj abd blood vessel,0.00
00790,,Anes iper upr abd nos,0.00
00792,,Anes iper upr abd prtl hptc,0.00
00794,,Anes iper upr abd pncrtect,0.00
00796,,Anes iper upr abd lvr trnspl,0.00
00797,,Anes iper upr abd gstr px mo,0.00
00800,,Anesth abdominal wall surg,0.00
00802,,Anesth fat layer removal,0.00
00811,,Anes lwr intst ndsc nos,0.00
00812,,Anes lwr intst scr colsc,0.00
00813,,Anes upr lwr gi ndsc px,0.00
00820,,Anesth abdominal wall surg,0.00
00830,,Anesth repair of hernia,0.00
00832,,Anesth repair of hernia,0.00
00834,,Anesth hernia repair < 1 yr,0.00
00836,,Anesth hernia repair preemie,0.00
00840,,Anesth surg lower abdomen,0.00
00842,,Anesth amniocentesis,0.00
00844,,Anesth pelvis surgery,0.00
00846,,Anesth hysterectomy,0.00
00848,,Anesth pelvic organ surg,0.00
00851,,Anesth tubal ligation,0.00
00860,,Anesth surgery of abdomen,0.00
00862,,Anesth kidney/ureter surg,0.00
00864,,Anesth removal of bladder,0.00
00865,,Anesth removal of prostate,0.00
00866,,Anesth removal of adrenal,0.00
00868,,Anesth kidney transplant,0.00
00870,,Anesth bladder stone surg,0.00
00872,,Anesth kidney stone destruct,0.00
00873,,Anesth kidney stone destruct,0.00
00880,,Anesth abdomen vessel surg,0.00
00882,,Anesth major vein ligation,0.00
00902,,Anesth anorectal surgery,0.00
00904,,Anesth perineal surgery,0.00
00906,,Anes vulvectomy,0.00
00908,,Anesth removal of prostate,0.00
00910,,Anesth bladder surgery,0.00
00912,,Anesth bladder tumor surg,0.00
00914,,Anesth removal of prostate,0.00
00916,,Anesth bleeding control,0.00
00918,,Anesth stone removal,0.00
00920,,Anesth genitalia surgery,0.00
00921,,Anesth vasectomy,0.00
00922,,Anesth sperm duct surgery,0.00
00924,,Anesth testis exploration,0.00
00926,,Anesth removal of testis,0.00
00928,,Anesth removal of testis,0.00
00930,,Anesth testis suspension,0.00
00932,,Anesth amputation of penis,0.00
00934,,Anesth penis nodes removal,0.00
00936,,Anesth penis nodes removal,0.00
00938,,Anesth insert penis device,0.00
00940,,Anesth vaginal procedures,0.00
00942,,Anesth surg on vag/urethral,0.00
00944,,Anesth vaginal hysterectomy,0.00
00948,,Anesth repair of cervix,0.00
0095T,,Rmvl artific disc addl crvcl,0.00
00950,,Anesth vaginal endoscopy,0.00
00952,,Anesth hysteroscope/graph,0.00
0098T,,Rev artific disc addl,0.00
0100T,,Prosth retina receive&gen,0.00
0101T,,Esw muscskel sys nos,0.00
0102T,,Esw phy anes lat hmrl epcndl,0.00
0106T,,Touch quant sensory test,0.00
0107T,,Vibrate quant sensory test,0.00
0108T,,Cool quant sensory test,0.00
0109T,,Heat quant sensory test,0.00
0110T,,Nos quant sensory test,0.00
01112,,Anesth bone aspirate/bx,0.00
01120,,Anesth pelvis surgery,0.00
01130,,Anesth body cast procedure,0.00
01140,,Anesth amputation at pelvis,0.00
01150,,Anesth pelvic tumor surgery,0.00
01160,,Anesth pelvis procedure,0.00
01170,,Anesth pelvis surgery,0.00
01173,,Anesth fx repair pelvis,0.00
01200,,Anesth hip joint procedure,0.00
01202,,Anesth arthroscopy of hip,0.00
01210,,Anesth hip joint surgery,0.00
01212,,Anesth hip disarticulation,0.00
01214,,Anesth hip arthroplasty,0.00
01215,,Anesth revise hip repair,0.00
01220,,Anesth procedure on femur,0.00
01230,,Anesth surgery of femur,0.00
01232,,Anesth amputation of femur,0.00
01234,,Anesth radical femur surg,0.00
01250,,Anesth upper leg surgery,0.00
01260,,Anesth upper leg veins surg,0.00
01270,,Anesth thigh arteries surg,0.00
01272,,Anesth femoral artery surg,0.00
01274,,Anesth femoral embolectomy,0.00
01320,,Anesth knee area surgery,0.00
01340,,Anesth knee area procedure,0.00
01360,,Anesth knee area surgery,0.00
01380,,Anesth knee joint procedure,0.00
01382,,Anesth dx knee arthroscopy,0.00
01390,,Anesth knee area procedure,0.00
01392,,Anesth knee area surgery,0.00
01400,,Anesth knee joint surgery,0.00
01402,,Anesth knee arthroplasty,0.00
01404,,Anesth amputation at knee,0.00
01420,,Anesth knee joint casting,0.00
01430,,Anesth knee veins surgery,0.00
01432,,Anesth knee vessel surg,0.00
01440,,Anesth knee arteries surg,0.00
01442,,Anesth knee artery surg,0.00
01444,,Anesth knee artery repair,0.00
01462,,Anesth lower leg procedure,0.00
01464,,Anesth ankle/ft arthroscopy,0.00
01470,,Anesth lower leg surgery,0.00
01472,,Anesth achilles tendon surg,0.00
01474,,Anesth lower leg surgery,0.00
01480,,Anesth lower leg bone surg,0.00
01482,,Anesth radical leg surgery,0.00
01484,,Anesth lower leg revision,0.00
01486,,Anesth ankle replacement,0.00
01490,,Anesth lower leg casting,0.00
01500,,Anesth leg arteries surg,0.00
01502,,Anesth lwr leg embolectomy,0.00
01520,,Anesth lower leg vein surg,0.00
01522,,Anesth lower leg vein surg,0.00
01610,,Anesth surgery of shoulder,0.00
01620,,Anesth shoulder procedure,0.00
01622,,Anes dx shoulder arthroscopy,0.00
01630,,Anesth surgery of shoulder,0.00
01634,,Anesth shoulder joint amput,0.00
01636,,Anesth forequarter amput,0.00
01638,,Anesth shoulder replacement,0.00
0164T,,Remove lumb artif disc addl,0.00
0165T,,Revise lumb artif disc addl,0.00
01650,,Anesth shoulder artery surg,0.00
01652,,Anesth shoulder vessel surg,0.00
01654,,Anesth shoulder vessel surg,0.00
01656,,Anesth arm-leg vessel surg,0.00
01670,,Anesth shoulder vein surg,0.00
01680,,Anesth shoulder casting,0.00
01710,,Anesth elbow area surgery,0.00
01712,,Anesth uppr arm tendon surg,0.00
01714,,Anesth uppr arm tendon surg,0.00
01716,,Anesth biceps tendon repair,0.00
01730,,Anesth uppr arm procedure,0.00
01732,,Anesth dx elbow arthroscopy,0.00
0174T,,Cad cxr with interp,0.00
01740,,Anesth upper arm surgery,0.00
01742,,Anesth humerus surgery,0.00
01744,,Anesth humerus repair,0.00
0175T,,Cad cxr remote,0.00
01756,,Anesth radical humerus surg,0.00
01758,,Anesth humeral lesion surg,0.00
01760,,Anesth elbow replacement,0.00
01770,,Anesth uppr arm artery surg,0.00
01772,,Anesth uppr arm embolectomy,0.00
01780,,Anesth upper arm vein surg,0.00
01782,,Anesth uppr arm vein repair,0.00
01810,,Anesth lower arm surgery,0.00
01820,,Anesth lower arm procedure,0.00
01829,,Anesth dx wrist arthroscopy,0.00
01830,,Anesth lower arm surgery,0.00
01832,,Anesth wrist replacement,0.00
0184T,,Exc rectal tumor endoscopic,0.00
01840,,Anesth lwr arm artery surg,0.00
01842,,Anesth lwr arm embolectomy,0.00
01844,,Anesth vascular shunt surg,0.00
01850,,Anesth lower arm vein surg,0.00
01852,,Anesth lwr arm vein repair,0.00
01860,,Anesth lower arm casting,0.00
01916,,Anesth dx arteriography,0.00
01920,,Anesth catheterize heart,0.00
01922,,Anesth cat or mri scan,0.00
01924,,Anes ther interven rad artrl,0.00
01925,,Anes ther interven rad card,0.00
01926,,Anes tx interv rad hrt/cran,0.00
01930,,Anes ther interven rad vein,0.00
01931,,Anes ther interven rad tips,0.00
01932,,Anes tx interv rad th vein,0.00
01933,,Anes tx interv rad cran vein,0.00
01937,,Anes drg/aspir crv/thrc,0.00
01938,,Anes drg/aspir lmbr/sac,0.00
01939,,Anes nulyt agt crv/thrc,0.00
01940,,Anes nulyt agt lmbr/sac,0.00
01941,,Anes neuromd/ntrvrt crv/thrc,0.00
01942,,Anes neuromd/ntrvrt lmbr/sac,0.00
01951,,Anes 2&3 burn less 4% tbsa,0.00
01952,,Anes 2&3 burn 4-9% tbsa,0.00
01953,,Anes 2&3 burn ea add 9% tbsa,0.00
01958,,Anes xtrnl cephalic version,0.00
01960,,Anes vaginal delivery only,0.00
01961,,Anes cesarean delivery only,0.00
01962,,Anes urgent hysterectomy,0.00
01963,,Anes cesarean hysterectomy,0.00
01965,,Anes incompl/missed ab px,0.00
01966,,Anes induced abortion px,0.00
01967,,Neuraxl lbr anes vag dlvr,0.00
01968,,Anes/analg cs dlvr neuraxial,0.00
01969,,Anes c hyst flwg neuraxial,0.00
0198T,,Ocular blood flow measure,0.00
01990,,Support for organ donor,0.00
01991,,Anesth nerve block/inj,0.00
01992,,Anesth n block/inj prone,0.00
01996,,Hosp manage cont drug admin,0.00
01999,,Unlisted anes procedure,0.00
0200T,,Perq sacral augmt unilat inj,0.00
0201T,,Perq sacral augmt bilat inj,0.00
0202T,,Post vert arthrplst 1 lumbar,0.00
0207T,,Clear eyelid gland w/heat,0.00
0208T,,Audiometry air only,0.00
0209T,,Audiometry air & bone,0.00
0210T,,Speech audiometry threshold,0.00
0211T,,Speech audiom thresh & recog,0.00
0212T,,Compre audiometry evaluation,0.00
0213T,,Njx paravert w/us cer/thor,0.00
0214T,,Njx paravert w/us cer/thor,0.00
0215T,,Njx paravert w/us cer/thor,0.00
0216T,,Njx paravert w/us lumb/sac,0.00
0217T,,Njx paravert w/us lumb/sac,0.00
0218T,,Njx paravert w/us lumb/sac,0.00
0219T,,Plmt post facet implt cerv,0.00
0220T,,Plmt post facet implt thor,0.00
0221T,,Plmt post facet implt lumb,0.00
0222T,,Plmt post facet implt addl,0.00
0232T,,Njx platelet plasma,0.00
0234T,,Trluml perip athrc renal art,0.00
0235T,,Trluml perip athrc visceral,0.00
0236T,,Trluml perip athrc abd aorta,0.00
0237T,,Trluml perip athrc brchiocph,0.00
0238T,,Trluml perip athrc iliac art,0.00
0253T,,Insert aqueous drain device,0.00
0263T,,Im b1 mrw cel ther cmpl,0.00
0264T,,Im b1 mrw cel ther xcl hrvst,0.00
0265T,,Im b1 mrw cel ther hrvst onl,0.00
0266T,,Implt/rpl crtd sns dev total,0.00
0267T,,Implt/rpl crtd sns dev lead,0.00
0268T,,Implt/rpl crtd sns dev gen,0.00
0269T,,Rev/remvl crtd sns dev total,0.00
0270T,,Rev/remvl crtd sns dev lead,0.00
0271T,,Rev/remvl crtd sns dev gen,0.00
0272T,,Interrogate crtd sns dev,0.00
0273T,,Interrogate crtd sns w/pgrmg,0.00
0274T,,Perq lamot/lam crv/thrc,0.00
0275T,,Perq lamot/lam lumbar,0.00
0278T,,Tempr,0.00
0308T,,Insj ocular telescope prosth,0.00
0329T,,Mntr io press 24hrs/> uni/bi,0.00
0330T,,Tear film img uni/bi w/i&r,0.00
0331T,,Heart symp image plnr,0.00
0332T,,Heart symp image plnr spect,0.00
0333T,,Visual ep scr acuity auto,0.00
0335T,,Insj sinus tarsi implant,0.00
0338T,,Trnscth renal symp denrv unl,0.00
0339T,,Trnscth renal symp denrv bil,0.00
0342T,,Thxp apheresis w/hdl delip,0.00
0345T,,Transcath mtral vlve repair,0.00
0347T,,Ins bone device for rsa,0.00
0348T,,Rsa spine exam,0.00
0349T,,Rsa upper extr exam,0.00
0350T,,Rsa lower extr exam,0.00
0351T,,Intraop oct brst/node spec,0.00
0352T,,Oct brst/node i&r per spec,0.00
0353T,,Intraop oct breast cavity,0.00
0354T,,Oct breast surg cavity i&r,0.00
0358T,,Bia whole body,0.00
0362T,,Bhv id suprt assmt ea 15 min,0.00
0373T,,Adapt bhv tx ea 15 min,0.00
0378T,,Visual field assmnt rev/rprt,0.00
0379T,,Vis field assmnt tech suppt,0.00
0394T,,Hdr elctrnc skn surf brchytx,0.00
0395T,,Hdr elctr ntrst/ntrcv brchtx,0.00
0397T,,Ercp w/optical endomicroscpy,0.00
0402T,,Colgn crs-link crn&pachymtry,0.00
0403T,,Diabetes prev standard curr,0.00
0408T,,Insj/rplc cardiac modulj sys,0.00
0409T,,Insj/rplc car modulj pls gn,0.00
0410T,,Insj/rplc car modulj atr elt,0.00
0411T,,Insj/rplc car modulj vnt elt,0.00
0412T,,Rmvl cardiac modulj pls gen,0.00
0413T,,Rmvl car modulj tranvns elt,0.00
0414T,,Rmvl & rpl car modulj pls gn,0.00
0415T,,Repos car modulj tranvns elt,0.00
0416T,,Reloc skin pocket pls gen,0.00
0417T,,Prgrmg eval cardiac modulj,0.00
0417T,TC,Prgrmg eval cardiac modulj,0.00
0417T,26,Prgrmg eval cardiac modulj,0.00
0418T,,Interro eval cardiac modulj,0.00
0418T,TC,Interro eval cardiac modulj,0.00
0418T,26,Interro eval cardiac modulj,0.00
0419T,,Dstrj neurofibroma xtnsv,0.00
0420T,,Dstrj neurofibroma xtnsv,0.00
0421T,,Waterjet prostate abltj cmpl,0.00
0422T,,Tactile breast img uni/bi,0.00
0437T,,Impltj synth rnfcmt abdl wal,0.00
0439T,,Myocrd contrast prfuj echo,0.00
0440T,,Abltj perc uxtr/perph nrv,0.00
0441T,,Abltj perc lxtr/perph nrv,0.00
0442T,,Abltj perc plex/trncl nrv,0.00
0443T,,R-t spctrl alys prst8 tiss,0.00
0444T,,1st plmt drug elut oc ins,0.00
0445T,,Sbsqt plmt drug elut oc ins,0.00
0446T,,Insj impltbl glucose sensor,1.14
0447T,,Rmvl impltbl glucose sensor,1.34
0448T,,Remvl insj impltbl gluc sens,1.91
0449T,,Insj aqueous drain dev 1st,0.00
0450T,,Insj aqueous drain dev each,0.00
0464T,,Visual ep test for glaucoma,0.00
0469T,,Rta polarize scan oc scr bi,0.00
0472T,,Prgrmg io rta eltrd ra,0.00
0473T,,Reprgrmg io rta eltrd ra,0.00
0474T,,Insj aqueous drg dev io rsvr,0.00
0479T,,Fxjl abl lsr 1st 100 sq cm,0.00
0480T,,Fxjl abl lsr ea addl 100sqcm,0.00
0481T,,Njx autol wbc concentrate,0.00
0483T,,Tmvi percutaneous approach,0.00
0484T,,Tmvi transthoracic exposure,0.00
0485T,,Oct mid ear i&r unilateral,0.00
0485T,TC,Oct mid ear i&r unilateral,0.00
0485T,26,Oct mid ear i&r unilateral,0.00
0486T,,Oct mid ear i&r bilateral,0.00
0486T,TC,Oct mid ear i&r bilateral,0.00
0486T,26,Oct mid ear i&r bilateral,0.00
0488T,,Diabetes prev online/elec,0.00
0489T,,Regn cell tx scldr hands,0.00
0490T,,Regn cell tx scldr h mlt inj,0.00
0494T,,Prep & cannulj cdvr don lung,0.00
0495T,,Mntr cdvr don lng 1st 2 hrs,0.00
0496T,,Mntr cdvr don lng ea addl hr,0.00
0500F,,Initial prenatal care visit,0.00
0501F,,Prenatal flow sheet,0.00
0502F,,Subsequent prenatal care,0.00
0503F,,Postpartum care visit,0.00
0505F,,Hemodialysis plan docd,0.00
0505T,,Ev fempop artl revsc,0.00
0506T,,Mac pgmt opt dns meas hfp,0.00
0506T,TC,Mac pgmt opt dns meas hfp,0.00
0506T,26,Mac pgmt opt dns meas hfp,0.00
0507F,,Periton dialysis plan docd,0.00
0507T,,Near ifr 2img mibmn glnd i&r,0.00
0507T,TC,Near ifr 2img mibmn glnd i&r,0.00
0507T,26,Near ifr 2img mibmn glnd i&r,0.00
0509F,,Urine incon plan docd,0.00
0509T,,Pattern erg w/i&r,0.40
0509T,TC,Pattern erg w/i&r,0.00
0509T,26,Pattern erg w/i&r,0.40
0510T,,Rmvl sinus tarsi implant,0.00
0511T,,Rmvl&rinsj sinus tarsi implt,0.00
0512T,,Esw integ wnd hlg 1st wnd,0.00
0513F,,Elev bp plan of care docd,0.00
0513T,,Esw integ wnd hlg ea addl,0.00
0514F,,Care plan hgb docd esa pt,0.00
0515T,,Insj wcs lv compl sys,0.00
0516F,,Anemia plan of care docd,0.00
0516T,,Insj wcs lv eltrd only,0.00
0517F,,Glaucoma plan of care docd,0.00
0517T,,Insj wcs lv both compnt pg,0.00
0518F,,Fall plan of care docd,0.00
0518T,,Rmvl pg wcs lv battery only,0.00
0519F,,Pland chemo docd b/4 txmnt,0.00
0519T,,Rmv&rplcmt pg wcs lv both,0.00
0520F,,Rad dos limts b/4 3d rad,0.00
0520T,,Rmv&rplcmt pg wcs lv battery,0.00
0521F,,Plan of care 4 pain docd,0.00
0521T,,Interrog dev eval wcs ip,0.00
0521T,TC,Interrog dev eval wcs ip,0.00
0521T,26,Interrog dev eval wcs ip,0.00
0522T,,Prgrmg dev eval wcs ip,0.00
0522T,TC,Prgrmg dev eval wcs ip,0.00
0522T,26,Prgrmg dev eval wcs ip,0.00
0523T,,Ntrapx c ffr w/3d funcjl map,0.00
0524T,,Ev cath dir chem abltj w/img,0.00
0525F,,Initial visit for episode,0.00
0525T,,Insj/rplcmt compl iims,0.00
0526F,,Subs visit for episode,0.00
0526T,,Insj/rplcmt iims eltrd only,0.00
0527T,,Insj/rplcmt iims implt mntr,0.00
0528F,,Rcmnd flw-up 10 yrs docd,0.00
0528T,,Prgrmg dev eval iims ip,0.00
0528T,TC,Prgrmg dev eval iims ip,0.00
0528T,26,Prgrmg dev eval iims ip,0.00
0529F,,Intrvl 3/>yr pts clnscp docd,0.00
0529T,,Interrog dev eval iims ip,0.00
0529T,TC,Interrog dev eval iims ip,0.00
0529T,26,Interrog dev eval iims ip,0.00
0530T,,Removal complete iims,0.00
0531T,,Removal iims electrode only,0.00
0532T,,Removal iims implt mntr only,0.00
0535F,,Dyspnea mngmnt plan docd,0.00
0540F,,Gluco mngmnt plan docd,0.00
0541T,,Myocardial imaging mcg,0.00
0542T,,Myocardial imaging mcg i&r,0.00
0543T,,Ta mv rpr w/artif chord tend,0.00
0544T,,Tcat mv annulus rcnstj,0.00
0545F,,Follow up care plan mdd docd,0.00
0545T,,Tcat tv annulus rcnstj,0.00
0546T,,Rf spectrsc ntraop mrgn asmt,0.00
0547T,,B1 matrl qual tst mcrind tib,0.00
0550F,,Cytopath report nongyn spcmn,0.00
0551F,,Cytopath report non routine,0.00
0552T,,Low-level laser therapy,0.00
0554T,,B1 str & fx rsk analysis,0.00
0555F,,Symptom mgmnt plan care docd,0.00
0555T,,B1 str&fx rsk transmis data,0.00
0556F,,Plan care lipid control docd,0.00
0556T,,B1 str & fx rsk assessment,0.00
0557F,,Plan caremng angnl symptdocd,0.00
0557T,,B1 str & fx rsk i&r,0.00
0558T,,Ct scan f/biomchn ct alys,0.00
0559T,,Antmc mdl 3d print 1st cmpnt,0.00
0560T,,Antmc mdl 3d print ea addl,0.00
0561T,,Antmc guide 3d print 1st gd,0.00
0562T,,Antmc guide 3d print ea addl,0.00
0563T,,Evac meibomian glnd heat bi,0.00
0565T,,Autol cell implt adps hrvg,0.00
0566T,,Autol cell implt adps njx,0.00
0569T,,Ttvr perq appr 1st prosth,0.00
0570T,,Ttvr perq ea addl prosth,0.00
0571T,,Insj/rplcmt icds ss eltrd,0.00
0572T,,Insertion ss dfb electrode,0.00
0573T,,Removal ss dfb electrode,0.00
0574T,,Repos prev ss impl dfb eltrd,0.00
0575F,,Hiv rna plan care docd,0.00
0575T,,Prgrmg dev eval icds ss ip,0.00
0576T,,Interrog dev eval icds ss ip,0.00
0577T,,Ephys eval icds ss,0.00
0578T,,Rem interrog dev icds phys,0.00
0579T,,Rem interrog dev icds tech,0.00
0580F,,Multidisciplinary care plan,0.00
0580T,,Rmvl ss impl dfb pg only,0.00
0581F,,Pt trnsfrd from anesth to cc,0.00
0581T,,Abltj mal brst tum perq crtx,0.00
0582F,,No trnsfr from anesth to cc,0.00
0582T,,Trurl abltj mal prst8 tiss,0.00
0583F,,Transfer care checklist used,0.00
0583T,,Tmpst auto tube dlvr sys,0.00
0584F,,No transfercare chklist used,0.00
0584T,,Perq islet cell transplant,0.00
0585T,,Laps islet cell transplant,0.00
0586T,,Open islet cell transplant,0.00
0587T,,Perq impltj/rplcmt isdns ptn,0.00
0588T,,Revision/removal isdns ptn,0.00
0589T,,Elec alys smpl prgrmg iins,0.00
0590T,,Elec alys cplx prgrmg iins,0.00
0591T,,Hlth&wb coaching indiv 1st,0.00
0592T,,Hlth&wb coaching indiv f-up,0.00
0593T,,Hlth&wb coaching group,0.00
0594T,,Osteot hum xtrnl lngth dev,0.00
0596T,,Temp fml iu vlv-pmp 1st insj,0.00
0597T,,Temp fml iu valve-pmp rplcmt,0.00
0598T,,Ncntc r-t fluor wnd img 1st,0.00
0599T,,Ncntc r-t fluor wnd img ea,0.00
0600T,,Ire abltj 1+tum organ perq,0.00
0601T,,Ire abltj 1+tumors open,0.00
0602T,,Transdermal gfr measurements,0.00
0603T,,Transdermal gfr monitoring,0.00
0604T,,Rem oct rta dev setup&educaj,0.00
0605T,,Rem oct rta techl sprt min 8,0.00
0606T,,Rem oct rta phys/qhp ea 30d,0.00
0607T,,Rem mntr pulm flu mntr setup,0.00
0608T,,Rem mntr pulm flu mntr alys,0.00
0609T,,Mrs disc pain acquisj data,0.00
0610T,,Mrs disc pain transmis data,0.00
0611T,,Mrs disc pain alg alys data,0.00
0612T,,Mrs discogenic pain i&r,0.00
0613T,,Perq tcat intratrl septl sht,0.00
0614T,,Rmvl&rplcmt ss impl dfb pg,0.00
0615T,,Auto alys binocular eye mvmt,0.00
0619T,,Cysto w/prst8 commissurotomy,0.00
0620T,,Evasc ven artlz tibl/prnl vn,0.00
0621T,,Trabeculostomy interno laser,0.00
0622T,,Trabeculostomy int lsr w/scp,0.00
0623T,,Auto quantification c plaque,0.00
0624T,,Auto quan c plaq data prep,0.00
0625T,,Auto quan c plaq cptr alys,0.00
0626T,,Auto quan c plaq i&r,0.00
0627T,,Perq njx algc fluor lmbr 1st,0.00
0628T,,Perq njx algc fluor lmbr ea,0.00
0629T,,Perq njx algc ct lmbr 1st,0.00
0630T,,Perq njx algc ct lmbr ea,0.00
0631T,,Tc vis lit hyperspectral img,0.00
0632T,,Perq tcat us abltj nrv p-art,0.00
0633T,,Ct breast w/3d uni c-,0.00
0633T,TC,Ct breast w/3d uni c-,0.00
0633T,26,Ct breast w/3d uni c-,0.00
0634T,,Ct breast w/3d uni c+,0.00
0634T,TC,Ct breast w/3d uni c+,0.00
0634T,26,Ct breast w/3d uni c+,0.00
0635T,,Ct breast w/3d uni c-/c+,0.00
0635T,TC,Ct breast w/3d uni c-/c+,0.00
0635T,26,Ct breast w/3d uni c-/c+,0.00
0636T,,Ct breast w/3d bi c-,0.00
0636T,TC,Ct breast w/3d bi c-,0.00
0636T,26,Ct breast w/3d bi c-,0.00
0637T,,Ct breast w/3d bi c+,0.00
0637T,TC,Ct breast w/3d bi c+,0.00
0637T,26,Ct breast w/3d bi c+,0.00
0638T,,Ct breast w/3d bi c-/c+,0.00
0638T,TC,Ct breast w/3d bi c-/c+,0.00
0638T,26,Ct breast w/3d bi c-/c+,0.00
0639T,,Wrls skn snr anisotropy meas,0.00
0640T,,Ncntc ifr spctrsc o/t pad 1,0.00
0640T,TC,Ncntc ifr spctrsc o/t pad 1,0.00
0640T,26,Ncntc ifr spctrsc o/t pad 1,0.00
0643T,,Tcat l ventr rstrj dev implt,0.00
0644T,,Tcat rmvl/dblk icar mas perq,0.00
0645T,,Tcat impltj c sins rdctj dev,0.00
0646T,,Ttvi/rplcmt w/prstc vlv perq,0.00
0647T,,Insj gtube perq mag gastrpxy,0.00
0648T,,Quan mr tis wo mri 1orgn,0.00
0648T,TC,Quan mr tis wo mri 1orgn,0.00
0648T,26,Quan mr tis wo mri 1orgn,0.00
0649T,,Quan mr tiss w/mri 1orgn,0.00
0649T,TC,Quan mr tiss w/mri 1orgn,0.00
0649T,26,Quan mr tiss w/mri 1orgn,0.00
0650T,,Prgrmg dev eval scrms remote,0.00
0650T,TC,Prgrmg dev eval scrms remote,0.00
0650T,26,Prgrmg dev eval scrms remote,0.00
0651T,,Mag ctrld capsule endoscopy,0.00
0652T,,Egd flx transnasal dx br/wa,0.00
0653T,,Egd flx transnasal bx 1/mlt,0.00
0654T,,Egd flx transnasal tube/cath,0.00
0655T,,Tprnl focal abltj mal prst8,0.00
0656T,,Ant lmbr vrt bdy teth <7 seg,0.00
0657T,,Ant lmbr vrt bdy teth 8+ seg,0.00
0658T,,Elec impd spectrsc 1+skn les,0.00
0659T,,Tcat intra-c nfs supersat o2,0.00
0660T,,Implt ant sgm io nbio rx sys,0.00
0661T,,Rmvl&rimpltj ant sgm implt,0.00
0662T,,Scalp cool 1st meas&calbrj,0.00
0663T,,Scalp cool plmt mntr rmvl,0.00
0664T,,Don hysterectomy open cdvr,0.00
0665T,,Don hysterectomy open liv,0.00
0666T,,Don hysterectomy laps liv,0.00
0667T,,Don hysterectomy rcp uter,0.00
0668T,,Bkbench prep don uter algrft,0.00
0669T,,Bkbench rcnstj don uter ven,0.00
0670T,,Bkbench rcnstj don uter artl,0.00
0671T,,Insj ant sgm aq drg dev 1+,0.00
0672T,,Ndovag cryg rf remdl tiss,0.00
0673T,,Abltj b9 thyr ndul perq lasr,0.00
0674T,,Laps insj nw/rpcmt prm isdss,0.00
0675T,,Laps insj nw/rpcmt isdss 1ld,0.00
0676T,,Laps insj nw/rpcmt isdss ea,0.00
0677T,,Laps repos lead isdss 1st ld,0.00
0678T,,Laps repos lead isdss ea add,0.00
0679T,,Laps rmvl lead isdss,0.00
0680T,,Insj/rplcmt pg only isdss,0.00
0681T,,Rlcj pulse gen only isdss,0.00
0682T,,Removal pulse gen only isdss,0.00
0683T,,Prgrmg dev eval isdss ip,0.00
0683T,TC,Prgrmg dev eval isdss ip,0.00
0683T,26,Prgrmg dev eval isdss ip,0.00
0684T,,Peri-px dev eval isdss ip,0.00
0684T,TC,Peri-px dev eval isdss ip,0.00
0684T,26,Peri-px dev eval isdss ip,0.00
0685T,,Interrog dev eval isdss ip,0.00
0685T,TC,Interrog dev eval isdss ip,0.00
0685T,26,Interrog dev eval isdss ip,0.00
0686T,,Histotripsy mal hepatcel tis,0.00
0687T,,Tx amblyopia dev setup 1st,0.00
0688T,,Tx amblyopia assmt w/report,0.00
0689T,,Quan us tis charac w/o dx us,0.00
0689T,TC,Quan us tis charac w/o dx us,0.00
0689T,26,Quan us tis charac w/o dx us,0.00
0690T,,Quan us tis charac w/dx us,0.00
0690T,TC,Quan us tis charac w/dx us,0.00
0690T,26,Quan us tis charac w/dx us,0.00
0691T,,Auto alys xst ct std vrt fx,0.00
0691T,TC,Auto alys xst ct std vrt fx,0.00
0691T,26,Auto alys xst ct std vrt fx,0.00
0692T,,Therapeutic ultrafiltration,0.00
0693T,,Compre ful bdy 3d mtn alys,0.00
0694T,,3d vol img&rcnstj brst/ax,0.00
0694T,TC,3d vol img&rcnstj brst/ax,0.00
0694T,26,3d vol img&rcnstj brst/ax,0.00
0695T,,Bdy srf mpg pm/cvdfb tm impl,0.00
0696T,,Bdy surf mapg pm/cvdfb f/up,0.00
0697T,,Quan mr tis wo mri mlt orgn,0.00
0697T,TC,Quan mr tis wo mri mlt orgn,0.00
0697T,26,Quan mr tis wo mri mlt orgn,0.00
0698T,,Quan mr tiss w/mri mlt orgn,0.00
0698T,TC,Quan mr tiss w/mri mlt orgn,0.00
0698T,26,Quan mr tiss w/mri mlt orgn,0.00
0699T,,Njx pst chmbr eye medication,0.00
0700T,,Molec fluor img sus nev 1st,0.00
0700T,TC,Molec fluor img sus nev 1st,0.00
0700T,26,Molec fluor img sus nev 1st,0.00
0701T,,Molec fluor img sus nev ea,0.00
0701T,TC,Molec fluor img sus nev ea,0.00
0701T,26,Molec fluor img sus nev ea,0.00
0704T,,Rem tx amblyopia setup&edu,0.00
0705T,,Rem tx amblyopia tech sprt,0.00
0706T,,Rem tx amblyopia i&r phy/qhp,0.00
0707T,,Njx b1 sub mtrl sbchdrl dfct,0.00
0708T,,Id ca immntx prep & 1st njx,0.00
0709T,,Id ca immntx each addl njx,0.00
0710T,,N-invas artl plaq alys,0.00
0711T,,N-nvs artl plaq alys dat prp,0.00
0712T,,N-nvs artl plaq alys quan,0.00
0713T,,N-nvs artl plaq alys rvw i&r,0.00
0714T,,Tpla b9 prst8 hyprplsa<50ml,0.00
0716T,,Car acous wavfrm rec cad rsk,0.00
0717T,,Adrc ther prtl rc tear,0.00
0718T,,Adrc ther prtl rc tear njx,0.00
0719T,,Pst vrt jt rplcmt lmbr 1 sgm,0.00
0720T,,Prq elc nrv stim cn wo implt,0.00
0721T,,Quan ct tiss charac w/o ct,0.00
0721T,TC,Quan ct tiss charac w/o ct,0.00
0721T,26,Quan ct tiss charac w/o ct,0.00
0722T,,Quan ct tiss charac w/ct,0.00
0722T,TC,Quan ct tiss charac w/ct,0.00
0722T,26,Quan ct tiss charac w/ct,0.00
0723T,,Qmrcp w/o dx mri sm anat ses,0.00
0723T,TC,Qmrcp w/o dx mri sm anat ses,0.00
0723T,26,Qmrcp w/o dx mri sm anat ses,0.00
0724T,,Qmrcp w/dx mri same anatomy,0.00
0724T,TC,Qmrcp w/dx mri same anatomy,0.00
0724T,26,Qmrcp w/dx mri same anatomy,0.00
0725T,,Vestibular dev impltj uni,0.00
0726T,,Rmvl implt vstibular dev uni,0.00
0727T,,Rmvl&rplcmt implt vstblr dev,0.00
0728T,,Dx alys vstblr implt uni 1st,0.00
0729T,,Dx alys vstblr implt uni sbq,0.00
0730T,,Trabeculotomy lsr w/oct gdn,0.00
0731T,,Augmnt ai-based fcl phnt a/r,0.00
0732T,,Immntx admn electroporatn im,0.00
0733T,,Rem r-t mtn nrehab ther sply,0.00
0734T,,Rem r-t mtn nrehab tx mgmt,0.00
0735T,,Prep tum cav iort prim crnot,0.00
0736T,,Colonic lavage 35+l water,0.00
0737T,,Xenograft impltj artclr surf,0.00
0738T,,Tx pln mag fld abltj prst8,0.00
0739T,,Abltj mal prst8 mag fld ndct,0.00
0740T,,Rem auton alg nsln cal setup,0.00
0741T,,Rem auton alg nsln data coll,0.00
0742T,,Aqmbf spect xers/strs & rest,0.00
0742T,TC,Aqmbf spect xers/strs & rest,0.00
0742T,26,Aqmbf spect xers/strs & rest,0.00
0743T,,B1 str & fx rsk vrt fx assmt,0.00
0743T,TC,B1 str & fx rsk vrt fx assmt,0.00
0743T,26,B1 str & fx rsk vrt fx assmt,0.00
0744T,,Insj bioprostc vlv fem vn,0.00
0745T,,Car ablt rad arr n-invas loc,0.00
0746T,,Car ablt rad arr cnv loc map,0.00
0747T,,Car ablt rad arrhyt dlvr rad,0.00
0748T,,Njx stm cl prdct anl sft tis,0.00
0749T,,B1 str&fx rsk assmt dxr-bmd,0.00
0750T,,B1 str&fx rsk asmt dxrbmd1vw,0.00
0751T,,Dgtz gls mcrscp sld level ii,0.00
0752T,,Dgtz gls mcrscp sld lvl iii,0.00
0753T,,Dgtz gls mcrscp sld level iv,0.00
0754T,,Dgtz gls mcrscp sld level v,0.00
0755T,,Dgtz gls mcrscp sld level vi,0.00
0756T,,Dgtz gls mcrscp sld spc grpi,0.00
0757T,,Dgtz gls mcrscp sl spc grpii,0.00
0758T,,Dgtz gls mcrscp sl spc hchem,0.00
0759T,,Dgtz gls mcrscp sl sp grpiii,0.00
0760T,,Dgtz gls mcrscp sl imm 1st,0.00
0761T,,Dgtz gls mcrscp sl imm ea 1,0.00
0762T,,Dgtz gls mcrscp sl imm ea m,0.00
0763T,,Dgtz gls mcrscp mphmtrc alys,0.00
0764T,,Asstv alg ecg rsk asmt cncrt,0.00
0765T,,Asstv alg ecg rsk asmt prev,0.00
0766T,,Tc mag stimj pn 1st nerve,0.00
0767T,,Tc mag stimj pn ea addl nrv,0.00
0770T,,Vr technology assist therapy,0.00
0771T,,Vr px dissoc svc sm phy 1st,0.00
0772T,,Vr px dissoc svc sm phy ea,0.00
0773T,,Vr px dissoc svc oth phy 1st,0.00
0774T,,Vr px dissoc svc oth phy ea,0.00
0776T,,Ther indctj ntrabrn hypthrm,0.00
0777T,,R-t prs sensing edrl gdn sys,0.00
0777T,TC,R-t prs sensing edrl gdn sys,0.00
0777T,26,R-t prs sensing edrl gdn sys,0.00
0778T,,Smmg cncrnt appl imu snr,0.00
0779T,,Gi myoelectrical actv study,0.00
0779T,TC,Gi myoelectrical actv study,0.00
0779T,26,Gi myoelectrical actv study,0.00
0780T,,Instlj fecal microbiota ssp,0.00
0781T,,Brnchsc rf dstrj pulm nrv bi,0.00
0782T,,Brnchsc rf dstrj plm nrv uni,0.00
0783T,,Tc auriculr neurostimulation,0.00
0784T,,Ins/rplmt eltrd ra spi nstim,0.00
0785T,,Revj/rmvl nea spi w/nstim,0.00
0786T,,Insj/rplcmt prq ra sac nstim,0.00
0787T,,Revj/rmvl nea sac w/nstim,0.00
0788T,,Elec aly smp iins sp/sac nrv,0.00
0789T,,Elec aly cpx iins sp/sac nrv,0.00
0790T,,Revj rplcmt/rmvl vrt tethrg,0.00
0791T,,Motr cog vr gait train ea 15,0.00
0792T,,Appl slvr diamn fluoride 38%,0.00
0793T,,Prq tcat thrm ablt nrv p-art,0.00
0794T,,Pt spec alg rx-onc tx option,0.00
0795T,,Tcat ins 2chmbr ldls pm cmpl,0.00
0796T,,Tcat ins 2chmbr ldls pm ra,0.00
0797T,,Tcat ins 2chmbr ldls pm rv,0.00
0798T,,Tcat rmv 2chmbr ldls pm cmpl,0.00
0799T,,Tcat rmvl 2chmbr ldls pm ra,0.00
0800T,,Tcat rmvl 2chmbr ldls pm rv,0.00
0801T,,Tcat rmv&rpl 2chmbr ldls pm,0.00
0802T,,Tcat rmv&rpl2chmb ldls pm ra,0.00
0803T,,Tcat rmv&rpl2chmb ldls pm rv,0.00
0804T,,Prgrmg evl ldls pm 2chmbr ip,0.00
0804T,TC,Prgrmg evl ldls pm 2chmbr ip,0.00
0804T,26,Prgrmg evl ldls pm 2chmbr ip,0.00
0805T,,Tcat s&ivc prstc vl impl prq,0.00
0806T,,Tcat s&ivc prstc vl impl opn,0.00
0807T,,Pulm tiss vntj alys prev ct,0.00
0807T,TC,Pulm tiss vntj alys prev ct,0.00
0807T,26,Pulm tiss vntj alys prev ct,0.00
0808T,,Pulm tiss vntj alys w/ct,0.00
0808T,TC,Pulm tiss vntj alys w/ct,0.00
0808T,26,Pulm tiss vntj alys w/ct,0.00
0810T,,Subrta njx rx agt w/vtrc,0.00
0811T,,Rem mlt day uroflow setup,0.00
0812T,,Rem mlt day uroflow dev sply,0.00
0813T,,Egd vol adjmt bariatric balo,0.00
0814T,,Prq njx biod osteo matrl fem,0.00
0815T,,Us rems b1 dns hips plvs/spi,0.00
0815T,TC,Us rems b1 dns hips plvs/spi,0.00
0815T,26,Us rems b1 dns hips plvs/spi,0.00
0816T,,Opn insj/rplcmt ins ptn subq,0.00
0817T,,Opn insj/rplcmt ins ptn subf,0.00
0818T,,Revj/rmvl ins ptn subq,0.00
0819T,,Revj/rmvl ins ptn subf,0.00
0820T,,Mntr psychdlc med 1stphy/qhp,0.00
0821T,,Mntr psychdlc med 2ndphy/qhp,0.00
0822T,,Mntr psychdlc med cln staff,0.00
0823T,,Tcat ins 1chmbr ldls pm ra,0.00
0824T,,Tcat rmv 1chmbr ldls pm ra,0.00
0825T,,Tcat rmv&rpl1chmb ldls pm ra,0.00
0826T,,Prgrmg evl ldls pm 1chmbr ip,0.00
0826T,TC,Prgrmg evl ldls pm 1chmbr ip,0.00
0826T,26,Prgrmg evl ldls pm 1chmbr ip,0.00
0827T,,Dgtz gls mcrscp cytp smears,0.00
0828T,,Dgtz gls mcrscp cytp smpl fl,0.00
0829T,,Dgtz gls mcrscp cytp conctrj,0.00
0830T,,Dgtz gls mcrscp cytp slctv,0.00
0831T,,Dgtz gls mcrscp cytp c/v,0.00
0832T,,Dgtz gls mcrscp cytp oth scr,0.00
0833T,,Dgtz gls mcrscp cytp oth prp,0.00
0834T,,Dgtz gls mcrscp cytp oth xtn,0.00
0835T,,Dgtz gls mcrscp fna 1st ea,0.00
0836T,,Dgtz gls mcrscp fna ea addl,0.00
0837T,,Dgtz gls mcrscp fna i&r,0.00
0838T,,Dgtz gls mcrscp cslt sld els,0.00
0839T,,Dgtz gls mcrscp cslt mat prp,0.00
0840T,,Dgtz gls mcrscp cslt compre,0.00
0841T,,Dgtz gls mcrscp pth cslt 1st,0.00
0842T,,Dgtz gls mcrscp pth cslt ea,0.00
0843T,,Dgtz gls mcrscp cslt cyt 1st,0.00
0844T,,Dgtz gls mcrscp cslt cyt ea,0.00
0845T,,Dgtz gls mcrscp imfluor 1st,0.00
0846T,,Dgtz gls mcrscp imfluor ea,0.00
0847T,,Dgtz gls mcrscp xm arch tiss,0.00
0848T,,Dgtz gls mcrscp ish 1st,0.00
0849T,,Dgtz gls mcrscp ish ea adl 1,0.00
0850T,,Dgtz gls mcrscp ish ea mult,0.00
0851T,,Dgtz gls mcrscp mphmtrc 1st,0.00
0852T,,Dgtz gls mcrscp mphmtrc ea 1,0.00
0853T,,Dgtz gls mcrscp mphmtrc ea m,0.00
0854T,,Dgtz gls mcrscp bld smr prph,0.00
0855T,,Dgtz gls mcrscp b1 marow smr,0.00
0856T,,Dgtz gls mcrscp electron mic,0.00
0857T,,Opto-acoustic img breast uni,0.00
0857T,TC,Opto-acoustic img breast uni,0.00
0857T,26,Opto-acoustic img breast uni,0.00
0858T,,Ext trnscranl mag stimj meas,0.00
0858T,TC,Ext trnscranl mag stimj meas,0.00
0858T,26,Ext trnscranl mag stimj meas,0.00
0859T,,Ncntc ifr spctrsc o/t pad ea,0.00
0859T,TC,Ncntc ifr spctrsc o/t pad ea,0.00
0859T,26,Ncntc ifr spctrsc o/t pad ea,0.00
0860T,,Ncntc ifr spctrsc scr pad,0.00
0861T,,Rmvl pg wcs lv both compnt,0.00
0862T,,Rlcj pg wcs lv battery only,0.00
0863T,,Rlcj pg wcs lv trnsmtr only,0.00
0864T,,Low ntsty eswt corpus cvrnsm,0.00
0865T,,Quan mri alys brn w/o dx mri,0.00
0865T,TC,Quan mri alys brn w/o dx mri,0.00
0865T,26,Quan mri alys brn w/o dx mri,0.00
0866T,,Quan mri alys brn w/dx mri,0.00
0866T,TC,Quan mri alys brn w/dx mri,0.00
0866T,26,Quan mri alys brn w/dx mri,0.00
0867T,,Tpla b9 prst8 hyprplsa>=50ml,0.00
0868T,,Hi-res gastric ep mapping,0.00
0868T,TC,Hi-res gastric ep mapping,0.00
0868T,26,Hi-res gastric ep mapping,0.00
0869T,,Njx b1 sub mtrl hw fixj aug,0.00
0870T,,Imp subq prtl ascts pmp sys,0.00
0871T,,Rplcmt subq prtl ascites pmp,0.00
0872T,,Rplcmt ndwllg bldr&prtl cath,0.00
0873T,,Revj subq prtl asct pmp sys,0.00
0874T,,Rmvl pertl ascites pmp sys,0.00
0875T,,Prgrm subq prtl asct pmp sys,0.00
0876T,,Duplex scan hemo fstl lmtd,0.00
0876T,TC,Duplex scan hemo fstl lmtd,0.00
0876T,26,Duplex scan hemo fstl lmtd,0.00
0877T,,Augmnt alys ch ct ild w/o ct,0.00
0878T,,Augmnt alys ch ct ild w/ct,0.00
0879T,,Augmnt alys ch ct ild prep,0.00
0880T,,Augmnt alys ch ct ild i&r,0.00
0881T,,Cryotherapy oral cavity,0.00
0882T,,Intraop ther estim pn ue 1st,0.00
0883T,,Intraop ther estim pn ue ea,0.00
0884T,,Esphgsc flx 1st tndsc dilat,0.00
0885T,,Colsc flx 1st tndsc dilat,0.00
0886T,,Sgmdsc flx 1st tndsc dilat,0.00
0887T,,End-tidal ctrl inhaled anes,0.00
0888T,,Histotripsy mal renal tissue,0.00
0889T,,Prsnlz trgt dvl arhfcmrigtbs,0.00
0890T,,Arhfcmrigtbs 1st tx day,0.00
0891T,,Arhfcmrigtbs sbsq tx day,0.00
0892T,,Arhfcmrigtbs sbsq per tx day,0.00
0893T,,N-invas assmt bld oxygnation,0.00
0893T,TC,N-invas assmt bld oxygnation,0.00
0893T,26,N-invas assmt bld oxygnation,0.00
0894T,,Cannulation liver allograft,0.00
0895T,,Connj lvr algrft prfu dev 1,0.00
0896T,,Connj lvr algrft prfu dev ea,0.00
0897T,,N-invas augmnt arrhyt alys,0.00
0897T,TC,N-invas augmnt arrhyt alys,0.00
0897T,26,N-invas augmnt arrhyt alys,0.00
0898T,,N-invas prst8 cancer est map,0.00
0898T,TC,N-invas prst8 cancer est map,0.00
0898T,26,N-invas prst8 cancer est map,0.00
0899T,,N-invas deter aqmbf aug cmr,0.00
0899T,TC,N-invas deter aqmbf aug cmr,0.00
0899T,26,N-invas deter aqmbf aug cmr,0.00
0900T,,N-invas est aqmbf asstv cmr,0.00
0900T,TC,N-invas est aqmbf asstv cmr,0.00
0900T,26,N-invas est aqmbf asstv cmr,0.00
0901T,,Plmt bone marrow smplg port,0.00
0902T,,Qtc ntrvl augmnt alg aly ecg,0.00
0903T,,Ecg alg 12 lead reduced i&r,0.00
0904T,,Ecg alg 12 ld rdcd trcg only,0.00
0905T,,Ecg alg 12 ld rdcd i&r only,0.00
0906T,,Coms ther 1st appl<=50 sq cm,0.00
0907T,,Coms ther ea addl<=50 sq cm,0.00
0908T,,Opn imp int nstm sys vgs nrv,0.00
0909T,,Rplcmt int nstim sys vgs nrv,0.00
0910T,,Rmvl int nstim sys vagus nrv,0.00
0911T,,Elec aly nstm sys vgs nrv wo,0.00
0912T,,Elec alys nstim sys vgs smpl,0.00
0913T,,Prq tcat ther rx ntrac balo1,0.00
0914T,,Prq tcat thr rx ntrc bal sep,0.00
0915T,,Insj perm ccm-d sys pg&eltrd,0.00
0916T,,Insj perm ccm-d sys pg only,0.00
0917T,,Insj perm ccm-d sys 1 lead,0.00
0918T,,Insj perm ccm-d sys dual ld,0.00
0919T,,Rmvl perm ccm-d sys pg only,0.00
0920T,,Rmvl perm ccm-d sys 1 pac ld,0.00
0921T,,Rmvl perm ccm-d sys 1 dfb ld,0.00
0922T,,Rmvl perm ccm-d sys dual ld,0.00
0923T,,Rmvl&rplcmt perm ccm-d pg,0.00
0924T,,Rpos prv ccm-d trnsvns eltrd,0.00
0925T,,Rlcj skin pocket ccm-d pg,0.00
0926T,,Prgrmg dev eval ccm-d ip,0.00
0926T,TC,Prgrmg dev eval ccm-d ip,0.00
0926T,26,Prgrmg dev eval ccm-d ip,0.00
0927T,,Interrog dev eval ccm-d ip,0.00
0927T,TC,Interrog dev eval ccm-d ip,0.00
0927T,26,Interrog dev eval ccm-d ip,0.00
0928T,,Rem interrog dev ccm-d phys,0.00
0929T,,Rem interrog dev ccm-d tech,0.00
0930T,,Ephys eval ccm-d ld 1st impl,0.00
0930T,TC,Ephys eval ccm-d ld 1st impl,0.00
0930T,26,Ephys eval ccm-d ld 1st impl,0.00
0931T,,Ephys eval ccm-d ld separate,0.00
0931T,TC,Ephys eval ccm-d ld separate,0.00
0931T,26,Ephys eval ccm-d ld separate,0.00
0932T,,N-invs det hrt fail aug echo,0.00
0932T,TC,N-invs det hrt fail aug echo,0.00
0932T,26,N-invs det hrt fail aug echo,0.00
0933T,,Tcat impl wrls l atr prs snr,0.00
0934T,,Rem mntr wrls l atr prs snr,0.00
0935T,,Cysto w/rnl pel symp dnrvtj,0.00
0936T,,Photobiomodulation ther rta,0.00
0937T,,Xtrnl ecg rec>15d<30d,0.00
0938T,,Xtrnl ecg rec>15d<30d rec,0.00
0939T,,Xtrnl ecg rec>15d<30d scan,0.00
0940T,,Xtrnl ecg rec>15d<30d r&i,0.00
0941T,,Cysto flx ins&xpns urtl scaf,0.00
0942T,,Cysto flx rmv&rplc urtl scaf,0.00
0943T,,Cysto flx rmvl urtl scaffold,0.00
0944T,,3d cntr simula trgt lvr les,0.00
0944T,TC,3d cntr simula trgt lvr les,0.00
0944T,26,3d cntr simula trgt lvr les,0.00
0945T,,Intraop assmt abnl tum tiss,0.00
0946T,,Ortho impl mvmt alys pair ct,0.00
0946T,TC,Ortho impl mvmt alys pair ct,0.00
0946T,26,Ortho impl mvmt alys pair ct,0.00
0947T,,Mrgfus strtctc bl-br disrpj,0.00
0947T,TC,Mrgfus strtctc bl-br disrpj,0.00
0947T,26,Mrgfus strtctc bl-br disrpj,0.00
1000F,,Tobacco use assessed,0.00
10004,,Fna bx w/o img gdn ea addl,0.80
10005,,Fna bx w/us gdn 1st les,1.46
10006,,Fna bx w/us gdn ea addl,1.00
10007,,Fna bx w/fluor gdn 1st les,1.81
10008,,Fna bx w/fluor gdn ea addl,1.18
10009,,Fna bx w/ct gdn 1st les,2.26
10010,,Fna bx w/ct gdn ea addl,1.65
10011,,Fna bx w/mr gdn 1st les,0.00
10012,,Fna bx w/mr gdn ea addl,0.00
1002F,,Assess anginal symptom/level,0.00
10021,,Fna bx w/o img gdn 1st les,1.03
1003F,,Level of activity assess,0.00
10030,,Img gid flu coll drg sft tis,2.75
10035,,Plmt sft tiss loclzj dev 1st,1.70
10036,,Plmt sft tiss loclzj dev ea,0.85
1004F,,Clin symp vol ovrld assess,0.00
10040,,Acne surgery,0.91
1005F,,Asthma symptoms evaluate,0.00
1006F,,Osteoarthritis assess,0.00
10060,,I&d abscess simple/single,1.22
10061,,I&d abscess comp/multiple,2.45
1007F,,Anti-inflm/anlgsc otc assess,0.00
1008F,,Gi/renal risk assess,0.00
10080,,I&d pilonidal cyst simple,1.22
10081,,I&d pilonidal cyst comp,2.50
1010F,,Severity angina by actvty,0.00
1011F,,Angina present,0.00
1012F,,Angina absent,0.00
10120,,Inc&rmvl fb subq tiss smpl,1.22
10121,,Inc&rmvl fb subq tiss comp,2.74
10140,,I&d hmtma seroma/fluid collj,1.58
1015F,,Copd symptoms assess,0.00
10160,,Pnxr aspir absc hmtma bulla,1.25
1018F,,Assess dyspnea not present,0.00
10180,,I&d complex po wound infctj,2.30
1019F,,Assess dyspnea present,0.00
1022F,,Pneumo imm status assess,0.00
1026F,,Co-morbid condition assess,0.00
1030F,,Influenza imm status assess,0.00
1031F,,Smoking & 2nd hand assessed,0.00
1032F,,Smoker/exposed 2nd hnd smoke,0.00
1033F,,Tobacco nonsmoker nor 2ndhnd,0.00
1034F,,Current tobacco smoker,0.00
1035F,,Smokeless tobacco user,0.00
1036F,,Tobacco non-user,0.00
1038F,,Persistent asthma,0.00
1039F,,Intermittent asthma,0.00
1040F,,Dsm-5 info mdd docd,0.00
1050F,,History of mole changes,0.00
1052F,,Type location activityassess,0.00
1055F,,Visual funct status assess,0.00
1060F,,Doc perm/cont/parox atr fib,0.00
1061F,,Doc lack perm&cont&parox fib,0.00
1065F,,Ischm stroke symp lt3 hrsb/4,0.00
1066F,,Ischm stroke sx onset>=3hr,0.00
1070F,,Alarm symp assessed-absent,0.00
1071F,,Alarm symp assessed-1+ prsnt,0.00
1090F,,Pres/absn urine incon assess,0.00
1091F,,Urine incon characterized,0.00
1100F,,Ptfalls assess-docd ge2>/yr,0.00
11000,,Dbrdmt ecz/infected skin<10%,0.60
11001,,Dbrdmt ecz/infct skn ea addl,0.30
11004,,Dbrdmt skin xtrnl gent&per,10.80
11005,,Dbrdmt skin abdominal wall,14.24
11006,,Dbrdmt skin xtrnl gent per,13.10
11008,,Rmv prstc mtrl/mesh abd wall,5.00
1101F,,Pt falls assess-docd le1/yr,0.00
11010,,Debride skin at fx site,4.19
11011,,Debride skin musc at fx site,4.94
11012,,Deb skin bone at fx site,6.87
11042,,Dbrdmt subq tis 1st 20sqcm/<,1.01
11043,,Dbrdmt musc&/fsca 1st 20/<,2.70
11044,,Dbrdmt bone 1st 20 sq cm/<,4.10
11045,,Dbrdmt subq tiss each addl,0.50
11046,,Dbrdmt musc&/fsca ea addl,1.03
11047,,Dbrdmt bone each addl,1.80
11055,,Paring/cutg b9 hyprker les 1,0.35
11056,,Parng/cutg b9 hyprkr les 2-4,0.50
11057,,Parng/cutg b9 hyprkr les >4,0.65
1110F,,Pt lft inpt fac w/in 60 days,0.00
11102,,Tangntl bx skin single les,0.66
11103,,Tangntl bx skin ea sep/addl,0.38
11104,,Punch bx skin single lesion,0.83
11105,,Punch bx skin ea sep/addl,0.45
11106,,Incal bx skn single les,1.01
11107,,Incal bx skn ea sep/addl,0.54
1111F,,Dschrg med/current med merge,0.00
1116F,,Auric/peri pain assessed,0.00
1118F,,Gerd symps assessed 12 month,0.00
1119F,,Init eval for condition,0.00
11200,,Rmvl skin tags up to&inc 15,0.82
11201,,Rmvl skin tags ea addl 10,0.29
1121F,,Subs eval for condition,0.00
1123F,,Acp discuss/dscn mkr docd,0.00
1124F,,Acp discuss-no dscnmkr docd,0.00
1125F,,Amnt pain noted pain prsnt,0.00
1126F,,Amnt pain noted none prsnt,0.00
1127F,,New episode for condition,0.00
1128F,,Subs episode for condition,0.00
1130F,,Bk pain & fxn assessed,0.00
11300,,Shave skin lesion 0.5 cm/<,0.60
11301,,Shave skin lesion 0.6-1.0 cm,0.90
11302,,Shave skin lesion 1.1-2.0 cm,1.05
11303,,Shave skin lesion >2.0 cm,1.25
11305,,Shave skin lesion 0.5 cm/<,0.80
11306,,Shave skin lesion 0.6-1.0 cm,0.96
11307,,Shave skin lesion 1.1-2.0 cm,1.20
11308,,Shave skin lesion >2.0 cm,1.46
11310,,Shave skin lesion 0.5 cm/<,0.80
11311,,Shave skin lesion 0.6-1.0 cm,1.10
11312,,Shave skin lesion 1.1-2.0 cm,1.30
11313,,Shave skin lesion >2.0 cm,1.68
1134F,,Epsd bk pain for 6 wks/<,0.00
1135F,,Epsd bk pain for >6 wks,0.00
1136F,,Epsd bk pain for 12 wks/<,0.00
1137F,,Epsd bk pain for >12 wks,0.00
11400,,Exc tr-ext b9+marg 0.5 cm<,0.90
11401,,Exc tr-ext b9+marg 0.6-1 cm,1.28
11402,,Exc tr-ext b9+marg 1.1-2 cm,1.45
11403,,Exc tr-ext b9+marg 2.1-3cm,1.84
11404,,Exc tr-ext b9+marg 3.1-4 cm,2.11
11406,,Exc tr-ext b9+marg >4.0 cm,3.52
11420,,Exc h-f-nk-sp b9+marg 0.5/<,1.03
11421,,Exc h-f-nk-sp b9+marg 0.6-1,1.47
11422,,Exc h-f-nk-sp b9+marg 1.1-2,1.68
11423,,Exc h-f-nk-sp b9+marg 2.1-3,2.06
11424,,Exc h-f-nk-sp b9+marg 3.1-4,2.48
11426,,Exc h-f-nk-sp b9+marg >4 cm,4.09
11440,,Exc face-mm b9+marg 0.5 cm/<,1.05
11441,,Exc face-mm b9+marg 0.6-1 cm,1.53
11442,,Exc face-mm b9+marg 1.1-2 cm,1.77
11443,,Exc face-mm b9+marg 2.1-3 cm,2.34
11444,,Exc face-mm b9+marg 3.1-4 cm,3.19
11446,,Exc face-mm b9+marg >4 cm,4.80
11450,,Exc skn hdrdnt ax smpl/ntrm,3.22
11451,,Exc skn hdrdnt ax complex,4.43
11462,,Exc skn hdrdnt ing smpl/ntrm,3.00
11463,,Exc skn hdrdnt ing complex,4.43
11470,,Exc skn h/p/p/u smpl/ntrm,3.74
11471,,Exc skn h/p/p/u complex,4.89
1150F,,Doc pt rsk death w/in 1yr,0.00
1151F,,Doc no pt rsk death w/in 1yr,0.00
1152F,,Doc advncd dis comfort 1st,0.00
1153F,,Doc advncd dis cmfrt not 1st,0.00
1157F,,Advnc care plan in rcrd,0.00
1158F,,Advnc care plan tlk docd,0.00
1159F,,Med list docd in rcrd,0.00
1160F,,Rvw meds by rx/dr in rcrd,0.00
11600,,Exc tr-ext mal+marg 0.5 cm/<,1.63
11601,,Exc tr-ext mal+marg 0.6-1 cm,2.07
11602,,Exc tr-ext mal+marg 1.1-2 cm,2.27
11603,,Exc tr-ext mal+marg 2.1-3 cm,2.82
11604,,Exc tr-ext mal+marg 3.1-4 cm,3.17
11606,,Exc tr-ext mal+marg >4 cm,5.02
11620,,Exc h-f-nk-sp mal+marg 0.5/<,1.64
11621,,Exc s/n/h/f/g mal+mrg 0.6-1,2.08
11622,,Exc s/n/h/f/g mal+mrg 1.1-2,2.41
11623,,Exc s/n/h/f/g mal+mrg 2.1-3,3.11
11624,,Exc s/n/h/f/g mal+mrg 3.1-4,3.62
11626,,Exc s/n/h/f/g mal+mrg >4 cm,4.61
11640,,Exc f/e/e/n/l mal+mrg 0.5cm<,1.67
11641,,Exc f/e/e/n/l mal+mrg 0.6-1,2.17
11642,,Exc f/e/e/n/l mal+mrg 1.1-2,2.62
11643,,Exc f/e/e/n/l mal+mrg 2.1-3,3.42
11644,,Exc f/e/e/n/l mal+mrg 3.1-4,4.34
11646,,Exc f/e/e/n/l mal+mrg >4 cm,6.26
1170F,,Fxnl status assessed,0.00
11719,,Trim nail(s) any number,0.17
11720,,Debride nail 1-5,0.32
11721,,Debride nail 6 or more,0.54
11730,,Removal of nail plate,1.05
11732,,Remove nail plate add-on,0.38
11740,,Drain blood from under nail,0.37
1175F,,Function stat assessed rvwd,0.00
11750,,Removal of nail bed,1.58
11755,,Biopsy nail unit,1.25
11760,,Repair of nail bed,1.63
11762,,Reconstruction of nail bed,2.94
11765,,Excision of nail fold toe,1.22
11770,,Remove pilonidal cyst simple,2.66
11771,,Remove pilonidal cyst exten,6.09
11772,,Remove pilonidal cyst compl,7.35
1180F,,Thromboemb risk assessed,0.00
1181F,,Neuropsychia sympts assessed,0.00
1182F,,Neuropsychi sympt 1+present,0.00
1183F,,Neuropsychiatric symp absent,0.00
11900,,Inject skin lesions </w 7,0.52
11901,,Inject skin lesions >7,0.80
11920,,Correct skin color 6.0 cm/<,1.61
11921,,Correct skn color 6.1-20.0cm,1.93
11922,,Correct skin color ea 20.0cm,0.49
11950,,Tx contour defects 1 cc/<,0.84
11951,,Tx contour defects 1.1-5.0cc,1.19
11952,,Tx contour defects 5.1-10cc,1.69
11954,,Tx contour defects >10.0 cc,1.85
11960,,Insert tissue expander(s),11.49
11970,,Rplcmt tiss xpndr perm implt,7.49
11971,,Rmvl tis xpndr wo insj implt,7.02
11976,,Remove contraceptive capsule,1.78
11980,,Implant hormone pellet(s),1.10
11981,,Insertion drug dlvr implant,1.14
11982,,Remove drug implant device,1.34
11983,,Remove/insert drug implant,1.91
1200F,,Seizure type& frequ docd,0.00
12001,,Rpr s/n/ax/gen/trnk 2.5cm/<,0.84
12002,,Rpr s/n/ax/gen/trnk2.6-7.5cm,1.14
12004,,Rpr s/n/ax/gen/trk7.6-12.5cm,1.44
12005,,Rpr s/n/a/gen/trk12.6-20.0cm,1.97
12006,,Rpr s/n/a/gen/trk20.1-30.0cm,2.39
12007,,Rpr s/n/ax/gen/trnk >30.0 cm,2.90
12011,,Rpr f/e/e/n/l/m 2.5 cm/<,1.07
12013,,Rpr f/e/e/n/l/m 2.6-5.0 cm,1.22
12014,,Rpr f/e/e/n/l/m 5.1-7.5 cm,1.57
12015,,Rpr f/e/e/n/l/m 7.6-12.5 cm,1.98
12016,,Rpr fe/e/en/l/m 12.6-20.0 cm,2.68
12017,,Rpr fe/e/en/l/m 20.1-30.0 cm,3.18
12018,,Rpr f/e/e/n/l/m >30.0 cm,3.61
12020,,Tx supfc wnd dehsn smpl clsr,2.67
12021,,Tx supfc wnd dehsn w/packing,1.89
12031,,Intmd rpr s/a/t/ext 2.5 cm/<,2.00
12032,,Intmd rpr s/a/t/ext 2.6-7.5,2.52
12034,,Intmd rpr s/tr/ext 7.6-12.5,2.97
12035,,Intmd rpr s/a/t/ext 12.6-20,3.50
12036,,Intmd rpr s/a/t/ext 20.1-30,4.23
12037,,Intmd rpr s/tr/ext >30.0 cm,5.00
12041,,Intmd rpr n-hf/genit 2.5cm/<,2.10
12042,,Intmd rpr n-hf/genit2.6-7.5,2.79
12044,,Intmd rpr n-hf/genit7.6-12.5,3.19
12045,,Intmd rpr n-hf/genit12.6-20,3.75
12046,,Intmd rpr n-hf/genit20.1-30,4.30
12047,,Intmd rpr n-hf/genit >30.0cm,4.95
1205F,,Epi etiol synd rvwd and docd,0.00
12051,,Intmd rpr face/mm 2.5 cm/<,2.33
12052,,Intmd rpr face/mm 2.6-5.0 cm,2.87
12053,,Intmd rpr face/mm 5.1-7.5 cm,3.17
12054,,Intmd rpr face/mm 7.6-12.5cm,3.50
12055,,Intmd rpr face/mm 12.6-20 cm,4.50
12056,,Intmd rpr face/mm 20.1-30.0,5.30
12057,,Intmd rpr face/mm >30.0 cm,6.00
1220F,,Pt screened for depression,0.00
13100,,Cmplx rpr trunk 1.1-2.5 cm,3.00
13101,,Cmplx rpr trunk 2.6-7.5 cm,3.50
13102,,Cmplx rpr trunk addl 5cm/<,1.24
13120,,Cmplx rpr s/a/l 1.1-2.5 cm,3.23
13121,,Cmplx rpr s/a/l 2.6-7.5 cm,4.00
13122,,Cmplx rpr s/a/l addl 5 cm/>,1.44
13131,,Cmplx rpr f/c/c/m/n/ax/g/h/f,3.73
13132,,Cmplx rpr f/c/c/m/n/ax/g/h/f,4.78
13133,,Cmplx rpr f/c/c/m/n/ax/g/h/f,2.19
13151,,Cmplx rpr e/n/e/l 1.1-2.5 cm,4.34
13152,,Cmplx rpr e/n/e/l 2.6-7.5 cm,5.34
13153,,Cmplx rpr e/n/e/l addl 5cm/<,2.38
13160,,Sec clsr surg wnd/dehsn xtn,12.04
1400F,,Prkns diag rviewed,0.00
14000,,Tis trnfr trunk 10 sq cm/<,6.37
14001,,Tis trnfr trunk 10.1-30sqcm,8.78
14020,,Tis trnfr s/a/l 10 sq cm/<,7.22
14021,,Tis trnfr s/a/l 10.1-30 sqcm,9.72
14040,,Tis trnfr f/c/c/m/n/a/g/h/f,8.60
14041,,Tis trnfr f/c/c/m/n/a/g/h/f,10.83
14060,,Tis trnfr e/n/e/l 10 sq cm/<,9.23
14061,,Tis trnfr e/n/e/l10.1-30sqcm,11.48
14301,,Tis trnfr any 30.1-60 sq cm,12.65
14302,,Tis trnfr addl 30 sq cm,3.73
14350,,Filleted finger/toe flap,11.05
1450F,,Symptoms improved/consist,0.00
1451F,,Sympt show clin import drop,0.00
1460F,,Qual card diag prior 12 mons,0.00
1461F,,No qual card diag prior12mon,0.00
1490F,,Dem severity classified mild,0.00
1491F,,Dem severity classified mod,0.00
1493F,,Dem severity class severe,0.00
1494F,,Cognit assessed and reviewed,0.00
1500F,,Symptom&sign symm polyneuro,0.00
15002,,Wound prep trk/arm/leg,3.65
15003,,Wound prep addl 100 cm,0.80
15004,,Wound prep f/n/hf/g,4.58
15005,,Wnd prep f/n/hf/g addl cm,1.60
1501F,,Not initial eval for cond,0.00
15011,,Hrv skn cll ssp agrft 1st 25,0.00
15012,,Hrv skn cll ssp agrft ea add,0.00
15013,,Prepj skn cll ssp agrft 1st,0.00
15014,,Prepj skn cll ssp agrft ea,0.00
15015,,App skn cl ssp agrft t/a/l 1,0.00
15016,,App skn cl ssp agrf t/a/l ea,0.00
15017,,App skn cll ssp f/n/g/hf 1st,0.00
15018,,App skn cll ssp f/n/g/hf ea,0.00
1502F,,Pt queried pain fxn w/ instr,0.00
1503F,,Pt queried symp resp insuff,0.00
1504F,,Pt has resp insufficiency,0.00
15040,,Harvest cultured skin graft,2.00
1505F,,Pt has no resp insufficiency,0.00
15050,,Pinch graft up to 2 cm diam,5.57
15100,,Splt agrft t/a/l 1st 100sqcm,9.90
15101,,Splt agrft t/a/l ea addl 100,1.72
15110,,Epidrm agrft t/a/l 1st 100,10.97
15111,,Epidrm agrft t/a/l ea addl,1.85
15115,,Epdrm agrft f/s/n/h/f/g/m 1,11.28
15116,,Epdrm agrft f/s/n/h/f/g/m ea,2.50
15120,,Splt agrft f/s/n/h/f/g/m 1st,10.15
15121,,Splt agrft f/s/n/h/f/g/m ea,2.00
15130,,Drm agrft t/a/l 1st 100 sqcm,7.53
15131,,Drm agrft t/a/l ea addl,1.50
15135,,Drm agrft f/s/n/h/f/g/m 1st,11.03
15136,,Drm agrft f/s/n/h/f/g/m ea,1.50
15150,,Tis cltr skn agrft t/a/l 1st,9.39
15151,,Tis cltr skn agrft t/a/l add,2.00
15152,,Tis cltr skn agrft t/a/l ea,2.50
15155,,Tis cltr agrft f/s/n/h/f/g 1,10.14
15156,,Tis clt agrft f/s/n/h/f/g ad,2.75
15157,,Tis clt agrft f/s/n/h/f/g ea,3.00
15200,,Fth/gft fr trnk 20 sq cm/<,9.15
15201,,Fth/gft fr trnk each addl,1.32
15220,,Fth/gft fr s/a/l 20 sq cm/<,8.09
15221,,Fth/gft fr s/a/l each addl,1.19
15240,,Fth/gft f/c/c/m/n/ax/g/h/f20,10.41
15241,,Fth/gft f/c/c/m/n/a/g/h/f ea,1.86
15260,,Fth/gft fr n/e/e/l 20 sqcm/<,11.64
15261,,Fth/gft fr n/e/e/l each addl,2.23
15271,,Skin sub graft trnk/arm/leg,1.50
15272,,Skin sub graft t/a/l add-on,0.33
15273,,Skin sub grft t/arm/lg child,3.50
15274,,Skn sub grft t/a/l child add,0.80
15275,,Skin sub graft face/nk/hf/g,1.83
15276,,Skin sub graft f/n/hf/g addl,0.50
15277,,Skn sub grft f/n/hf/g child,4.00
15278,,Skn sub grft f/n/hf/g ch add,1.00
15570,,Skin pedicle flap trunk,10.21
15572,,Skin pedicle flap arms/legs,10.12
15574,,Pedcle fh/ch/ch/m/n/ax/g/h/f,10.70
15576,,Pedicle e/n/e/l/ntroral,9.37
15600,,Delay flap trunk,2.01
15610,,Delay flap arms/legs,2.52
15620,,Delay flap f/c/c/n/ax/g/h/f,3.75
15630,,Delay flap eye/nos/ear/lip,4.08
15650,,Transfer skin pedicle flap,4.77
15730,,Mdfc flap w/prsrv vasc pedcl,13.50
15731,,Forehead flap w/vasc pedicle,14.38
15733,,Musc myoq/fscq flp h&n pedcl,15.68
15734,,Muscle-skin graft trunk,23.00
15736,,Muscle-skin graft arm,17.04
15738,,Muscle-skin graft leg,19.04
15740,,Island pedicle flap graft,11.80
15750,,Neurovascular pedicle flap,12.96
15756,,Free myo/skin flap microvasc,36.94
15757,,Free skin flap microvasc,37.15
15758,,Free fascial flap microvasc,36.90
15760,,Composite skin graft,9.86
15769,,Grfg autol soft tiss dir exc,6.68
15770,,Derma-fat-fascia graft,8.96
15771,,Grfg autol fat lipo 50 cc/<,6.73
15772,,Grfg autol fat lipo ea addl,2.50
15773,,Grfg autol fat lipo 25 cc/<,6.83
15774,,Gfrg autol fat lipo ea addl,2.41
15775,,Hair trnspl 1-15 punch grfts,3.95
15776,,Hair trnspl >15 punch grafts,5.53
15777,,Acellular derm matrix implt,3.65
15778,,Impl absrb msh/prsth dly cls,7.05
15780,,Dermabrasion total face,8.73
15781,,Dermabrasion segmental face,5.02
15782,,Dermabrasion other than face,4.44
15783,,Dermabrasion suprfl any site,4.41
15786,,Abrasion lesion single,2.08
15787,,Abrasion lesions add-on,0.33
15788,,Chemical peel facial epidrm,2.09
15789,,Chemical peel facial dermal,4.91
15792,,Chem peel nonfacial epidrm,1.86
15793,,Chemical peel nonfacial drm,3.96
15820,,Blepharoplasty lower eyelid,6.27
15821,,Blepharp lwr eyelid fat pad,6.84
15822,,Blepharoplasty upper eyelid,4.62
15823,,Blepharp upr eyelid xcsv skn,6.81
15824,,Rhytidectomy forehead,0.00
15825,,Rhytdct nck pltysml tghtg,0.00
15826,,Rhytidectomy glblr frn lines,0.00
15828,,Rhytidectomy cheek chn & nck,0.00
15829,,Rhytidectomy smas flap,0.00
15830,,Exc excessive skin abdomen,17.11
15832,,Exc excessive skin thigh,12.85
15833,,Exc excessive skin leg,11.90
15834,,Exc excessive skin hip,12.17
15835,,Exc excessive skin buttock,12.99
15836,,Exc excessive skin arm,10.61
15837,,Exc excsv skin forearm/hand,9.55
15838,,Exc excsv submental fat pad,8.25
15839,,Exc excessive skn other area,10.50
15840,,Nerve palsy fascial graft,14.99
15841,,Nerve palsy muscle graft,25.99
15842,,Nerve palsy microsurg graft,41.01
15845,,Skin and muscle repair face,14.32
15847,,Exc skin abd add-on,0.00
15851,,Removal sutr/staple req anes,1.10
15852,,Dressing change not for burn,0.86
15853,,Removal sutr/stapl xreq anes,0.00
15854,,Removal sutr&stapl xreq anes,0.00
15860,,Test for blood flow in graft,1.95
15876,,Suction lipectomy head&neck,0.00
15877,,Suction lipectomy trunk,0.00
15878,,Suction lipectomy upr extrem,0.00
15879,,Suction lipectomy lwr extrem,0.00
15920,,Exc coccygl pr ulc prim sutr,8.29
15922,,Exc coccygl pr ulc flap clsr,10.38
15931,,Exc sacral pr ulc prim sutr,10.07
15933,,Exc sac pr ulc prim str ostc,11.77
15934,,Exc sacral pr ulc skn flap,13.68
15935,,Exc sac pr ulc skn flp ostc,15.78
15936,,Exc sac pr ulc prep mus flap,13.16
15937,,Exc sac pr ulc prep mus ostc,15.14
15940,,Exc ischial pr ulc prim sutr,10.20
15941,,Exc isch pr ulc prm sut ostc,12.41
15944,,Exc isch pr ulc skn flp clsr,12.44
15945,,Exc isch pr ulc skn flp ostc,13.75
15946,,Exc isch pr ulc prep mus flp,24.12
15950,,Exc trchntr pr ulc prim sutr,8.03
15951,,Exc trchntr pr ulc ostc,11.58
15952,,Exc trchntr pr ulc flp clsr,12.31
15953,,Exc trchntr pr ulc flp ostc,13.57
15956,,Exc trchntr pr ulc prep flap,16.79
15958,,Exc trchntr pr ulc prep ostc,16.75
15999,,Unlisted px exc pressure ulc,0.00
16000,,Initial treatment of burn(s),0.89
16020,,Dress/debrid p-thick burn s,0.71
16025,,Dress/debrid p-thick burn m,1.74
16030,,Dress/debrid p-thick burn l,2.08
16035,,Incision of burn scab initi,3.74
16036,,Escharotomy addl incision,1.50
17000,,Destruct premalg lesion,0.61
17003,,Destruct premalg les 2-14,0.04
17004,,Destroy premal lesions 15/>,1.37
17106,,Destruction of skin lesions,3.69
17107,,Destruction of skin lesions,4.79
17108,,Destruction of skin lesions,7.49
17110,,Destruct b9 lesion 1-14,0.70
17111,,Destruct lesion 15 or more,0.97
17250,,Chem caut of granltj tissue,0.50
17260,,Dstrj mal les t/a/l 0.5 cm/<,0.96
17261,,Dstrj mal les t/a/l .6-1.0cm,1.22
17262,,Dstrj mal les t/a/l 1.1-2.0,1.63
17263,,Dstrj mal les t/a/l 2.1-3.0,1.84
17264,,Dstrj mal les t/a/l 3.1-4.0,1.99
17266,,Dstrj mal les t/a/l >4.0 cm,2.39
17270,,Dstr mal les s/n/h/f/g .5 /<,1.37
17271,,Dstr mal les s/n/h/f/g 0.6-1,1.54
17272,,Dstr mal les s/n/h/f/g 1.1-2,1.82
17273,,Dstr mal les s/n/h/f/g 2.1-3,2.10
17274,,Dstr mal les s/n/h/f/g 3.1-4,2.64
17276,,Dstr mal les s/n/h/f/g >4.0,3.25
17280,,Dstr mal ls f/e/e/n/l/m .5/<,1.22
17281,,Dstr mal ls f/e/e/n/l/m .6-1,1.77
17282,,Dstr mal ls f/e/e/n/l/m1.1-2,2.09
17283,,Dstr mal ls f/e/e/n/l/m2.1-3,2.69
17284,,Dstr mal ls f/e/e/n/l/m3.1-4,3.20
17286,,Dstr mal ls f/e/e/n/l/m>4.0,4.48
17311,,Mohs 1 stage h/n/hf/g,6.20
17312,,Mohs addl stage,3.30
17313,,Mohs 1 stage t/a/l,5.56
17314,,Mohs addl stage t/a/l,3.06
17315,,Mohs surg addl block,0.87
17340,,Cryotherapy for acne,0.77
17360,,Chemical exfoliation acne,1.46
17380,,Electrolysis epilation ea 30,0.00
17999,,Unlistd px skn muc memb subq,0.00
19000,,Puncture aspir cyst breast,0.84
19001,,Puncture aspir cyst brst ea,0.42
19020,,Mastotomy expl drg absc dp,3.83
19030,,Njx px only mam ducto/glcto,1.53
19081,,Bx breast 1st lesion strtctc,3.29
19082,,Bx breast add lesion strtctc,1.65
19083,,Bx breast 1st lesion us imag,3.10
19084,,Bx breast add lesion us imag,1.55
19085,,Bx breast 1st lesion mr imag,3.64
19086,,Bx breast add lesion mr imag,1.82
19100,,Bx breast percut w/o image,1.27
19101,,Biopsy of breast open,3.23
19105,,Cryosurg ablate fa each,3.69
19110,,Nipple exploration,4.44
19112,,Excise breast duct fistula,3.81
19120,,Removal of breast lesion,5.92
19125,,Excision breast lesion,6.69
19126,,Excision addl breast lesion,2.93
19281,,Perq device breast 1st imag,2.00
19282,,Perq device breast ea imag,1.00
19283,,Perq dev breast 1st strtctc,2.00
19284,,Perq dev breast add strtctc,1.00
19285,,Perq dev breast 1st us imag,1.70
19286,,Perq dev breast add us imag,0.85
19287,,Perq dev breast 1st mr guide,2.55
19288,,Perq dev breast add mr guide,1.28
19294,,Prepj tum cav iort prtl mast,3.00
19296,,Place po breast cath for rad,3.63
19297,,Place breast cath for rad,1.72
19298,,Place breast rad tube/caths,5.75
19300,,Mastectomy for gynecomastia,5.31
19301,,Partial mastectomy,10.13
19302,,P-mastectomy w/ln removal,13.99
19303,,Mast simple complete,15.00
19305,,Mast radical,17.46
19306,,Mast rad urban type,18.13
19307,,Mast mod rad,17.99
19316,,Mastopexy,11.09
19318,,Breast reduction,16.03
19325,,Breast augmentation w/implt,8.12
19328,,Rmvl intact breast implant,7.44
19330,,Rmvl ruptured breast implant,9.00
19340,,Insj breast implt sm d mast,10.48
19342,,Insj/rplcmt brst implt sep d,10.48
19350,,Nipple/areola reconstruction,9.11
19355,,Correct inverted nipple(s),8.52
19357,,Tiss xpndr plmt brst rcnstj,14.84
19361,,Brst rcnstj latsms drsi flap,23.36
19364,,Brst rcnstj free flap,42.58
19367,,Brst rcnstj 1 pdcl tram flap,26.80
19368,,Brst rcnstj 1pdcl tram anast,33.90
19369,,Brst rcnstj 2 pdcl tram flap,31.31
19370,,Revj peri-implt capsule brst,9.17
19371,,Peri-implt capslc brst compl,9.98
19380,,Revj reconstructed breast,11.17
19396,,Design custom breast implant,2.17
19499,,Unlisted procedure breast,0.00
2000F,,Blood pressure measure,0.00
2001F,,Weight record,0.00
2002F,,Clin sign vol ovrld assess,0.00
2004F,,Initial exam involved joints,0.00
2010F,,Vital signs recorded,0.00
20100,,Expl pentrg wound neck,10.38
20101,,Expl pentrg wound chest,3.23
20102,,Expl pentrg wnd abd/flnk/bk,3.98
20103,,Expl pentrg wound extremity,5.34
2014F,,Mental status assess,0.00
2015F,,Asthma impairment assessed,0.00
20150,,Excision epiphyseal bar,14.75
2016F,,Asthma risk assessed,0.00
2018F,,Hydration status assess,0.00
2019F,,Dilated macul exam done,0.00
2020F,,Dilated fundus eval done,0.00
20200,,Muscle biopsy superficial,1.46
20205,,Deep muscle biopsy,2.35
20206,,Biopsy muscle perq needle,0.99
2021F,,Dilat macular exam done,0.00
2022F,,Dilat rta xm evc rtnopthy,0.00
20220,,Bone biopsy trocar/ndl supfc,1.65
20225,,Bone biopsy trocar/ndl deep,2.45
2023F,,Dilat rta xm w/o rtnopthy,0.00
2024F,,7 fld rta photo evc rtnopthy,0.00
20240,,Bone biopsy open superficial,2.61
20245,,Bone biopsy open deep,6.00
2025F,,7 fld rta photo w/o rtnopthy,0.00
20250,,Biopsy vrt bdy open thoracic,5.19
20251,,Biopsy vrt bdy open lmbr/crv,5.72
2026F,,Eye img valid evc rtnopthy,0.00
2027F,,Optic nerve head eval done,0.00
2028F,,Foot exam performed,0.00
2029F,,Complete phys skin exam done,0.00
2030F,,H2o stat docd normal,0.00
2031F,,H2o stat docd dehydrated,0.00
2033F,,Eye img valid w/o rtnopthy,0.00
2035F,,Tymp memb motion examd,0.00
2040F,,Bk pn xm on init visit date,0.00
2044F,,Doc mntl tst b/4 bk trxmnt,0.00
2050F,,Wound char size etc docd,0.00
20500,,Injection of sinus tract,1.28
20501,,Inject sinus tract for x-ray,0.76
20520,,Removal of foreign body,1.90
20525,,Removal of foreign body,3.54
20526,,Ther injection carp tunnel,0.94
20527,,Inj dupuytren cord w/enzyme,1.00
20550,,Inj tendon sheath/ligament,0.75
20551,,Inj tendon origin/insertion,0.75
20552,,Inj trigger point 1/2 muscl,0.66
20553,,Inject trigger points 3/>,0.75
20555,,Place ndl musc/tis for rt,6.00
20560,,Ndl insj w/o njx 1 or 2 musc,0.32
20561,,Ndl insj w/o njx 3+ musc,0.48
2060F,,Pt intrvwd on/before dx mdd,0.00
20600,,Drain/inj joint/bursa w/o us,0.66
20604,,Drain/inj joint/bursa w/us,0.89
20605,,Drain/inj joint/bursa w/o us,0.68
20606,,Drain/inj joint/bursa w/us,1.00
20610,,Drain/inj joint/bursa w/o us,0.79
20611,,Drain/inj joint/bursa w/us,1.10
20612,,Aspirate/inj ganglion cyst,0.70
20615,,Treatment of bone cyst,2.33
20650,,Insert and remove bone pin,2.28
20660,,Apply rem fixation device,4.00
20661,,Application halo cranial,5.26
20662,,Application halo pelvic,6.38
20663,,Application halo femoral,5.74
20664,,Appl halo cranial 6+pins,10.06
20665,,Rmvl tongs/halo anthr indiv,1.36
20670,,Removal implant superficial,1.79
20680,,Removal of implant deep,5.96
20690,,Appl unipln uni ext fixj sys,8.78
20692,,Appl mltpln uni ext fixj sys,16.27
20693,,Adjmt/revj ext fixj sys anes,6.06
20694,,Rmvl ext fixj sys under anes,4.28
20696,,App mltpln uni xtrnl fix 1st,17.56
20697,,App mltpln uni xtrnl fix xch,0.00
20700,,Mnl prep&insj dp rx dlvr dev,1.50
20701,,Rmvl deep rx delivery device,1.13
20702,,Mnl prep&insj imed rx dev,2.50
20703,,Rmvl imed rx delivery device,1.80
20704,,Mnl prep&insj i-artic rx dev,2.60
20705,,Rmvl i-artic rx delivery dev,2.15
20802,,Replantation arm complete,42.62
20805,,Replant forearm complete,51.46
20808,,Replantation hand complete,63.09
20816,,Replantation digit complete,31.95
20822,,Replantation digit complete,26.66
20824,,Replantation thumb complete,31.95
20827,,Replantation thumb complete,27.48
20838,,Replantation foot complete,42.88
20900,,Removal of bone for graft,3.00
20902,,Removal of bone for graft,4.58
20910,,Remove cartilage for graft,5.53
20912,,Remove cartilage for graft,6.54
20920,,Removal of fascia for graft,5.51
20922,,Removal of fascia for graft,6.93
20924,,Removal of tendon for graft,6.68
20930,,Sp bone algrft morsel add-on,0.00
20931,,Sp bone algrft struct add-on,1.81
20932,,Osteoart algrft w/surf & b1,13.01
20933,,Hemicrt intrclry algrft prtl,11.94
20934,,Intercalary algrft compl,13.00
20936,,Sp bone agrft local add-on,0.00
20937,,Sp bone agrft morsel add-on,2.79
20938,,Sp bone agrft struct add-on,3.02
20939,,Bone marrow aspir bone grfg,1.16
20950,,Fluid pressure muscle,1.26
20955,,Fibula bone graft microvasc,40.26
20956,,Iliac bone graft microvasc,41.18
20957,,Mt bone graft microvasc,42.61
20962,,Other bone graft microvasc,39.21
20969,,Bone/skin graft microvasc,45.43
20970,,Bone/skin graft iliac crest,44.58
20972,,Bone/skin graft metatarsal,44.51
20973,,Bone/skin graft great toe,47.27
20974,,Electrical bone stimulation,0.62
20975,,Electrical bone stimulation,2.60
20979,,Us bone stimulation,0.62
20982,,Ablate bone tumor(s) perq,7.02
20983,,Ablate bone tumor(s) perq,6.88
20985,,Cptr-asst dir ms px,2.50
20999,,Unlisted px muscskel general,0.00
21010,,Incision of jaw joint,11.04
21011,,Exc face les sc <2 cm,2.99
21012,,Exc face les sbq 2 cm/>,4.45
21013,,Exc face tum deep < 2 cm,5.42
21014,,Exc face tum deep 2 cm/>,7.13
21015,,Resect face/scalp tum < 2 cm,9.89
21016,,Resect face/scalp tum 2 cm/>,15.26
21025,,Excision of bone lower jaw,10.03
21026,,Excision of facial bone(s),5.70
21029,,Contour of face bone lesion,8.39
21030,,Excise max/zygoma b9 tumor,4.91
21031,,Remove exostosis mandible,3.30
21032,,Remove exostosis maxilla,3.34
21034,,Excise max/zygoma mal tumor,17.38
21040,,Excise mandible lesion,4.91
21044,,Removal of jaw bone lesion,12.80
21045,,Extensive jaw surgery,18.37
21046,,Remove mandible cyst complex,14.21
21047,,Excise lwr jaw cyst w/repair,20.07
21048,,Remove maxilla cyst complex,14.71
21049,,Excis uppr jaw cyst w/repair,19.32
21050,,Removal of jaw joint,11.76
21060,,Remove jaw joint cartilage,11.07
21070,,Remove coronoid process,8.62
21073,,Mnpj of tmj w/anesth,3.45
21076,,Impres&prep surg obt prosth,13.40
21077,,Impres&prep orbital prosth,33.70
21079,,Impres&prep intrm obt prosth,22.31
21080,,Impres&prep def obt prosth,25.06
21081,,Impres&prep mndbl res prosth,22.85
21082,,Impres&prep paltl aug prosth,20.84
21083,,Impres&prep paltl lft prosth,19.27
21084,,Impres&prep sp aid prosth,22.48
21085,,Impres&prep oral surg splint,8.99
21086,,Impres&prep auricular prosth,24.88
21087,,Impres&prep nasal prosth,24.88
21088,,Impres&prep facial prosth,0.00
21089,,Unlisted maxlfcl prosth px,0.00
21100,,Maxillofacial fixation,4.73
21110,,Interdental fixation,5.99
21116,,Injection jaw joint x-ray,0.81
21120,,Genioplasty augmentation,5.10
21121,,Geniop sldg osteot 1,7.81
21122,,Geniop sldg osteot 2/>,8.71
21123,,Geniop sldg augmentation,11.34
21125,,Augmentation mndblr prostc,10.80
21127,,Augmentation mndblr b1 grf,12.44
21137,,Rdctj forehead cntrg only,10.24
21138,,Rdctj forehead cntrg&prostc,12.87
21139,,Rdctj forehead cntrg&setback,15.02
21141,,Lefort i-1 piece w/o graft,19.57
21142,,Lefort i-2 piece w/o graft,20.28
21143,,Lefort i-3/> piece w/o graft,21.05
21145,,Lefort i-1 piece w/ graft,23.94
21146,,Lefort i-2 piece w/ graft,24.87
21147,,Lefort i-3/> piece w/ graft,26.47
21150,,Lefort ii anterior intrusion,25.96
21151,,Lefort ii w/bone grafts,29.02
21154,,Lefort iii w/o lefort i,31.29
21155,,Lefort iii w/ lefort i,35.22
21159,,Lefort iii w/fhdw/o lefort i,43.14
21160,,Lefort iii w/fhd w/ lefort i,47.19
21172,,Reconstruct orbit/forehead,28.20
21175,,Reconstruct orbit/forehead,33.56
21179,,Reconstruct entire forehead,22.65
21180,,Reconstruct entire forehead,25.58
21181,,Contour cranial bone lesion,10.28
21182,,Reconstruct cranial bone,32.58
21183,,Reconstruct cranial bone,35.70
21184,,Reconstruct cranial bone,38.62
21188,,Reconstruction of midface,23.15
21193,,Reconst lwr jaw w/o graft,18.90
21194,,Reconst lwr jaw w/graft,21.82
21195,,Reconst lwr jaw w/o fixation,19.16
21196,,Reconst lwr jaw w/fixation,20.83
21198,,Reconstr lwr jaw segment,15.71
21199,,Reconstr lwr jaw w/advance,16.73
21206,,Reconstruct upper jaw bone,15.59
21208,,Augmentation of facial bones,11.42
21209,,Reduction of facial bones,7.82
21210,,Face bone graft,11.69
21215,,Lower jaw bone graft,12.23
21230,,Rib cartilage graft,11.17
21235,,Ear cartilage graft,7.50
21240,,Reconstruction of jaw joint,16.07
21242,,Reconstruction of jaw joint,14.59
21243,,Reconstruction of jaw joint,24.53
21244,,Reconstruction of lower jaw,13.62
21245,,Reconstruction of jaw,13.12
21246,,Reconstruction of jaw,12.92
21247,,Reconstruct lower jaw bone,24.37
21248,,Reconstruction of jaw,12.74
21249,,Reconstruction of jaw,18.77
21255,,Reconstruct lower jaw bone,18.46
21256,,Reconstruction of orbit,17.66
21260,,Revise eye sockets,17.90
21261,,Revise eye sockets,34.07
21263,,Revise eye sockets,31.01
21267,,Revise eye sockets,20.69
21268,,Revise eye sockets,27.07
21270,,Augmentation cheek bone,10.63
21275,,Revision orbitofacial bones,11.76
21280,,Medial canthopexy,7.13
21282,,Lateral canthopexy,4.27
21295,,Revision of jaw muscle/bone,1.90
21296,,Revision of jaw muscle/bone,4.78
21299,,Unlisted cranfcl&maxlfcl px,0.00
21315,,Clsd tx nsl fx mnpj wo stblj,0.96
21320,,Clsd tx nsl fx w/mnpj&stablj,1.59
21325,,Open tx nose fx uncomplicatd,4.18
21330,,Open tx nose fx w/skele fixj,5.79
21335,,Open tx nose & septal fx,9.02
21336,,Open tx septal fx w/wo stabj,6.77
21337,,Closed tx septal&nose fx,3.39
21338,,Open nasoethmoid fx w/o fixj,6.87
21339,,Open nasoethmoid fx w/ fixj,8.50
21340,,Perq tx nasoethmoid fx,11.49
21343,,Open tx dprsd front sinus fx,14.32
21344,,Open tx compl front sinus fx,21.57
21345,,Closed tx nose/jaw fx,9.06
21346,,Opn tx nasomax fx w/fixj,11.45
21347,,Opn tx nasomax fx multple,13.53
21348,,Opn tx nasomax fx w/graft,17.52
21355,,Perq tx malar fracture,4.45
21356,,Opn tx dprsd zygomatic arch,4.83
21360,,Opn tx dprsd malar fracture,7.19
21365,,Opn tx complx malar fx,16.77
21366,,Opn tx complx malar w/grft,18.60
21385,,Opn tx orbit fx transantral,9.57
21386,,Opn tx orbit fx periorbital,9.57
21387,,Opn tx orbit fx combined,10.11
21390,,Opn tx orbit periorbtl implt,11.23
21395,,Opn tx orbit periorbt w/grft,14.70
21400,,Closed tx orbit w/o manipulj,1.50
21401,,Closed tx orbit w/manipulj,3.68
21406,,Opn tx orbit fx w/o implant,7.42
21407,,Opn tx orbit fx w/implant,9.02
21408,,Opn tx orbit fx w/bone grft,12.78
21421,,Cltx palatal/max fx wire fix,6.02
21422,,Optx palatal/max fracture,8.73
21423,,Optx palatal/max fx comp,10.85
21431,,Cltx craniofacial separation,7.90
21432,,Optx cranfcl sep w/wiring,8.82
21433,,Optx cranfcl sep comp mlt,26.29
21435,,Optx crnfc sep comp int&/xtr,20.26
21436,,Optx crnfcl sep comp mlt int,30.30
21440,,Cltx mndblr/max alv ridge fx,3.44
21445,,Optx mndblr/max alv ridge fx,6.26
21450,,Cltx mndblr fx w/o mnpj,3.71
21451,,Cltx mndblr fx w/mnpj,5.65
21452,,Perq tx mndblr fx xtrnl fixj,2.40
21453,,Cltx mndblr fx ntrdntl fixj,6.64
21454,,Optx mndblr fx xtrnl fixj,7.36
21461,,Optx mndblr fx wo ntrdntl,9.31
21462,,Optx mndblr fx w/ntrdntl,11.01
21465,,Optx mndblr cndylr fx,13.12
21470,,Optx complicated mndblr fx,17.54
21480,,Cltx tmprmand dislc 1st/sbsq,0.61
21485,,Cltx tmprmand dislc comp,4.77
21490,,Optx tmprmand dislocation,12.95
21497,,Interdental wirg oth/thn fx,4.64
21499,,Unlisted muscskel px head,0.00
21501,,I&d dp absc/hmtma sft ts nck,3.98
21502,,I&d dp abs/hmtm nck rib ostc,7.55
21510,,Inc deep opng b1 crtx thorax,6.20
21550,,Biopsy of neck/chest,2.11
21552,,Exc neck les sc 3 cm/>,6.49
21554,,Exc neck tum deep 5 cm/>,11.13
21555,,Exc neck les sc < 3 cm,3.96
21556,,Exc neck tum deep < 5 cm,7.66
21557,,Resect neck thorax tumor<5cm,14.75
21558,,Resect neck tumor 5 cm/>,21.58
21600,,Partial removal of rib,7.26
21601,,Exc chest wall tumor w/ribs,17.78
21602,,Exc ch wal tum w/o lymphadec,22.19
21603,,Exc ch wal tum w/lymphadec,25.17
21610,,Partial removal of rib,15.91
21615,,Removal of rib,10.45
21616,,Removal of rib and nerves,12.69
21620,,Partial removal of sternum,7.28
21627,,Sternal debridement,7.30
21630,,Radical resection sternum,19.18
21685,,Hyoid myotomy & suspension,15.26
21700,,Revision of neck muscle,6.31
21705,,Revision of neck muscle/rib,9.92
21720,,Revision of neck muscle,5.80
21725,,Revision of neck muscle,7.19
21740,,Reconstruction of sternum,17.57
21742,,Repair stern/nuss w/o scope,0.00
21743,,Repair sternum/nuss w/scope,0.00
21750,,Repair of sternum separation,11.40
21811,,Optx of rib fx w/fixj scope,10.79
21812,,Treatment of rib fracture,13.00
21813,,Treatment of rib fracture,17.61
21820,,Treat sternum fracture,1.36
21825,,Treat sternum fracture,7.76
21899,,Unlisted px neck/thorax,0.00
21920,,Biopsy soft tissue of back,2.11
21925,,Biopsy soft tissue of back,4.63
21930,,Exc back les sc < 3 cm,4.94
21931,,Exc back les sc 3 cm/>,6.88
21932,,Exc back tum deep < 5 cm,9.82
21933,,Exc back tum deep 5 cm/>,11.13
21935,,Resect back tum < 5 cm,15.72
21936,,Resect back tum 5 cm/>,22.55
22010,,I&d p-spine c/t/cerv-thor,12.75
22015,,I&d abscess p-spine l/s/ls,12.64
22100,,Remove part of neck vertebra,11.00
22101,,Remove part thorax vertebra,11.08
22102,,Remove part lumbar vertebra,11.08
22103,,Remove extra spine segment,2.34
22110,,Remove part of neck vertebra,14.00
22112,,Remove part thorax vertebra,14.07
22114,,Remove part lumbar vertebra,14.07
22116,,Remove extra spine segment,2.32
22206,,Incis spine 3 column thorac,37.18
22207,,Incis spine 3 column lumbar,36.68
22208,,Incis spine 3 column adl seg,9.66
22210,,Incis 1 vertebral seg cerv,25.38
22212,,Incis 1 vertebral seg thorac,20.99
22214,,Incis 1 vertebral seg lumbar,21.02
22216,,Incis addl spine segment,6.03
22220,,Osteot dsc ant 1 vrt sgm crv,22.94
22222,,Osteot dsc ant 1vrt sgm thrc,23.09
22224,,Osteot dsc ant 1vrt sgm lmbr,23.09
22226,,Osteot dsc ant 1vrt sgm ea,6.03
22310,,Closed tx vert fx w/o manj,3.45
22315,,Closed tx vert fx w/manj,10.11
22318,,Treat odontoid fx w/o graft,22.72
22319,,Treat odontoid fx w/graft,25.33
22325,,Treat spine fracture,19.87
22326,,Treat neck spine fracture,20.84
22327,,Treat thorax spine fracture,20.77
22328,,Treat each add spine fx,4.60
22505,,Manipulation of spine,1.87
22510,,Perq cervicothoracic inject,7.90
22511,,Perq lumbosacral injection,7.33
22512,,Vertebroplasty addl inject,4.00
22513,,Perq vertebral augmentation,8.65
22514,,Perq vertebral augmentation,7.99
22515,,Perq vertebral augmentation,4.00
22526,,Idet single level,5.85
22527,,Idet 1 or more levels,3.03
22532,,Arthrd lat xtrcvtry tq thrc,25.99
22533,,Arthrd lat xtrcvtry tq lmbr,24.79
22534,,Arthrd lat xtrcvtry tq ea ad,5.99
22548,,Arthrd ant toral/xoral c1-c2,27.06
22551,,Arthrd ant ntrbdy cervical,25.00
22552,,Arthrd ant ntrbd cervical ea,6.50
22554,,Arthrd ant ntrbd min dsc crv,17.69
22556,,Arthrd ant ntrbd min dsc thc,24.70
22558,,Arthrd ant ntrbd min dsc lum,23.53
22585,,Arthrd ant ntrbd min dsc ea,5.52
22586,,Arthrd pre-sac ntrbdy l5-s1,28.12
22590,,Arthrd pst tq craniocervical,21.76
22595,,Arthrd pst tq atlas-axis,20.64
22600,,Arthrd pst tq 1ntrspc crv,17.40
22610,,Arthrd pst tq 1ntrspc thrc,17.28
22612,,Arthrd pst tq 1ntrspc lumbar,23.53
22614,,Arthrd pst tq 1ntrspc ea add,6.43
22630,,Arthrd pst tq 1ntrspc lum,22.09
22632,,Arthrd pst tq 1ntrspc lm ea,5.22
22633,,Arthrd cmbn 1ntrspc lumbar,26.80
22634,,Arthrd cmbn 1ntrspc ea addl,7.96
22800,,Arthrd pst dfrm<6 vrt sgm,19.50
22802,,Arthrd pst dfrm 7-12 vrt sgm,32.11
22804,,Arthrd pst dfrm 13+ vrt sgm,37.50
22808,,Arthrd ant dfrm 2-3 vrt sgm,27.51
22810,,Arthrd ant dfrm 4-7 vrt sgm,31.50
22812,,Arthrd ant dfrm 8+ vrt sgm,34.25
22818,,Kyphectomy 1-2 segments,34.33
22819,,Kyphectomy 3 or more,39.38
22830,,Exploration of spinal fusion,11.22
22836,,Ant thrc vrt body tethrg <7,32.00
22837,,Ant thrc vrt body tethrg 8+,35.50
22838,,Rev rplc/rmv thrc vrt tethrg,36.00
22840,,Insert spine fixation device,12.52
22841,,Insert spine fixation device,0.00
22842,,Insert spine fixation device,12.56
22843,,Insert spine fixation device,13.44
22844,,Insert spine fixation device,16.42
22845,,Insert spine fixation device,11.94
22846,,Insert spine fixation device,12.40
22847,,Insert spine fixation device,13.78
22848,,Insert pelv fixation device,5.99
22849,,Reinsert spinal fixation,19.17
22850,,Remove spine fixation device,9.82
22852,,Remove spine fixation device,9.37
22853,,Insj biomechanical device,4.25
22854,,Insj biomechanical device,5.50
22855,,Removal anterior instrmj,15.86
22856,,Tot disc arthrp 1ntrspc crv,24.05
22857,,Tot disc arthrp 1ntrspc lmbr,27.13
22858,,Tot disc arthrp 2nd lvl crv,8.40
22859,,Insj biomechanical device,5.50
22860,,Tot disc arthrp 2ntrspc lmbr,6.88
22861,,Rev rplcm arthrp 1ntrspc crv,33.36
22862,,Rev rplcm rthrp 1ntrspc lmbr,32.63
22864,,Rmvl tot arthrp 1ntrspc crv,29.40
22865,,Rmvl tot arthrp 1ntrspc lmbr,31.75
22867,,Insj stablj dev w/dcmprn,15.00
22868,,Insj stablj dev w/dcmprn,4.00
22869,,Insj stablj dev w/o dcmprn,7.03
22870,,Insj stablj dev w/o dcmprn,2.34
22899,,Unlisted procedure spine,0.00
22900,,Exc abdl tum deep < 5 cm,8.32
22901,,Exc abdl tum deep 5 cm/>,10.11
22902,,Exc abd les sc < 3 cm,4.42
22903,,Exc abd les sc 3 cm/>,6.39
22904,,Radical resect abd tumor<5cm,16.69
22905,,Rad resect abd tumor 5 cm/>,21.58
22999,,Unlisted px abdomen muscskel,0.00
23000,,Removal of calcium deposits,4.48
23020,,Release shoulder joint,9.36
23030,,Drain shoulder lesion,3.47
23031,,Drain shoulder bursa,2.79
23035,,Drain shoulder bone lesion,9.16
23040,,Exploratory shoulder surgery,9.75
23044,,Exploratory shoulder surgery,7.59
23065,,Biopsy shoulder tissues,2.30
23066,,Biopsy shoulder tissues,4.30
23071,,Exc shoulder les sc 3 cm/>,5.91
23073,,Exc shoulder tum deep 5 cm/>,10.13
23075,,Exc shoulder les sc < 3 cm,4.21
23076,,Exc shoulder tum deep < 5 cm,7.41
23077,,Resect shoulder tumor < 5 cm,17.66
23078,,Resect shoulder tumor 5 cm/>,22.55
23100,,Biopsy of shoulder joint,6.20
23101,,Shoulder joint surgery,5.72
23105,,Remove shoulder joint lining,8.48
23106,,Incision of collarbone joint,6.13
23107,,Explore treat shoulder joint,8.87
23120,,Claviculectomy partial,7.39
23125,,Claviculectomy total,9.64
23130,,Acromp/acromionectomy prtl,7.77
23140,,Removal of bone lesion,7.12
23145,,Removal of bone lesion,9.40
23146,,Removal of bone lesion,8.08
23150,,Removal of humerus lesion,8.91
23155,,Removal of humerus lesion,10.86
23156,,Removal of humerus lesion,9.11
23170,,Remove collar bone lesion,7.21
23172,,Remove shoulder blade lesion,7.31
23174,,Remove humerus lesion,10.05
23180,,Remove collar bone lesion,8.99
23182,,Remove shoulder blade lesion,8.61
23184,,Remove humerus lesion,9.90
23190,,Partial removal of scapula,7.47
23195,,Removal of head of humerus,10.36
23200,,Resect clavicle tumor,22.71
23210,,Resect scapula tumor,27.21
23220,,Resect prox humerus tumor,30.21
23330,,Remove shoulder foreign body,1.90
23333,,Remove shoulder fb deep,6.00
23334,,Shoulder prosthesis removal,15.50
23335,,Shoulder prosthesis removal,19.00
23350,,Injection for shoulder x-ray,1.00
23395,,Muscle transfer shoulder/arm,18.54
23397,,Muscle transfers,16.76
23400,,Fixation of shoulder blade,13.87
23405,,Incision of tendon & muscle,8.54
23406,,Incise tendon(s) & muscle(s),11.01
23410,,Repair rotator cuff acute,11.39
23412,,Repair rotator cuff chronic,11.93
23415,,Release of shoulder ligament,9.23
23420,,Repair of shoulder,13.54
23430,,Repair biceps tendon,10.17
23440,,Remove/transplant tendon,10.64
23450,,Repair shoulder capsule,13.70
23455,,Repair shoulder capsule,14.67
23460,,Repair shoulder capsule,15.82
23462,,Repair shoulder capsule,15.72
23465,,Repair shoulder capsule,16.30
23466,,Repair shoulder capsule,15.80
23470,,Reconstruct shoulder joint,17.89
23472,,Reconstruct shoulder joint,22.13
23473,,Revis reconst shoulder joint,25.00
23474,,Revis reconst shoulder joint,27.21
23480,,Revision of collar bone,11.54
23485,,Revision of collar bone,13.91
23490,,Reinforce clavicle,12.16
23491,,Reinforce shoulder bones,14.54
23500,,Cltx clavicular fx w/o mnpj,2.21
23505,,Cltx clavicular fx w/mnpj,3.83
23515,,Optx clavicular fx w/int fix,9.69
23520,,Cltx strnclav dislc w/o mnpj,2.29
23525,,Cltx strnclav dislc w/mnpj,3.79
23530,,Optx strnclav dislc aqt/chrn,7.48
23532,,Optx strclv dslc aq/chrn grf,8.20
23540,,Cltx acromclav dislc wo mnpj,2.36
23545,,Cltx acromclav dislc w/mnpj,3.43
23550,,Optx acromclv dislc aqt/chrn,7.59
23552,,Optx acrclv dslc aq/chrn grf,8.82
23570,,Cltx scapular fx w/o mnpj,2.36
23575,,Cltx scap fx w/mnpj +-tractj,4.23
23585,,Optx scapular fx w/int fixj,14.23
23600,,Cltx prox humrl fx w/o mnpj,3.00
23605,,Cltx prx hmrl fx mnpj+-tract,5.06
23615,,Optx prox humrl fx w/int fix,12.30
23616,,Optx prx hmrl fx fix rpr rpl,18.37
23620,,Cltx gr hmrl tbrs fx wo mnpj,2.55
23625,,Cltx gr hmrl tbrs fx w/mnpj,4.10
23630,,Optx gr hmrl tbrs fx int fix,10.57
23650,,Cltx sho dslc w/mnpj wo anes,3.53
23655,,Cltx sho dslc w/mnpj w/anes,4.76
23660,,Optx acute shoulder dislc,7.66
23665,,Cltx sho dslc fx gr hmrl tbr,4.66
23670,,Optx sho dislc fx,12.28
23675,,Cltx sho dislc neck fx mnpj,6.27
23680,,Optx sho dislc neck fx fixj,13.15
23700,,Mnpj anes sho jt fixj aprats,2.57
23800,,Arthrodesis glenohumeral jt,14.73
23802,,Arthrd glenohumeral jt w/grf,18.42
23900,,Interthoracoscplr amputation,20.72
23920,,Disarticulation shoulder,16.23
23921,,Disarticulation sho sec clsr,5.72
23929,,Unlisted procedure shoulder,0.00
23930,,I&d upr a/e dp absc/hmtma,2.99
23931,,I&d upr a/e bursa,1.84
23935,,Inc dp opn b1 crtx hum/elbw,6.38
24000,,Arthrt elbw expl drg/rmvl fb,6.08
24006,,Arthrt elbw capsl exc rls,9.74
24065,,Biopsy arm/elbow soft tissue,2.13
24066,,Biopsy arm/elbow soft tissue,5.35
24071,,Exc arm/elbow les sc 3 cm/>,5.70
24073,,Ex arm/elbow tum deep 5 cm/>,10.13
24075,,Exc arm/elbow les sc < 3 cm,4.24
24076,,Ex arm/elbow tum deep < 5 cm,7.41
24077,,Rad rescj tum tiss a/e <5cm,15.72
24079,,Rad rescj tum tiss a/e 5 cm+,20.61
24100,,Arthrt elbw synovial bx only,5.07
24101,,Arthrt elbw jt expl bx rmvl,6.30
24102,,Arthrt elbow w/synovectomy,8.26
24105,,Excision olecranon bursa,3.78
24110,,Exc/curtg b1 cst/b9 tum hum,7.58
24115,,Exc/crtg b1 cst/tum hum agrf,10.12
24116,,Exc/crtg b1 cst/tum hum algr,12.23
24120,,Exc/crtg b1 cst/b9 tum rds,6.82
24125,,Exc/crtg b1 cst/tum rds agrf,8.14
24126,,Exc/crtg b1 cst/tum rds algr,8.62
24130,,Excision radial head,6.42
24134,,Sequestrectomy shft/dstl hum,10.22
24136,,Sequestrectomy radial h/n,8.40
24138,,Sequestrectomy olecrn proces,8.50
24140,,Partial exc bone humerus,9.55
24145,,Prtl exc bone radial h/n,7.81
24147,,Prtl exc bone olecrn process,7.84
24149,,Radical resection of elbow,16.22
24150,,Rad rescj tum dstl/shft hum,23.46
24152,,Rad resection tum radial h/n,19.99
24155,,Resection of elbow joint,12.09
24160,,Rmvl prosthhumrl&ulnar cmpnt,18.63
24164,,Removal prosth radial head,10.00
24200,,Rmvl fb upper arm/elbw subq,1.81
24201,,Rmvl fb upper arm/elbw deep,4.70
24220,,Injection px for elbow arthg,1.31
24300,,Mnpj elbow under anes,4.04
24301,,Musc/tdn transfer upr a/e 1,10.38
24305,,Tendon lngth upr a/e ea tdn,7.62
24310,,Tnot opn elbw to sho ea tdn,6.12
24320,,Tenoplasty elbow to sho 1,10.86
24330,,Flexor-plasty elbow,9.79
24331,,Flexor-plasty elbw w/advmnt,10.95
24332,,Tenolysis triceps,7.91
24340,,Tenodesis biceps tdn at elbw,8.08
24341,,Rpr tdn/musc upr a/e each,9.49
24342,,Repair of ruptured tendon,10.86
24343,,Repr elbow lat ligmnt w/tiss,9.16
24344,,Reconstruct elbow lat ligmnt,15.21
24345,,Repr elbw med ligmnt w/tissu,9.16
24346,,Reconstruct elbow med ligmnt,15.21
24357,,Repair elbow perc,5.44
24358,,Repair elbow w/deb open,6.66
24359,,Repair elbow deb/attch open,8.98
24360,,Reconstruct elbow joint,12.67
24361,,Reconstruct elbow joint,14.41
24362,,Reconstruct elbow joint,15.32
24363,,Replace elbow joint,22.00
24365,,Reconstruct head of radius,8.62
24366,,Reconstruct head of radius,9.36
24370,,Revise reconst elbow joint,23.55
24371,,Revise reconst elbow joint,27.50
24400,,Revision of humerus,11.33
24410,,Revision of humerus,15.11
24420,,Revision of humerus,13.73
24430,,Repair of humerus,15.25
24435,,Repair humerus with graft,14.99
24470,,Revision of elbow joint,8.93
24495,,Decompression of forearm,8.41
24498,,Reinforce humerus,12.28
24500,,Treat humerus fracture,3.41
24505,,Treat humerus fracture,5.39
24515,,Treat humerus fracture,12.12
24516,,Treat humerus fracture,12.19
24530,,Treat humerus fracture,3.69
24535,,Treat humerus fracture,7.11
24538,,Treat humerus fracture,9.77
24545,,Treat humerus fracture,13.15
24546,,Treat humerus fracture,14.91
24560,,Treat humerus fracture,2.98
24565,,Treat humerus fracture,5.78
24566,,Treat humerus fracture,9.06
24575,,Treat humerus fracture,9.71
24576,,Treat humerus fracture,3.06
24577,,Treat humerus fracture,6.01
24579,,Treat humerus fracture,11.44
24582,,Treat humerus fracture,10.14
24586,,Treat elbow fracture,15.78
24587,,Treat elbow fracture,15.79
24600,,Treat elbow dislocation,4.37
24605,,Treat elbow dislocation,5.64
24615,,Treat elbow dislocation,9.83
24620,,Treat elbow fracture,7.22
24635,,Treat elbow fracture,8.80
24640,,Treat elbow dislocation,1.25
24650,,Treat radius fracture,2.31
24655,,Treat radius fracture,4.62
24665,,Treat radius fracture,8.36
24666,,Treat radius fracture,9.86
24670,,Treat ulnar fracture,2.69
24675,,Treat ulnar fracture,4.91
24685,,Treat ulnar fracture,8.37
24800,,Fusion of elbow joint,11.41
24802,,Fusion/graft of elbow joint,14.32
24900,,Amputation of upper arm,10.18
24920,,Amputation of upper arm,10.13
24925,,Amputation follow-up surgery,7.30
24930,,Amputation follow-up surgery,10.83
24931,,Amputate upper arm & implant,13.44
24935,,Revision of amputation,16.45
24940,,Revision of upper arm,0.00
24999,,Unlisted px humerus/elbow,0.00
25000,,Incision of tendon sheath,3.55
25001,,Incise flexor carpi radialis,3.79
25020,,Decompress forearm 1 space,6.06
25023,,Decompress forearm 1 space,13.83
25024,,Decompress forearm 2 spaces,10.79
25025,,Decompress forearm 2 spaces,17.94
25028,,Drainage of forearm lesion,5.39
25031,,Drainage of forearm bursa,4.26
25035,,Treat forearm bone lesion,7.65
25040,,Explore/treat wrist joint,7.50
25065,,Biopsy forearm soft tissues,2.04
25066,,Biopsy forearm soft tissues,4.27
25071,,Exc forearm les sc 3 cm/>,5.91
25073,,Exc forearm tum deep 3 cm/>,7.13
25075,,Exc forearm les sc < 3 cm,3.96
25076,,Exc forearm tum deep < 3 cm,6.74
25077,,Resect forearm/wrist tum<3cm,12.93
25078,,Resect forarm/wrist tum 3cm>,17.69
25085,,Incision of wrist capsule,5.64
25100,,Biopsy of wrist joint,4.02
25101,,Explore/treat wrist joint,4.83
25105,,Remove wrist joint lining,6.02
25107,,Remove wrist joint cartilage,7.70
25109,,Excise tendon forearm/wrist,6.94
25110,,Remove wrist tendon lesion,4.04
25111,,Remove wrist tendon lesion,3.53
25112,,Reremove wrist tendon lesion,4.67
25115,,Remove wrist/forearm lesion,10.09
25116,,Remove wrist/forearm lesion,7.56
25118,,Excise wrist tendon sheath,4.51
25119,,Partial removal of ulna,6.21
25120,,Removal of forearm lesion,6.27
25125,,Remove/graft forearm lesion,7.67
25126,,Remove/graft forearm lesion,7.74
25130,,Removal of wrist lesion,5.43
25135,,Remove & graft wrist lesion,7.08
25136,,Remove & graft wrist lesion,6.14
25145,,Remove forearm bone lesion,6.54
25150,,Partial removal of ulna,7.38
25151,,Partial removal of radius,7.68
25170,,Resect radius/ulnar tumor,22.21
25210,,Removal of wrist bone,6.12
25215,,Removal of wrist bones,8.14
25230,,Partial removal of radius,5.37
25240,,Partial removal of ulna,5.31
25246,,Injection for wrist x-ray,1.45
25248,,Remove forearm foreign body,5.31
25250,,Removal of wrist prosthesis,6.77
25251,,Removal of wrist prosthesis,9.82
25259,,Manipulate wrist w/anesthes,4.04
25260,,Repair forearm tendon/muscle,8.04
25263,,Repair forearm tendon/muscle,8.04
25265,,Repair forearm tendon/muscle,10.10
25270,,Repair forearm tendon/muscle,6.17
25272,,Repair forearm tendon/muscle,7.21
25274,,Repair forearm tendon/muscle,8.94
25275,,Repair forearm tendon sheath,8.96
25280,,Revise wrist/forearm tendon,7.39
25290,,Incise wrist/forearm tendon,5.43
25295,,Release wrist/forearm tendon,6.72
25300,,Fusion of tendons at wrist,9.02
25301,,Fusion of tendons at wrist,8.59
25310,,Transplant forearm tendon,9.00
25312,,Transplant forearm tendon,9.82
25315,,Revise palsy hand tendon(s),10.68
25316,,Revise palsy hand tendon(s),12.90
25320,,Repair/revise wrist joint,12.75
25332,,Revise wrist joint,11.74
25335,,Centralization wrist on ulna,13.39
25337,,Reconstruct ulna/radioulnar,11.73
25350,,Revision of radius,9.09
25355,,Revision of radius,10.53
25360,,Revision of ulna,8.74
25365,,Revise radius & ulna,12.91
25370,,Revise radius or ulna,14.10
25375,,Revise radius & ulna,13.55
25390,,Shorten radius or ulna,10.70
25391,,Lengthen radius or ulna,14.28
25392,,Shorten radius & ulna,14.58
25393,,Lengthen radius & ulna,16.56
25394,,Repair carpal bone shorten,10.85
25400,,Repair radius or ulna,11.28
25405,,Repair/graft radius or ulna,15.01
25415,,Repair radius & ulna,13.80
25420,,Repair/graft radius & ulna,17.04
25425,,Repair/graft radius or ulna,13.72
25426,,Repair/graft radius & ulna,16.45
25430,,Vasc graft into carpal bone,9.71
25431,,Repair nonunion carpal bone,10.89
25440,,Repair nonu scphd carpl b1,10.68
25441,,Arthrp w/prostc dstl rds,13.29
25442,,Arthrp w/prostc dstl ulna,11.12
25443,,Arthrp prostc dstl scph crpl,10.66
25444,,Arthrp w/prostc lunate,11.42
25445,,Arthrp w/prostc trapezium,9.88
25446,,Arthrp w/prostc dst rds&crps,17.30
25447,,Arthrp ntrcrp/crp/mtcr ntrps,10.50
25448,,Arthrp ntrcrpl/crp/mtcrp ssp,11.85
25449,,Revj arthrp wrist joint,14.94
25450,,Epiphysl arrst dstl rds/ulna,8.06
25455,,Epiphysl arrst dstl rds&ulna,9.71
25490,,Prophylactic tx radius,9.73
25491,,Prophylactic tx ulna,10.15
25492,,Prophylactic tx radius&ulna,12.66
25500,,Cltx rdl shft fx w/o mnpj,2.60
25505,,Cltx rdl shft fx w/mnpj,5.45
25515,,Optx radial shaft fracture,8.80
25520,,Cltx rdl shft fx&dislc,6.50
25525,,Optx rdl shft fx&cltx rad/ul,10.55
25526,,Optx rdl shft fx&dstl rad/ul,13.15
25530,,Cltx ulnar shft fx w/o mnpj,2.24
25535,,Cltx ulnar shft fx w/mnpj,5.36
25545,,Optx ulnar shft fx int fixj,7.94
25560,,Cltx rdl&uln shft fx wo mnpj,2.59
25565,,Cltx rdl&uln shft fx w/mnpj,5.85
25574,,Optx rdl&uln shft fx rds/uln,8.80
25575,,Optx rdl&uln shft fx rds&uln,12.29
25600,,Cltx dst rdl fx/ephys sep wo,2.78
25605,,Cltx dst rdl fx/ephys sep w/,6.25
25606,,Perq skel fixj dstl rdl fx,8.31
25607,,Optx dst rd xartc fx/epi sep,9.56
25608,,Optx dst rd xart fx/epi sep2,11.07
25609,,Optx dst rd xart fx/ep sep3+,14.38
25622,,Cltx carpl scphd fx w/o mnpj,2.79
25624,,Cltx carpl scphd fx w/mnpj,4.77
25628,,Optx carpl scphd fx int fixj,9.67
25630,,Cltx carpl fx w/o mnpj ea b1,3.03
25635,,Cltx carpl fx w/mnpj ea b1,4.61
25645,,Optx crpl fx oth/thn scph ea,7.42
25650,,Cltx ulnar styloid fracture,3.23
25651,,Perq skel fix ulnar styld fx,5.82
25652,,Optx ulnar styloid fracture,8.06
25660,,Cltx rdcrpl/ntrcrpl dislc 1+,4.98
25670,,Optx rdcrpl/ntrcrpl dislc 1+,8.09
25671,,Perq skel fix rad/uln dislc,6.46
25675,,Cltx dstl rad/uln dislc mnpj,4.89
25676,,Optx rad/uln dislc aqt/chrnc,8.29
25680,,Cltx trns-scphprlnr fx mnpj,6.23
25685,,Optx trns-scphprlnr fx dislc,10.09
25690,,Cltx lunate dislc w/mnpj,5.72
25695,,Optx lunate dislocation,8.51
25800,,Arthrd wrist complete wo grf,10.07
25805,,Arthrd wrist w/sliding graft,11.73
25810,,Arthrd wrst iliac/oth agrft,11.95
25820,,Arthrd wrist lmtd w/o b1 grf,7.64
25825,,Arthrd wrist with autograft,9.69
25830,,Arthrd dst rad/ul jt sgm rsc,10.88
25900,,Amputation of forearm,9.61
25905,,Amputation of forearm,9.59
25907,,Amputation follow-up surgery,8.09
25909,,Amputation follow-up surgery,9.31
25915,,Amputation of forearm,17.52
25920,,Amputate hand at wrist,9.03
25922,,Amputate hand at wrist,7.65
25924,,Amputation follow-up surgery,8.81
25927,,Amputation of hand,9.09
25929,,Amputation follow-up surgery,7.82
25931,,Amputation follow-up surgery,8.04
25999,,Unlisted px forearm/wrist,0.00
26010,,Drainage of finger abscess,1.59
26011,,Drainage of finger abscess,2.24
26020,,Drain hand tendon sheath,6.84
26025,,Drainage of palm bursa,5.08
26030,,Drainage of palm bursas,6.25
26034,,Treat hand bone lesion,6.63
26035,,Decompress fingers/hand,11.37
26037,,Decompress fingers/hand,7.57
26040,,Release palm contracture,3.46
26045,,Release palm contracture,5.73
26055,,Incise finger tendon sheath,3.11
26060,,Incision of finger tendon,2.91
26070,,Explore/treat hand joint,3.81
26075,,Explore/treat finger joint,3.91
26080,,Explore/treat finger joint,4.47
26100,,Biopsy hand joint lining,3.79
26105,,Biopsy finger joint lining,3.83
26110,,Biopsy finger joint lining,3.65
26111,,Exc hand les sc 1.5 cm/>,5.42
26113,,Exc hand tum deep 1.5 cm/>,7.13
26115,,Exc hand les sc < 1.5 cm,3.96
26116,,Exc hand tum deep < 1.5 cm,6.74
26117,,Rad resect hand tumor < 3 cm,10.13
26118,,Rad resect hand tumor 3 cm/>,14.81
26121,,Release palm contracture,7.73
26123,,Release palm contracture,10.88
26125,,Release palm contracture,4.60
26130,,Remove wrist joint lining,5.59
26135,,Revise finger joint each,7.13
26140,,Revise finger joint each,6.34
26145,,Tendon excision palm/finger,6.49
26160,,Remove tendon sheath lesion,3.57
26170,,Removal of palm tendon each,4.91
26180,,Removal of finger tendon,5.35
26185,,Remove finger bone,6.52
26200,,Remove hand bone lesion,5.65
26205,,Remove/graft bone lesion,7.93
26210,,Removal of finger lesion,5.32
26215,,Remove/graft finger lesion,7.27
26230,,Partial removal of hand bone,6.47
26235,,Partial removal finger bone,6.33
26236,,Partial removal finger bone,5.46
26250,,Extensive hand surgery,15.21
26260,,Resect prox finger tumor,11.16
26262,,Resect distal finger tumor,8.29
26320,,Removal of implant from hand,4.10
26340,,Manipulate finger w/anesth,2.80
26341,,Manipulat palm cord post inj,0.91
26350,,Repair finger/hand tendon,6.21
26352,,Repair/graft hand tendon,7.87
26356,,Repair finger/hand tendon,9.56
26357,,Repair finger/hand tendon,11.00
26358,,Repair/graft hand tendon,12.60
26370,,Repair finger/hand tendon,7.28
26372,,Repair/graft hand tendon,9.01
26373,,Repair finger/hand tendon,8.41
26390,,Revise hand/finger tendon,9.43
26392,,Repair/graft hand tendon,10.50
26410,,Repair hand tendon,4.77
26412,,Repair/graft hand tendon,6.48
26415,,Excision hand/finger tendon,8.51
26416,,Graft hand or finger tendon,9.56
26418,,Repair finger tendon,4.47
26420,,Repair/graft finger tendon,6.94
26426,,Repair finger/hand tendon,6.32
26428,,Repair/graft finger tendon,7.40
26432,,Repair finger tendon,4.16
26433,,Repair finger tendon,4.70
26434,,Repair/graft finger tendon,6.26
26437,,Realignment of tendons,5.99
26440,,Release palm/finger tendon,5.16
26442,,Release palm & finger tendon,9.75
26445,,Release hand/finger tendon,4.45
26449,,Release forearm/hand tendon,8.59
26450,,Incision of palm tendon,3.79
26455,,Incision of finger tendon,3.76
26460,,Incise hand/finger tendon,3.58
26471,,Fusion of finger tendons,5.90
26474,,Fusion of finger tendons,5.49
26476,,Tendon lengthening,5.35
26477,,Tendon shortening,5.32
26478,,Lengthening of hand tendon,5.97
26479,,Shortening of hand tendon,5.91
26480,,Transplant hand tendon,9.00
26483,,Transplant/graft hand tendon,8.48
26485,,Transplant palm tendon,7.89
26489,,Transplant/graft palm tendon,9.86
26490,,Revise thumb tendon,8.60
26492,,Tendon transfer with graft,9.84
26494,,Hand tendon/muscle transfer,8.66
26496,,Revise thumb tendon,9.78
26497,,Finger tendon transfer,9.76
26498,,Finger tendon transfer,14.21
26499,,Revision of finger,9.17
26500,,Hand tendon reconstruction,6.13
26502,,Hand tendon reconstruction,7.31
26508,,Release thumb contracture,6.18
26510,,Thumb tendon transfer,5.60
26516,,Fusion of knuckle joint,7.32
26517,,Fusion of knuckle joints,9.08
26518,,Fusion of knuckle joints,9.27
26520,,Release knuckle contracture,5.47
26525,,Release finger contracture,5.50
26530,,Revise knuckle joint,6.88
26531,,Revise knuckle with implant,8.13
26535,,Revise finger joint,5.41
26536,,Revise/implant finger joint,6.56
26540,,Repair hand joint,6.60
26541,,Repair hand joint with graft,8.81
26542,,Repair hand joint with graft,6.95
26545,,Reconstruct finger joint,7.11
26546,,Repair nonunion hand,10.83
26548,,Reconstruct finger joint,8.22
26550,,Pollicization digit,21.68
26551,,Great toe-hand transfer,48.48
26553,,Single transfer toe-hand,48.17
26554,,Double transfer toe-hand,57.01
26555,,Positional change of finger,17.08
26556,,Toe joint transfer,49.75
26560,,Repair of web finger,5.52
26561,,Repair of web finger,11.10
26562,,Repair of web finger,16.68
26565,,Correct metacarpal flaw,6.91
26567,,Correct finger deformity,6.99
26568,,Lengthen metacarpal/finger,9.27
26580,,Repair cleft hand,19.75
26587,,Reconstruct extra finger,14.50
26590,,Repair finger deformity,18.67
26591,,Repair muscles of hand,3.38
26593,,Release muscles of hand,5.50
26596,,Excision constricting tissue,9.14
26600,,Treat metacarpal fracture,2.60
26605,,Treat metacarpal fracture,3.03
26607,,Treat metacarpal fracture,5.48
26608,,Treat metacarpal fracture,5.55
26615,,Treat metacarpal fracture,7.07
26641,,Treat thumb dislocation,4.13
26645,,Treat thumb fracture,4.58
26650,,Treat thumb fracture,5.35
26665,,Treat thumb fracture,7.94
26670,,Treat hand dislocation,3.83
26675,,Treat hand dislocation,4.83
26676,,Pin hand dislocation,5.74
26685,,Treat hand dislocation,7.07
26686,,Treat hand dislocation,8.17
26700,,Treat knuckle dislocation,3.83
26705,,Treat knuckle dislocation,4.38
26706,,Pin knuckle dislocation,5.31
26715,,Treat knuckle dislocation,7.03
26720,,Treat finger fracture each,1.76
26725,,Treat finger fracture each,3.48
26727,,Treat finger fracture each,5.42
26735,,Treat finger fracture each,7.42
26740,,Treat finger fracture each,2.07
26742,,Treat finger fracture each,3.99
26746,,Treat finger fracture each,9.80
26750,,Treat finger fracture each,1.80
26755,,Treat finger fracture each,3.23
26756,,Pin finger fracture each,4.58
26765,,Treat finger fracture each,5.86
26770,,Treat finger dislocation,3.15
26775,,Treat finger dislocation,3.90
26776,,Pin finger dislocation,4.99
26785,,Treat finger dislocation,6.60
26820,,Thumb fusion with graft,8.45
26841,,Fusion of thumb,7.35
26842,,Thumb fusion with graft,8.49
26843,,Fusion of hand joint,7.78
26844,,Fusion/graft of hand joint,8.98
26850,,Fusion of knuckle,7.14
26852,,Fusion of knuckle with graft,8.71
26860,,Fusion of finger joint,4.88
26861,,Fusion of finger jnt add-on,1.74
26862,,Fusion/graft of finger joint,7.56
26863,,Fuse/graft added joint,3.89
26910,,Amputate metacarpal bone,7.79
26951,,Amputation of finger/thumb,6.04
26952,,Amputation of finger/thumb,6.48
26989,,Unlisted px hands/fingers,0.00
26990,,Drainage of pelvis lesion,7.95
26991,,Drainage of pelvis bursa,7.06
26992,,Drainage of bone lesion,13.48
27000,,Incision of hip tendon,5.74
27001,,Incision of hip tendon,7.14
27003,,Incision of hip tendon,7.81
27005,,Incision of hip tendon,10.07
27006,,Incision of hip tendons,10.11
27025,,Incision of hip/thigh fascia,12.89
27027,,Buttock fasciotomy,13.04
27030,,Drainage of hip joint,13.65
27033,,Exploration of hip joint,14.11
27035,,Denervation of hip joint,17.37
27036,,Excision of hip joint/muscle,14.38
27040,,Biopsy of soft tissues,2.92
27041,,Biopsy of soft tissues,10.18
27043,,Exc hip pelvis les sc 3 cm/>,6.88
27045,,Exc hip/pelv tum deep 5 cm/>,11.13
27047,,Exc hip/pelvis les sc < 3 cm,4.94
27048,,Exc hip/pelv tum deep < 5 cm,8.85
27049,,Resect hip/pelv tum < 5 cm,21.55
27050,,Biopsy of sacroiliac joint,4.74
27052,,Biopsy of hip joint,7.42
27054,,Removal of hip joint lining,9.21
27057,,Buttock fasciotomy w/dbrdmt,14.91
27059,,Resect hip/pelv tum 5 cm/>,29.35
27060,,Removal of ischial bursa,5.87
27062,,Remove femur lesion/bursa,5.75
27065,,Remove hip bone les super,6.55
27066,,Remove hip bone les deep,11.20
27067,,Remove/graft hip bone lesion,14.72
27070,,Part remove hip bone super,11.56
27071,,Part removal hip bone deep,12.39
27075,,Resect hip tumor,32.71
27076,,Resect hip tum incl acetabul,40.21
27077,,Resect hip tum w/innom bone,45.21
27078,,Rsect hip tum incl femur,32.21
27080,,Removal of tail bone,6.89
27086,,Remove hip foreign body,1.92
27087,,Remove hip foreign body,8.83
27090,,Removal of hip prosthesis,11.69
27091,,Removal of hip prosthesis,24.35
27093,,Injection for hip x-ray,1.30
27095,,Injection for hip x-ray,1.50
27096,,Inject sacroiliac joint,1.48
27097,,Revision of hip tendon,9.27
27098,,Transfer tendon to pelvis,9.32
27100,,Transfer of abdominal muscle,11.35
27105,,Transfer of spinal muscle,12.04
27110,,Transfer of iliopsoas muscle,13.77
27111,,Transfer of iliopsoas muscle,12.60
27120,,Reconstruction of hip socket,19.25
27122,,Reconstruction of hip socket,16.09
27125,,Partial hip replacement,16.64
27130,,Total hip arthroplasty,19.60
27132,,Total hip arthroplasty,25.69
27134,,Revise hip joint replacement,30.28
27137,,Revise hip joint replacement,22.70
27138,,Revise hip joint replacement,23.70
27140,,Transplant femur ridge,12.78
27146,,Incision of hip bone,18.92
27147,,Revision of hip bone,22.07
27151,,Incision of hip bones,24.12
27156,,Revision of hip bones,26.23
27158,,Revision of pelvis,21.04
27161,,Incision of neck of femur,17.89
27165,,Incision/fixation of femur,20.29
27170,,Repair/graft femur head/neck,17.61
27175,,Treat slipped epiphysis,9.38
27176,,Treat slipped epiphysis,12.92
27177,,Treat slipped epiphysis,16.09
27178,,Treat slipped epiphysis,12.92
27179,,Revise head/neck of femur,13.97
27181,,Treat slipped epiphysis,16.18
27185,,Revision of femur epiphysis,9.79
27187,,Reinforce hip bones,14.23
27197,,Clsd tx pelvic ring fx,1.53
27198,,Clsd tx pelvic ring fx,4.75
27200,,Treat tail bone fracture,1.92
27202,,Treat tail bone fracture,7.31
27215,,Treat pelvic fracture(s),10.45
27216,,Treat pelvic ring fracture,15.73
27217,,Treat pelvic ring fracture,14.65
27218,,Treat pelvic ring fracture,20.93
27220,,Treat hip socket fracture,5.50
27222,,Treat hip socket fracture,14.11
27226,,Treat hip wall fracture,15.57
27227,,Treat hip fracture(s),25.41
27228,,Treat hip fracture(s),29.33
27230,,Treat thigh fracture,5.81
27232,,Treat thigh fracture,11.72
27235,,Treat thigh fracture,13.00
27236,,Treat thigh fracture,17.61
27238,,Treat thigh fracture,5.75
27240,,Treat thigh fracture,13.81
27244,,Treat thigh fracture,18.18
27245,,Treat thigh fracture,18.18
27246,,Treat thigh fracture,4.83
27248,,Treat thigh fracture,10.78
27250,,Treat hip dislocation,3.82
27252,,Treat hip dislocation,11.03
27253,,Treat hip dislocation,13.58
27254,,Treat hip dislocation,18.94
27256,,Treat hip dislocation,4.28
27257,,Treat hip dislocation,5.38
27258,,Treat hip dislocation,16.18
27259,,Treat hip dislocation,23.26
27265,,Treat hip dislocation,5.24
27266,,Treat hip dislocation,7.78
27267,,Cltx thigh fx,5.50
27268,,Cltx thigh fx w/mnpj,7.12
27269,,Optx thigh fx,18.89
27275,,Manipulation of hip joint,2.32
27278,,Arthrd si jt prq wo tfxj dev,7.86
27279,,Arthrd si jt perq/min nvas,12.13
27280,,Arthr si jt opn b1grf instrm,20.00
27282,,Arthrodesis symphysis pubis,11.85
27284,,Arthrodesis hip joint,25.06
27286,,Arthrd hip jt sbtrchc osteot,25.17
27290,,Amputation of leg at hip,24.55
27295,,Amputation of leg at hip,19.66
27299,,Unlisted px pelvis/hip joint,0.00
27301,,Drain thigh/knee lesion,6.78
27303,,Drainage of bone lesion,8.63
27305,,Incise thigh tendon & fascia,6.18
27306,,Incision of thigh tendon,4.74
27307,,Incision of thigh tendons,6.06
27310,,Exploration of knee joint,10.00
27323,,Biopsy thigh soft tissues,2.33
27324,,Biopsy thigh soft tissues,5.04
27325,,Neurectomy hamstring,7.20
27326,,Neurectomy popliteal,6.47
27327,,Exc thigh/knee les sc < 3 cm,3.96
27328,,Exc thigh/knee tum deep <5cm,8.85
27329,,Resect thigh/knee tum < 5 cm,15.72
27330,,Biopsy knee joint lining,5.11
27331,,Explore/treat knee joint,6.02
27332,,Removal of knee cartilage,8.46
27333,,Removal of knee cartilage,7.55
27334,,Remove knee joint lining,9.19
27335,,Remove knee joint lining,10.55
27337,,Exc thigh/knee les sc 3 cm/>,5.91
27339,,Exc thigh/knee tum dep 5cm/>,11.13
27340,,Removal of kneecap bursa,4.32
27345,,Removal of knee cyst,6.09
27347,,Remove knee cyst,6.73
27350,,Removal of kneecap,8.66
27355,,Remove femur lesion,8.00
27356,,Remove femur lesion/graft,10.09
27357,,Remove femur lesion/graft,11.16
27358,,Remove femur lesion/fixation,4.73
27360,,Partial removal leg bone(s),11.46
27364,,Resect thigh/knee tum 5 cm/>,24.49
27365,,Resect femur/knee tumor,32.21
27369,,Njx cntrst kne arthg/ct/mri,0.77
27372,,Removal of foreign body,5.21
27380,,Repair of kneecap tendon,7.45
27381,,Repair/graft kneecap tendon,10.76
27385,,Repair of thigh muscle,6.93
27386,,Repair/graft of thigh muscle,11.13
27390,,Incision of thigh tendon,5.53
27391,,Incision of thigh tendons,7.49
27392,,Incision of thigh tendons,9.63
27393,,Lengthening of thigh tendon,6.59
27394,,Lengthening of thigh tendons,8.79
27395,,Lengthening of thigh tendons,12.24
27396,,Transplant of thigh tendon,8.15
27397,,Transplants of thigh tendons,12.66
27400,,Revise thigh muscles/tendons,9.33
27403,,Repair of knee cartilage,8.62
27405,,Repair of knee ligament,9.08
27407,,Repair of knee ligament,10.85
27409,,Repair of knee ligaments,13.71
27412,,Autochondrocyte implant knee,24.74
27415,,Osteochondral knee allograft,20.00
27416,,Osteochondral knee autograft,14.16
27418,,Repair degenerated kneecap,11.60
27420,,Revision of unstable kneecap,10.26
27422,,Revision of unstable kneecap,10.21
27424,,Revision/removal of kneecap,10.24
27425,,Lat retinacular release open,5.39
27427,,Reconstruction knee,9.79
27428,,Reconstruction knee,15.58
27429,,Reconstruction knee,17.54
27430,,Revision of thigh muscles,10.16
27435,,Incision of knee joint,10.88
27437,,Revise kneecap,8.93
27438,,Revise kneecap with implant,11.89
27440,,Revision of knee joint,11.09
27441,,Revision of knee joint,11.54
27442,,Revision of knee joint,12.37
27443,,Revision of knee joint,11.41
27445,,Revision of knee joint,18.66
27446,,Revision of knee joint,17.13
27447,,Total knee arthroplasty,19.60
27448,,Incision of thigh,11.60
27450,,Incision of thigh,14.61
27454,,Realignment of thigh bone,19.17
27455,,Realignment of knee,13.36
27457,,Realignment of knee,14.03
27465,,Shortening of thigh bone,18.60
27466,,Lengthening of thigh bone,17.28
27468,,Shorten/lengthen thighs,19.97
27470,,Repair of thigh,17.14
27472,,Repair/graft of thigh,18.72
27475,,Surgery to stop leg growth,8.93
27477,,Surgery to stop leg growth,10.14
27479,,Surgery to stop leg growth,13.16
27485,,Surgery to stop leg growth,9.13
27486,,Revise/replace knee joint,21.12
27487,,Revise/replace knee joint,27.11
27488,,Removal of knee prosthesis,17.60
27495,,Reinforce thigh,16.54
27496,,Decompression of thigh/knee,6.78
27497,,Decompression of thigh/knee,7.79
27498,,Decompression of thigh/knee,8.66
27499,,Decompression of thigh/knee,9.43
27500,,Treatment of thigh fracture,6.30
27501,,Treatment of thigh fracture,6.45
27502,,Treatment of thigh fracture,11.36
27503,,Treatment of thigh fracture,11.27
27506,,Treatment of thigh fracture,19.65
27507,,Treatment of thigh fracture,14.48
27508,,Treatment of thigh fracture,6.20
27509,,Treatment of thigh fracture,8.14
27510,,Treatment of thigh fracture,9.80
27511,,Treatment of thigh fracture,15.11
27513,,Treatment of thigh fracture,19.25
27514,,Treatment of thigh fracture,14.60
27516,,Treat thigh fx growth plate,5.59
27517,,Treat thigh fx growth plate,9.12
27519,,Treat thigh fx growth plate,13.25
27520,,Treat kneecap fracture,3.04
27524,,Treat kneecap fracture,10.37
27530,,Treat knee fracture,2.65
27532,,Treat knee fracture,7.55
27535,,Treat knee fracture,13.41
27536,,Treat knee fracture,17.39
27538,,Treat knee fracture(s),5.09
27540,,Treat knee fracture,11.30
27550,,Treat knee dislocation,5.98
27552,,Treat knee dislocation,8.18
27556,,Treat knee dislocation,13.00
27557,,Treat knee dislocation,15.90
27558,,Treat knee dislocation,18.39
27560,,Treat kneecap dislocation,3.99
27562,,Treat kneecap dislocation,5.98
27566,,Treat kneecap dislocation,12.71
27570,,Fixation of knee joint,1.79
27580,,Fusion of knee,21.10
27590,,Amputate leg at thigh,13.47
27591,,Amputate leg at thigh,13.94
27592,,Amputate leg at thigh,10.98
27594,,Amputation follow-up surgery,7.29
27596,,Amputation follow-up surgery,11.29
27598,,Amputate lower leg at knee,11.22
27599,,Unlisted px femur/knee,0.00
27600,,Decompression of lower leg,6.03
27601,,Decompression of lower leg,6.05
27602,,Decompression of lower leg,7.82
27603,,Drain lower leg lesion,5.23
27604,,Drain lower leg bursa,4.59
27605,,Incision of achilles tendon,2.92
27606,,Incision of achilles tendon,4.18
27607,,Treat lower leg bone lesion,8.62
27610,,Explore/treat ankle joint,9.13
27612,,Exploration of ankle joint,8.15
27613,,Biopsy lower leg soft tissue,2.22
27614,,Biopsy lower leg soft tissue,5.80
27615,,Resect leg/ankle tum < 5 cm,15.72
27616,,Resect leg/ankle tum 5 cm/>,19.63
27618,,Exc leg/ankle tum < 3 cm,3.96
27619,,Exc leg/ankle tum deep <5 cm,6.91
27620,,Explore/treat ankle joint,6.15
27625,,Remove ankle joint lining,8.49
27626,,Remove ankle joint lining,9.10
27630,,Removal of tendon lesion,4.94
27632,,Exc leg/ankle les sc 3 cm/>,5.91
27634,,Exc leg/ankle tum dep 5 cm/>,10.13
27635,,Remove lower leg bone lesion,8.03
27637,,Remove/graft leg bone lesion,10.31
27638,,Remove/graft leg bone lesion,10.99
27640,,Partial removal of tibia,12.24
27641,,Partial removal of fibula,9.84
27645,,Resect tibia tumor,27.21
27646,,Resect fibula tumor,23.21
27647,,Resect talus/calcaneus tum,20.26
27648,,Injection for ankle x-ray,0.96
27650,,Repair achilles tendon,9.21
27652,,Repair/graft achilles tendon,10.78
27654,,Repair of achilles tendon,10.53
27656,,Repair leg fascia defect,4.71
27658,,Repair of leg tendon each,5.12
27659,,Repair of leg tendon each,7.10
27664,,Repair of leg tendon each,4.73
27665,,Repair of leg tendon each,5.57
27675,,Repair lower leg tendons,7.35
27676,,Repair lower leg tendons,8.73
27680,,Release of lower leg tendon,5.88
27681,,Release of lower leg tendons,7.05
27685,,Revision of lower leg tendon,6.69
27686,,Revise lower leg tendons,7.75
27687,,Revision of calf tendon,6.41
27690,,Revise lower leg tendon,9.17
27691,,Revise lower leg tendon,10.49
27692,,Revise additional leg tendon,1.87
27695,,Repair of ankle ligament,6.70
27696,,Repair of ankle ligaments,8.58
27698,,Repair of ankle ligament,9.61
27700,,Revision of ankle joint,9.66
27702,,Reconstruct ankle joint,14.42
27703,,Reconstruction ankle joint,16.94
27704,,Removal of ankle implant,7.81
27705,,Osteotomy tibia,10.86
27707,,Osteotomy fibula,4.78
27709,,Osteotomy tibia & fibula,17.48
27712,,Osteot mlt relignmt imed rod,15.87
27715,,Ostpl tibfib lngth/shrt,15.50
27720,,Repair of tibia,12.36
27722,,Repair/graft of tibia,12.45
27724,,Repair/graft of tibia,19.31
27725,,Repair of lower leg,17.41
27726,,Repair fibula nonunion,14.34
27727,,Repair of lower leg,14.84
27730,,Repair of tibia epiphysis,7.70
27732,,Repair of fibula epiphysis,5.46
27734,,Repair lower leg epiphyses,8.83
27740,,Repair of leg epiphyses,9.61
27742,,Repair of leg epiphyses,10.63
27745,,Reinforce tibia,10.49
27750,,Treatment of tibia fracture,3.37
27752,,Treatment of tibia fracture,6.27
27756,,Treatment of tibia fracture,7.45
27758,,Treatment of tibia fracture,12.54
27759,,Treatment of tibia fracture,14.45
27760,,Cltx medial ankle fx,3.21
27762,,Cltx med ankle fx w/mnpj,5.47
27766,,Optx medial ankle fx,7.89
27767,,Cltx post ankle fx,2.64
27768,,Cltx post ankle fx w/mnpj,5.14
27769,,Optx post ankle fx,10.14
27780,,Treatment of fibula fracture,2.83
27781,,Treatment of fibula fracture,4.59
27784,,Treatment of fibula fracture,9.67
27786,,Treatment of ankle fracture,3.02
27788,,Treatment of ankle fracture,4.64
27792,,Treatment of ankle fracture,8.75
27808,,Treatment of ankle fracture,3.03
27810,,Treatment of ankle fracture,5.32
27814,,Treatment of ankle fracture,10.62
27816,,Treatment of ankle fracture,3.07
27818,,Treatment of ankle fracture,5.69
27822,,Treatment of ankle fracture,11.21
27823,,Treatment of ankle fracture,13.16
27824,,Treat lower leg fracture,3.31
27825,,Treat lower leg fracture,6.69
27826,,Treat lower leg fracture,11.10
27827,,Treat lower leg fracture,14.79
27828,,Treat lower leg fracture,18.43
27829,,Treat lower leg joint,8.80
27830,,Treat lower leg dislocation,3.96
27831,,Treat lower leg dislocation,4.73
27832,,Treat lower leg dislocation,10.17
27840,,Treat ankle dislocation,4.77
27842,,Treat ankle dislocation,6.46
27846,,Treat ankle dislocation,10.28
27848,,Treat ankle dislocation,11.68
27860,,Fixation of ankle joint,2.39
27870,,Fusion of ankle joint open,15.41
27871,,Fusion of tibiofibular joint,9.54
27880,,Amputation of lower leg,15.37
27881,,Amputation of lower leg,13.47
27882,,Amputation of lower leg,9.79
27884,,Amputation follow-up surgery,8.76
27886,,Amputation follow-up surgery,10.02
27888,,Amputation of foot at ankle,10.37
27889,,Ankle disarticulation,10.86
27892,,Decompression of leg,7.94
27893,,Decompression of leg,7.90
27894,,Decompression of leg,12.67
27899,,Unlisted px leg/ankle,0.00
28001,,Drainage of bursa of foot,2.00
28002,,Treatment of foot infection,2.79
28003,,Treatment of foot infection,5.28
28005,,Treat foot bone lesion,9.44
28008,,Incision of foot fascia,4.59
28010,,Incision of toe tendon,2.97
28011,,Incision of toe tendons,4.28
28020,,Exploration of foot joint,5.15
28022,,Exploration of foot joint,4.81
28024,,Exploration of toe joint,4.52
28035,,Decompression of tibia nerve,5.23
28039,,Exc foot/toe tum sc 1.5 cm/>,5.42
28041,,Exc foot/toe tum dep 1.5cm/>,7.13
28043,,Exc foot/toe tum sc < 1.5 cm,3.96
28045,,Exc foot/toe tum deep <1.5cm,5.45
28046,,Resect foot/toe tumor < 3 cm,12.38
28047,,Resect foot/toe tumor 3 cm/>,17.45
28050,,Biopsy of foot joint lining,4.39
28052,,Biopsy of foot joint lining,4.06
28054,,Biopsy of toe joint lining,3.57
28055,,Neurectomy foot,6.29
28060,,Partial removal foot fascia,5.40
28062,,Removal of foot fascia,6.69
28070,,Removal of foot joint lining,5.24
28072,,Removal of foot joint lining,4.72
28080,,Removal of foot lesion,4.86
28086,,Excise foot tendon sheath,4.92
28088,,Excise foot tendon sheath,3.98
28090,,Removal of foot lesion,4.55
28092,,Removal of toe lesions,3.78
28100,,Removal of ankle/heel lesion,5.83
28102,,Remove/graft foot lesion,7.92
28103,,Remove/graft foot lesion,6.67
28104,,Removal of foot lesion,5.26
28106,,Remove/graft foot lesion,7.35
28107,,Remove/graft foot lesion,5.73
28108,,Removal of toe lesions,4.30
28110,,Part removal of metatarsal,4.22
28111,,Part removal of metatarsal,5.15
28112,,Part removal of metatarsal,4.63
28113,,Part removal of metatarsal,6.11
28114,,Removal of metatarsal heads,12.00
28116,,Revision of foot,9.14
28118,,Removal of heel bone,6.13
28119,,Removal of heel spur,5.56
28120,,Part removal of ankle/heel,7.31
28122,,Partial removal of foot bone,6.76
28124,,Partial removal of toe,5.00
28126,,Partial removal of toe,3.64
28130,,Removal of ankle bone,9.50
28140,,Removal of metatarsal,7.14
28150,,Removal of toe,4.23
28153,,Partial removal of toe,3.80
28160,,Partial removal of toe,3.88
28171,,Resect tarsal tumor,16.41
28173,,Resect metatarsal tumor,14.16
28175,,Resect phalanx of toe tumor,8.29
28190,,Removal of foot foreign body,2.01
28192,,Removal of foot foreign body,4.78
28193,,Removal of foot foreign body,5.90
28200,,Repair of foot tendon,4.74
28202,,Repair/graft of foot tendon,7.07
28208,,Repair of foot tendon,4.51
28210,,Repair/graft of foot tendon,6.52
28220,,Release of foot tendon,4.67
28222,,Release of foot tendons,5.76
28225,,Release of foot tendon,3.78
28226,,Release of foot tendons,4.67
28230,,Incision of foot tendon(s),4.36
28232,,Incision of toe tendon,3.51
28234,,Incision of foot tendon,3.54
28238,,Revision of foot tendon,7.96
28240,,Release of big toe,4.48
28250,,Revision of foot fascia,6.06
28260,,Release of midfoot joint,8.19
28261,,Revision of foot tendon,13.11
28262,,Revision of foot and ankle,17.21
28264,,Release of midfoot joint,10.65
28270,,Release of foot contracture,4.93
28272,,Release of toe joint each,3.92
28280,,Fusion of toes,5.33
28285,,Repair of hammertoe,5.62
28286,,Repair of hammertoe,4.70
28288,,Partial removal of foot bone,6.02
28289,,Corrj halux rigdus w/o implt,6.90
28291,,Corrj halux rigdus w/implt,8.01
28292,,Cor hlx vlgs rsc prx phlx bs,7.44
28295,,Cor hlx vlgs prx mtar osteot,8.57
28296,,Cor hlx vlgs dstl mtar osteo,8.25
28297,,Cor hlx vlgs jt arthrd,9.29
28298,,Cor hlx vlgs prx phlx osteot,7.75
28299,,Cor hlx vlgs double osteot,9.29
28300,,Incision of heel bone,9.73
28302,,Incision of ankle bone,9.74
28304,,Incision of midfoot bones,9.41
28305,,Incise/graft midfoot bones,10.77
28306,,Incision of metatarsal,6.00
28307,,Incision of metatarsal,6.50
28308,,Incision of metatarsal,5.48
28309,,Incision of metatarsals,14.16
28310,,Revision of big toe,5.57
28312,,Revision of toe,4.69
28313,,Repair deformity of toe,5.15
28315,,Removal of sesamoid bone,5.00
28320,,Repair of foot bones,9.37
28322,,Repair of metatarsals,8.53
28340,,Resect enlarged toe tissue,7.15
28341,,Resect enlarged toe,8.72
28344,,Repair extra toe(s),4.40
28345,,Repair webbed toe(s),6.09
28360,,Reconstruct cleft foot,14.92
28400,,Treatment of heel fracture,2.31
28405,,Treatment of heel fracture,4.74
28406,,Treatment of heel fracture,6.56
28415,,Treat heel fracture,16.19
28420,,Treat/graft heel fracture,17.52
28430,,Treatment of ankle fracture,2.22
28435,,Treatment of ankle fracture,3.54
28436,,Treatment of ankle fracture,4.90
28445,,Treat ankle fracture,15.76
28446,,Osteochondral talus autogrft,17.71
28450,,Treat midfoot fracture each,2.03
28455,,Treat midfoot fracture each,3.24
28456,,Treat midfoot fracture,2.86
28465,,Treat midfoot fracture each,8.80
28470,,Treat metatarsal fracture,2.03
28475,,Treat metatarsal fracture,3.01
28476,,Treat metatarsal fracture,3.60
28485,,Treat metatarsal fracture,7.44
28490,,Treat big toe fracture,1.17
28495,,Treat big toe fracture,1.68
28496,,Treat big toe fracture,2.48
28505,,Treat big toe fracture,7.44
28510,,Treatment of toe fracture,1.17
28515,,Treatment of toe fracture,1.56
28525,,Treat toe fracture,5.62
28530,,Treat sesamoid bone fracture,1.11
28531,,Treat sesamoid bone fracture,2.57
28540,,Treat foot dislocation,2.19
28545,,Treat foot dislocation,2.60
28546,,Treat foot dislocation,3.40
28555,,Repair foot dislocation,9.65
28570,,Treat foot dislocation,1.76
28575,,Treat foot dislocation,3.49
28576,,Treat foot dislocation,4.60
28585,,Repair foot dislocation,11.13
28600,,Treat foot dislocation,2.02
28605,,Treat foot dislocation,2.89
28606,,Treat foot dislocation,5.09
28615,,Repair foot dislocation,10.70
28630,,Treat toe dislocation,1.75
28635,,Treat toe dislocation,1.96
28636,,Treat toe dislocation,2.77
28645,,Repair toe dislocation,7.44
28660,,Treat toe dislocation,1.28
28665,,Treat toe dislocation,1.97
28666,,Treat toe dislocation,2.66
28675,,Repair of toe dislocation,5.62
28705,,Arthrodesis pantalar,20.33
28715,,Arthrodesis triple,13.42
28725,,Arthrodesis subtalar,11.22
28730,,Fusion of foot bones,10.70
28735,,Fusion of foot bones,12.23
28737,,Revision of foot bones,11.03
28740,,Fusion of foot bones,9.29
28750,,Fusion of big toe joint,8.57
28755,,Fusion of big toe joint,4.88
28760,,Fusion of big toe joint,9.14
28800,,Amputation of midfoot,8.79
28805,,Amputation thru metatarsal,12.71
28810,,Amputation toe & metatarsal,6.64
28820,,Amputation of toe,3.51
28825,,Partial amputation of toe,3.41
28890,,Hi enrgy eswt plantar fascia,3.45
28899,,Unlisted px foot/toes,0.00
29000,,Application of body cast,2.25
29010,,Application of body cast,2.06
29015,,Application of body cast,2.41
29035,,Application of body cast,1.77
29040,,Application of body cast,2.22
29044,,Application of body cast,2.12
29046,,Application of body cast,2.41
29049,,Application of figure eight,0.89
29055,,Application of shoulder cast,1.78
29058,,Application of shoulder cast,1.31
29065,,Application of long arm cast,0.87
29075,,Application of forearm cast,0.77
29085,,Apply hand/wrist cast,0.87
29086,,Apply finger cast,0.62
29105,,Apply long arm splint,0.80
29125,,Apply forearm splint,0.50
29126,,Apply forearm splint,0.68
29130,,Application of finger splint,0.50
29131,,Application of finger splint,0.55
29200,,Strapping thorax,0.39
29240,,Strapping of shoulder,0.39
29260,,Strapping of elbow or wrist,0.39
29280,,Strapping of hand or finger,0.39
29305,,Application of hip cast,2.03
29325,,Application of hip casts,2.32
29345,,Application of long leg cast,1.40
29355,,Application of long leg cast,1.53
29358,,Apply long leg cast brace,1.43
29365,,Application of long leg cast,1.18
29405,,Apply short leg cast,0.80
29425,,Apply short leg cast,0.80
29435,,Apply short leg cast,1.18
29440,,Addition of walker to cast,0.57
29445,,Apply rigid leg cast,1.78
29450,,Application of leg cast,2.08
29505,,Application long leg splint,0.69
29515,,Application lower leg splint,0.73
29520,,Strapping of hip,0.39
29530,,Strapping of knee,0.39
29540,,Strapping of ankle and/or ft,0.39
29550,,Strapping of toes,0.25
29580,,Strapping unna boot,0.55
29581,,Apply multlay comprs lwr leg,0.60
29584,,Appl multlay comprs arm/hand,0.35
29700,,Removal/revision of cast,0.57
29705,,Removal/revision of cast,0.76
29710,,Removal/revision of cast,1.34
29720,,Repair of body cast,0.68
29730,,Windowing of cast,0.75
29740,,Wedging of cast,1.12
29750,,Wedging of clubfoot cast,1.26
29799,,Unlisted px casting/strpg,0.00
29800,,Jaw arthroscopy/surgery,6.84
29804,,Jaw arthroscopy/surgery,8.87
29805,,Sho arthrs dx +- synovial bx,6.03
29806,,Sho arthrs srg capsulorraphy,15.14
29807,,Sho arthrs srg rpr slap les,14.67
29819,,Sho arthrs srg rmvl loose/fb,7.79
29820,,Sho arthrs srg prtl synvct,7.21
29821,,Sho arthrs srg compl synvct,7.89
29822,,Sho arthrs srg lmtd dbrdmt,7.03
29823,,Sho arthrs srg xtnsv dbrdmt,7.98
29824,,Sho arthrs srg dstl claviclc,8.98
29825,,Sho arthrs srg lss&rescj ads,7.79
29826,,Sho arthrs srg decompression,3.00
29827,,Sho arthrs srg rt8tr cuf rpr,15.59
29828,,Sho arthrs srg bicp tenodsis,13.16
29830,,Elbow arthroscopy,5.88
29834,,Elbow arthroscopy/surgery,6.42
29835,,Elbow arthroscopy/surgery,6.62
29836,,Elbow arthroscopy/surgery,7.72
29837,,Elbow arthroscopy/surgery,7.01
29838,,Elbow arthroscopy/surgery,7.88
29840,,Wrist arthroscopy,5.68
29843,,Wrist arthroscopy/surgery,6.15
29844,,Wrist arthroscopy/surgery,6.51
29845,,Wrist arthroscopy/surgery,7.69
29846,,Wrist arthroscopy/surgery,6.89
29847,,Wrist arthroscopy/surgery,7.22
29848,,Wrist endoscopy/surgery,6.39
29850,,Knee arthroscopy/surgery,8.27
29851,,Knee arthroscopy/surgery,13.26
29855,,Tibial arthroscopy/surgery,10.76
29856,,Tibial arthroscopy/surgery,14.28
29860,,Hip arthroscopy dx,9.00
29861,,Hip arthro w/fb removal,10.10
29862,,Hip arthr0 w/debridement,11.17
29863,,Hip arthr0 w/synovectomy,11.17
29866,,Autgrft implnt knee w/scope,14.67
29867,,Allgrft implnt knee w/scope,18.39
29868,,Meniscal trnspl knee w/scpe,25.10
29870,,Knee arthroscopy dx,5.19
29871,,Knee arthroscopy/drainage,6.69
29873,,Knee arthroscopy/surgery,6.24
29874,,Knee arthroscopy/surgery,7.19
29875,,Knee arthroscopy/surgery,6.45
29876,,Knee arthroscopy/surgery,8.87
29877,,Knee arthroscopy/surgery,8.30
29879,,Knee arthroscopy/surgery,8.99
29880,,Knee arthroscopy/surgery,7.39
29881,,Knee arthroscopy/surgery,7.03
29882,,Knee arthroscopy/surgery,9.60
29883,,Knee arthroscopy/surgery,11.77
29884,,Knee arthroscopy/surgery,8.28
29885,,Knee arthroscopy/surgery,10.21
29886,,Knee arthroscopy/surgery,8.49
29887,,Knee arthroscopy/surgery,10.16
29888,,Knee arthroscopy/surgery,14.30
29889,,Knee arthroscopy/surgery,17.41
29891,,Ankle arthroscopy/surgery,9.67
29892,,Ankle arthroscopy/surgery,10.27
29893,,Scope plantar fasciotomy,6.32
29894,,Ankle arthroscopy/surgery,7.35
29895,,Ankle arthroscopy/surgery,7.13
29897,,Ankle arthroscopy/surgery,7.32
29898,,Ankle arthroscopy/surgery,8.49
29899,,Ankle arthroscopy/surgery,15.41
29900,,Mcp joint arthroscopy dx,5.88
29901,,Mcp joint arthroscopy surg,6.59
29902,,Mcp joint arthroscopy surg,7.16
29904,,Subtalar arthro w/fb rmvl,8.65
29905,,Subtalar arthro w/exc,9.18
29906,,Subtalar arthro w/deb,9.65
29907,,Subtalar arthro w/fusion,12.18
29914,,Hip arthro w/femoroplasty,14.67
29915,,Hip arthro acetabuloplasty,15.00
29916,,Hip arthro w/labral repair,15.00
29999,,Unlisted px arthroscopy,0.00
30000,,Drainage of nose lesion,1.48
30020,,Drainage of nose lesion,1.48
3006F,,Cxr doc rev,0.00
3008F,,Body mass index docd,0.00
30100,,Intranasal biopsy,0.94
3011F,,Lipid panel doc rev,0.00
30110,,Removal of nose polyp(s),1.68
30115,,Removal of nose polyp(s),4.44
30117,,Removal of intranasal lesion,3.91
30118,,Removal of intranasal lesion,7.75
30120,,Revision of nose,5.39
30124,,Removal of nose lesion,3.20
30125,,Removal of nose lesion,7.30
30130,,Excise inferior turbinate,3.47
3014F,,Screen mammo doc rev,0.00
30140,,Resect inferior turbinate,3.00
3015F,,Cerv cancer screen docd,0.00
30150,,Rhinectomy partial,9.55
3016F,,Pt scrnd unhlthy oh use,0.00
30160,,Rhinectomy total,9.99
3017F,,Colorectal ca screen doc rev,0.00
3018F,,Pre-prxd rsk et al docd,0.00
3019F,,Lvef assess planpost dschrge,0.00
3020F,,Lvf assess,0.00
30200,,Injection treatment of nose,0.78
3021F,,Lvef mod/sever deprs syst,0.00
30210,,Nasal sinus therapy,1.13
3022F,,Lvef >=40% systolic,0.00
30220,,Insert nasal septal button,1.59
3023F,,Spirom doc rev,0.00
3025F,,Spirom fev/fvc <70% w/copd,0.00
3027F,,Spirom fev/fvc>=70%/w/ocopd,0.00
3028F,,O2 saturation doc rev,0.00
30300,,Remove nasal foreign body,1.09
30310,,Remove nasal foreign body,2.01
30320,,Remove nasal foreign body,4.64
3035F,,O2 saturation<=88%/pao<=55,0.00
3037F,,O2 saturation >88%/pao>55 hg,0.00
3038F,,Pulm fx w/in 12 mon b/4 surg,0.00
3040F,,Fev <40% predicted value,0.00
30400,,Reconstruction of nose,10.86
30410,,Reconstruction of nose,14.00
3042F,,Fev >=40% predicted value,0.00
30420,,Reconstruction of nose,16.90
30430,,Revision of nose,8.24
30435,,Revision of nose,12.73
3044F,,Hg a1c level lt 7.0%,0.00
30450,,Revision of nose,19.66
3046F,,Hemoglobin a1c level >9.0%,0.00
30460,,Revision of nose,10.32
30462,,Revision of nose,20.28
30465,,Repair nasal stenosis,12.36
30468,,Rpr nsl vlv collapse w/implt,2.80
30469,,Rpr nsl vlv collapse w/rmdlg,2.44
3048F,,Ldl-c <100 mg/dl,0.00
3049F,,Ldl-c 100-129 mg/dl,0.00
3050F,,Ldl-c >= 130 mg/dl,0.00
3051F,,Hg a1c>equal 7.0%<8.0%,0.00
3052F,,Hg a1c>equal 8.0%<equal 9.0%,0.00
30520,,Repair of nasal septum,7.01
30540,,Rpr choanal atresia ntranasl,7.92
30545,,Rpr choanal atresia trsnpltn,11.62
3055F,,Lvef less than/equal to 35%,0.00
3056F,,Lvef greater than 35%,0.00
30560,,Lysis intranasal synechia,1.31
30580,,Repair upper jaw fistula,6.88
3060F,,Pos microalbuminuria rev,0.00
30600,,Repair mouth/nose fistula,6.16
3061F,,Neg microalbuminuria rev,0.00
3062F,,Pos macroalbuminuria rev,0.00
30620,,Intranasal reconstruction,6.16
30630,,Repair nasal septum defect,7.29
3066F,,Nephropathy doc tx,0.00
3072F,,Low risk for retinopathy,0.00
3073F,,Pre-surg eye measures docd,0.00
3074F,,Syst bp lt 130 mm hg,0.00
3075F,,Syst bp ge 130 - 139mm hg,0.00
3077F,,Syst bp >= 140 mm hg,0.00
3078F,,Diast bp <80 mm hg,0.00
3079F,,Diast bp 80-89 mm hg,0.00
3080F,,Diast bp >= 90 mm hg,0.00
30801,,Ablate inf turbinate superf,1.14
30802,,Ablate inf turbinate submuc,2.08
3082F,,Kt/v <1.2,0.00
3083F,,Kt/v =/> 1.2 & <1.7,0.00
3084F,,Kt/v >= 1.7,0.00
3085F,,Suicide risk assessed,0.00
3088F,,Mdd mild,0.00
3089F,,Mdd moderate,0.00
3090F,,Mdd severe w/o psych,0.00
30901,,Control of nosebleed,1.10
30903,,Control of nosebleed,1.54
30905,,Control of nosebleed,1.97
30906,,Repeat control of nosebleed,2.45
3091F,,Mdd severe w/psych,0.00
30915,,Ligation nasal sinus artery,7.44
3092F,,Mdd in remission,0.00
30920,,Ligation upper jaw artery,11.14
3093F,,Doc new diag 1st/addl mdd,0.00
30930,,Ther fx nasal inf turbinate,1.31
3095F,,Central dexa results docd,0.00
3096F,,Central dexa ordered,0.00
30999,,Unlisted procedure nose,0.00
3100F,,Image test ref carot diam,0.00
31000,,Irrigation maxillary sinus,1.20
31002,,Irrigation sphenoid sinus,1.96
31020,,Exploration maxillary sinus,3.07
31030,,Exploration maxillary sinus,6.01
31032,,Explore sinus remove polyps,6.69
31040,,Exploration behind upper jaw,9.77
31050,,Exploration sphenoid sinus,5.37
31051,,Sphenoid sinus surgery,7.25
31070,,Exploration of frontal sinus,4.40
31075,,Exploration of frontal sinus,9.51
31080,,Removal of frontal sinus,12.74
31081,,Removal of frontal sinus,14.19
31084,,Removal of frontal sinus,14.95
31085,,Removal of frontal sinus,15.64
31086,,Removal of frontal sinus,14.36
31087,,Removal of frontal sinus,14.57
31090,,Exploration of sinuses,11.17
3110F,,Pres/absn hmrhg/lesion docd,0.00
3111F,,Ct/mri brain done w/in 24hrs,0.00
3112F,,Ct/mri brain done 24 hrs,0.00
3115F,,Quant results activity &symp,0.00
3117F,,Hf assessment tool completed,0.00
3118F,,Ny heart assoc class docd,0.00
3119F,,No eval activity clin symp,0.00
3120F,,12-lead ecg performed,0.00
31200,,Removal of ethmoid sinus,5.14
31201,,Removal of ethmoid sinus,8.60
31205,,Removal of ethmoid sinus,10.58
31225,,Removal of upper jaw,26.70
31230,,Removal of upper jaw,30.82
31231,,Nasal endoscopy dx,1.10
31233,,Nsl/sins ndsc dx max sinusc,2.18
31235,,Nsl/sins ndsc dx sphn sinusc,2.64
31237,,Nsl/sins ndsc surg bx polypc,2.60
31238,,Nsl/sins ndsc srg nsl hemrrg,2.74
31239,,Nsl/sinus endoscopy surg dcr,9.04
31240,,Nsl/sns ndsc cnch bull rescj,2.61
31241,,Nsl/sns ndsc lig sphnptn art,8.00
31242,,Nsl/sinus ndsc rf abltj pnn,2.70
31243,,Nsl/sinus ndsc cryoabltj pnn,2.70
31253,,Nsl/sins ndsc total,9.00
31254,,Nsl/sins ndsc w/prtl ethmdct,4.27
31255,,Nsl/sins ndsc w/tot ethmdct,5.75
31256,,Exploration maxillary sinus,3.11
31257,,Nsl/sins ndsc tot w/sphendt,8.00
31259,,Nsl/sins ndsc sphn tiss rmvl,8.48
3126F,,Esoph bx rprt w/dyspl info,0.00
31267,,Endoscopy maxillary sinus,4.68
31276,,Nsl/sins ndsc frnt tiss rmvl,6.75
31287,,Nasal/sinus endoscopy surg,3.50
31288,,Nasal/sinus endoscopy surg,4.10
31290,,Nasal/sinus endoscopy surg,18.61
31291,,Nasal/sinus endoscopy surg,19.56
31292,,Nsl/sins ndsc med/inf dcmprn,15.90
31293,,Nsl/sins ndsc med&inf dcmprn,17.47
31294,,Nsl/sins ndsc surg on dcmprn,20.31
31295,,Nsl/sins ndsc surg max sins,2.70
31296,,Nsl/sins ndsc surg frnt sins,3.10
31297,,Nsl/sins ndsc surg sphn sins,2.44
31298,,Nsl/sins ndsc surg frnt&sphn,4.50
31299,,Unlisted px accessory sinus,0.00
3130F,,Upper gi endoscopy performed,0.00
31300,,Removal of larynx lesion,15.91
3132F,,Doc ref upper gi endoscopy,0.00
31360,,Removal of larynx,29.91
31365,,Removal of larynx,38.81
31367,,Partial removal of larynx,30.57
31368,,Partial removal of larynx,34.19
31370,,Partial removal of larynx,27.57
31375,,Partial removal of larynx,26.07
31380,,Partial removal of larynx,25.57
31382,,Partial removal of larynx,28.57
31390,,Removal of larynx & pharynx,42.51
31395,,Reconstruct larynx & pharynx,43.80
3140F,,Upper gi endo shows barrtts,0.00
31400,,Revision of larynx,11.60
3141F,,Upper gi endo not barrtts,0.00
3142F,,Barium swallow test ordered,0.00
31420,,Epiglottidectomy,11.43
3150F,,Forceps esoph biopsy done,0.00
31500,,Insert emergency airway,3.00
31502,,Change of windpipe airway,0.65
31505,,Diagnostic laryngoscopy,0.61
31510,,Laryngoscopy with biopsy,1.92
31511,,Remove foreign body larynx,2.16
31512,,Removal of larynx lesion,2.07
31513,,Injection into vocal cord,2.10
31515,,Laryngoscopy for aspiration,1.80
31520,,Dx laryngoscopy newborn,2.56
31525,,Dx laryngoscopy excl nb,2.63
31526,,Dx laryngoscopy w/oper scope,2.57
31527,,Laryngoscopy for treatment,3.27
31528,,Laryngoscopy and dilation,2.37
31529,,Laryngoscopy and dilation,2.68
31530,,Laryngoscopy w/fb removal,3.38
31531,,Laryngoscopy w/fb & op scope,3.58
31535,,Laryngoscopy w/biopsy,3.16
31536,,Laryngoscopy w/bx & op scope,3.55
31540,,Laryngoscopy w/exc of tumor,4.12
31541,,Larynscop w/tumr exc + scope,4.52
31545,,Remove vc lesion w/scope,6.30
31546,,Remove vc lesion scope/graft,9.73
3155F,,Cytogen test marrow b/4 tx,0.00
31551,,Laryngoplasty laryngeal sten,21.50
31552,,Laryngoplasty laryngeal sten,20.50
31553,,Laryngoplasty laryngeal sten,22.00
31554,,Laryngoplasty laryngeal sten,22.00
31560,,Laryngoscop w/arytenoidectom,5.45
31561,,Larynscop remve cart + scop,5.99
31570,,Laryngoscope w/vc inj,3.86
31571,,Laryngoscop w/vc inj + scope,4.26
31572,,Largsc w/laser dstrj les,3.01
31573,,Largsc w/ther injection,2.43
31574,,Largsc w/njx augmentation,2.43
31575,,Diagnostic laryngoscopy,0.94
31576,,Laryngoscopy with biopsy,1.89
31577,,Largsc w/rmvl foreign bdy(s),2.19
31578,,Largsc w/removal lesion,2.43
31579,,Laryngoscopy telescopic,1.88
31580,,Laryngoplasty laryngeal web,14.60
31584,,Laryngoplasty fx rdctj fixj,17.58
31587,,Laryngoplasty cricoid split,15.27
31590,,Reinnervate larynx,7.85
31591,,Laryngoplasty medialization,13.56
31592,,Cricotracheal resection,25.00
31599,,Unlisted procedure larynx,0.00
3160F,,Doc fe+ stores b/4 epo thx,0.00
31600,,Planned tracheostomy,5.56
31601,,Planned tracheostomy<2 yrs,8.00
31603,,Emer tracheostomy ttrach,6.00
31605,,Emer tracheostomy cthyr mem,6.45
31610,,Tracheostomy fenest skin flp,12.00
31611,,Constj trachesophgl fstl,6.00
31612,,Perq trchl pnxr ttrach aspir,0.91
31613,,Tracheostoma revj simple,4.71
31614,,Tracheostoma revj complex,8.63
31615,,Trcheobrnchsc est trachs inc,1.84
31622,,Dx bronchoscope/wash,2.53
31623,,Dx bronchoscope/brush,2.63
31624,,Dx bronchoscope/lavage,2.63
31625,,Bronchoscopy w/biopsy(s),3.11
31626,,Bronchoscopy w/markers,3.91
31627,,Navigational bronchoscopy,2.00
31628,,Bronchoscopy/lung bx each,3.55
31629,,Bronchoscopy/needle bx each,3.75
31630,,Bronchoscopy dilate/fx repr,3.81
31631,,Bronchoscopy dilate w/stent,4.36
31632,,Bronchoscopy/lung bx addl,1.03
31633,,Bronchoscopy/needle bx addl,1.32
31634,,Bronch w/balloon occlusion,3.75
31635,,Bronchoscopy w/fb removal,3.42
31636,,Bronchoscopy bronch stents,4.30
31637,,Bronchoscopy stent add-on,1.58
31638,,Bronchoscopy revise stent,4.88
31640,,Bronchoscopy w/tumor excise,4.93
31641,,Bronchoscopy treat blockage,5.02
31643,,Diag bronchoscope/catheter,3.49
31645,,Brnchsc w/ther aspir 1st,2.88
31646,,Brnchsc w/ther aspir sbsq,2.78
31647,,Bronchial valve init insert,4.15
31648,,Bronchial valve remov init,3.95
31649,,Bronchial valve remov addl,1.44
31651,,Bronchial valve addl insert,1.58
31652,,Bronch ebus samplng 1/2 node,4.46
31653,,Bronch ebus samplng 3/> node,4.96
31654,,Bronch ebus ivntj perph les,1.40
31660,,Bronch thermoplsty 1 lobe,4.00
31661,,Bronch thermoplsty 2/> lobes,4.25
3170F,,Baselin flo cytometry b/4 tx,0.00
31717,,Bronchial brush biopsy,2.12
31720,,Clearance of airways,1.06
31725,,Clearance of airways,1.71
31730,,Intro windpipe wire/tube,2.85
31750,,Tracheoplasty cervical,15.39
31755,,Trachplsty trchphryngl fstlj,17.54
31760,,Tracheoplasty intrathoracic,23.48
31766,,Carinal reconstruction,31.67
31770,,Repair/graft of bronchus,23.54
31775,,Reconstruct bronchus,24.59
31780,,Reconstruct windpipe,19.84
31781,,Reconstruct windpipe,24.85
31785,,Remove windpipe lesion,18.35
31786,,Remove windpipe lesion,25.42
31800,,Repair of windpipe injury,8.18
31805,,Repair of windpipe injury,13.42
31820,,Closure of windpipe lesion,4.64
31825,,Repair of windpipe defect,7.07
31830,,Revise windpipe scar,4.62
31899,,Unlisted px trachea bronchi,0.00
3200F,,Barium swallow test not req,0.00
32035,,Thoracostomy w/rib resection,11.29
32036,,Thoracostomy w/flap drainage,12.30
32096,,Open wedge/bx lung infiltr,13.75
32097,,Open wedge/bx lung nodule,13.75
32098,,Open biopsy of lung pleura,12.91
3210F,,Grp a strep test performed,0.00
32100,,Exploration of chest,13.75
32110,,Explore/repair chest,25.28
32120,,Re-exploration of chest,14.39
32124,,Explore chest free adhesions,15.45
32140,,Removal of lung lesion(s),16.66
32141,,Remove/treat lung lesions,27.18
3215F,,Pt immunity to hep a docd,0.00
32150,,Removal of lung lesion(s),16.82
32151,,Remove lung foreign body,16.94
3216F,,Pt immunity to hep b docd,0.00
32160,,Open chest heart massage,13.10
3218F,,Rna tstng hep c docd done,0.00
3220F,,Hep c quant rna tstng docd,0.00
32200,,Drain open lung lesion,18.68
32215,,Treat chest lining,13.05
32220,,Release of lung,26.65
32225,,Partial release of lung,16.75
3230F,,Note hring tst w/in 6 mon,0.00
32310,,Removal of chest lining,15.28
32320,,Free/remove chest lining,27.25
32400,,Needle biopsy chest lining,1.76
32408,,Core ndl bx lng/med perq,3.18
32440,,Remove lung pneumonectomy,27.28
32442,,Sleeve pneumonectomy,56.47
32445,,Removal of lung extrapleural,63.84
32480,,Partial removal of lung,25.82
32482,,Bilobectomy,27.44
32484,,Segmentectomy,25.38
32486,,Sleeve lobectomy,42.88
32488,,Completion pneumonectomy,42.99
32491,,Lung volume reduction,25.24
3250F,,Nonprim loc anat bx site tum,0.00
32501,,Repair bronchus add-on,4.68
32503,,Resect apical lung tumor,31.74
32504,,Resect apical lung tum/chest,36.54
32505,,Wedge resect of lung initial,15.75
32506,,Wedge resect of lung add-on,3.00
32507,,Wedge resect of lung diag,3.00
32540,,Removal of lung lesion,30.35
32550,,Insert pleural cath,3.92
32551,,Insertion of chest tube,3.04
32552,,Remove lung catheter,2.53
32553,,Ins mark thor for rt perq,3.55
32554,,Aspirate pleura w/o imaging,1.82
32555,,Aspirate pleura w/ imaging,2.27
32556,,Insert cath pleura w/o image,2.50
32557,,Insert cath pleura w/ image,3.12
32560,,Treat pleurodesis w/agent,1.54
32561,,Lyse chest fibrin init day,1.39
32562,,Lyse chest fibrin subq day,1.24
3260F,,Pt cat/pn cat/hist grd docd,0.00
32601,,Thoracoscopy diagnostic,5.50
32604,,Thoracoscopy wbx sac,8.77
32606,,Thoracoscopy w/bx med space,8.39
32607,,Thoracoscopy w/bx infiltrate,5.50
32608,,Thoracoscopy w/bx nodule,6.84
32609,,Thoracoscopy w/bx pleura,4.58
3265F,,Rna tstng hepc vir ord/docd,0.00
32650,,Thoracoscopy w/pleurodesis,10.83
32651,,Thoracoscopy remove cortex,18.78
32652,,Thoracoscopy rem totl cortex,29.13
32653,,Thoracoscopy remov fb/fibrin,18.17
32654,,Thoracoscopy contrl bleeding,20.52
32655,,Thoracoscopy resect bullae,16.17
32656,,Thoracoscopy w/pleurectomy,13.26
32658,,Thoracoscopy w/sac fb remove,11.71
32659,,Thoracoscopy w/sac drainage,11.94
3266F,,Hepc gn tstng docd b/4txmnt,0.00
32661,,Thoracoscopy w/pericard exc,13.33
32662,,Thoracoscopy w/mediast exc,14.99
32663,,Thoracoscopy w/lobectomy,24.64
32664,,Thoracoscopy w/ th nrv exc,14.28
32665,,Thoracoscop w/esoph musc exc,21.53
32666,,Thoracoscopy w/wedge resect,14.50
32667,,Thoracoscopy w/w resect addl,3.00
32668,,Thoracoscopy w/w resect diag,3.00
32669,,Thoracoscopy remove segment,23.53
3267F,,Path rprt w/ pt pn cat et al,0.00
32670,,Thoracoscopy bilobectomy,28.52
32671,,Thoracoscopy pneumonectomy,31.92
32672,,Thoracoscopy for lvrs,27.00
32673,,Thoracoscopy w/thymus resect,21.13
32674,,Thoracoscopy lymph node exc,4.12
3268F,,Psa/t/glsc docd b/4 txmnt,0.00
3269F,,Bone scn b/4 txmnt/aftr dx,0.00
3270F,,No bone scn b/4 txmnt/aftrdx,0.00
32701,,Thorax stereo rad targetw/tx,4.18
3271F,,Low risk prostate cancer,0.00
3272F,,Med risk prostate cancer,0.00
3273F,,High risk prostate cancer,0.00
3274F,,Prost cncr rsk not lw/md/hgh,0.00
3278F,,Serum lvls ca/ipth/lpd ord,0.00
3279F,,Hgb lvl >= 13 g/dl,0.00
3280F,,Hgb lvl 11-12.9 g/dl,0.00
32800,,Repair lung hernia,15.71
3281F,,Hgb lvl <11 g/dl,0.00
32810,,Close chest after drainage,14.95
32815,,Close bronchial fistula,50.03
32820,,Reconstruct injured chest,22.51
3284F,,Iop red >=15% pre-ntrv lvl,0.00
3285F,,Iop down <15% of pre-svc lvl,0.00
32850,,Donor pneumonectomy,0.00
32851,,Lung transplant single,59.64
32852,,Lung transplant with bypass,65.50
32853,,Lung transplant double,84.48
32854,,Lung transplant with bypass,90.00
32855,,Prepare donor lung single,0.00
32856,,Prepare donor lung double,0.00
3288F,,Fall risk assessment docd,0.00
3290F,,Pt=d(rh)- and unsensitized,0.00
32900,,Removal of rib(s),23.81
32905,,Revise & repair chest wall,23.29
32906,,Revise & repair chest wall,29.30
3291F,,Pt=d(rh)+ or sensitized,0.00
3292F,,Hiv tstng asked/docd/revwd,0.00
3293F,,Abo rh blood typing docd,0.00
3294F,,Grp b strep screening docd,0.00
32940,,Revision of lung,21.34
32960,,Therapeutic pneumothorax,1.84
32994,,Ablate pulm tumor perq crybl,9.03
32997,,Total lung lavage,7.31
32998,,Ablate pulm tumor perq rf,9.03
32999,,Unlisted px lungs & pleura,0.00
3300F,,Ajcc stage docd b/4 thxpy,0.00
3301F,,Cancer stage docd metast,0.00
33016,,Pericardiocentesis w/imaging,4.40
33017,,Prcrd drg 6yr+ w/o cgen car,4.62
33018,,Prcrd drg 0-5yr or w/anomly,5.40
33019,,Perq prcrd drg insj cath ct,4.29
33020,,Incision of heart sac,14.31
33025,,Incision of heart sac,13.20
33030,,Partial removal of heart sac,36.00
33031,,Partial removal of heart sac,45.00
33050,,Resect heart sac lesion,16.97
33120,,Exc icar tum resc w/card byp,38.45
33130,,Rescj external cardiac tumor,24.17
33140,,Heart revascularize (tmr),28.34
33141,,Heart tmr w/other procedure,2.54
3315F,,Er+ or pr+ breast cancer,0.00
3316F,,Er- or pr- breast cancer,0.00
3317F,,Path rpt malig cancer docd,0.00
3318F,,Path rpt malig cancer docd,0.00
3319F,,X-ray/ct/ultrsnd et al ord,0.00
3320F,,No xray/ct/ et al ordd,0.00
33202,,Insert epicard eltrd open,13.20
33203,,Insert epicard eltrd endo,13.97
33206,,Insert heart pm atrial,7.14
33207,,Insert heart pm ventricular,7.80
33208,,Insrt heart pm atrial & vent,8.52
3321F,,Ajcc cncr 0/ia melan docd,0.00
33210,,Insert electrd/pm cath sngl,3.05
33211,,Insert card electrodes dual,3.14
33212,,Insert pulse gen sngl lead,5.01
33213,,Insert pulse gen dual leads,5.28
33214,,Upgrade of pacemaker system,7.59
33215,,Reposition pacing-defib lead,4.92
33216,,Insert 1 electrode pm-defib,5.62
33217,,Insert 2 electrode pm-defib,5.59
33218,,Repair lead pace-defib one,5.82
3322F,,Melanomaajcc stage 0 or ia,0.00
33220,,Repair lead pace-defib dual,5.90
33221,,Insert pulse gen mult leads,5.55
33222,,Relocation pocket pacemaker,4.85
33223,,Relocate pocket for defib,6.30
33224,,Insert pacing lead & connect,9.04
33225,,L ventric pacing lead add-on,8.33
33226,,Reposition l ventric lead,8.68
33227,,Remove&replace pm gen singl,5.25
33228,,Remv&replc pm gen dual lead,5.52
33229,,Remv&replc pm gen mult leads,5.79
3323F,,Clin node stgng docdb/4 surg,0.00
33230,,Insrt pulse gen w/dual leads,6.07
33231,,Insrt pulse gen w/mult leads,6.34
33233,,Removal of pm generator,3.14
33234,,Removal of pacemaker system,7.66
33235,,Removal pacemaker electrode,9.90
33236,,Remove electrode/thoracotomy,12.73
33237,,Remove electrode/thoracotomy,13.84
33238,,Remove electrode/thoracotomy,15.40
3324F,,Mri ct scan ord rvwd rqstd,0.00
33240,,Insrt pulse gen w/singl lead,5.80
33241,,Remove pulse generator,3.04
33243,,Remove eltrd/thoracotomy,23.57
33244,,Remove elctrd transvenously,13.74
33249,,Insj/rplcmt defib w/lead(s),14.92
3325F,,Preop asses 4 cataract surg,0.00
33250,,Ablate heart dysrhythm focus,25.90
33251,,Ablate heart dysrhythm focus,28.92
33254,,Ablate atria lmtd,23.71
33255,,Ablate atria w/o bypass ext,29.04
33256,,Ablate atria w/bypass exten,34.90
33257,,Ablate atria lmtd add-on,9.63
33258,,Ablate atria x10sv add-on,11.00
33259,,Ablate atria w/bypass add-on,14.14
33261,,Ablate heart dysrhythm focus,28.92
33262,,Rmvl& replc pulse gen 1 lead,5.81
33263,,Rmvl & rplcmt dfb gen 2 lead,6.08
33264,,Rmvl & rplcmt dfb gen mlt ld,6.35
33265,,Ablate atria lmtd endo,23.71
33266,,Ablate atria x10sv endo,33.04
33267,,Excl laa open any method,18.50
33268,,Excl laa opn oth px any meth,2.50
33269,,Excl laa thrscp any method,14.31
33270,,Ins/rep subq defibrillator,9.10
33271,,Insj subq impltbl dfb elctrd,7.50
33272,,Rmvl of subq defibrillator,5.42
33273,,Repos prev impltbl subq dfb,6.50
33274,,Tcat insj/rpl perm ldls pm,7.80
33275,,Tcat rmvl perm ldls pm w/img,8.59
33276,,Insj phrnc nrv stim sys,9.50
33277,,Insj phrnc nrv stim transvns,5.43
33278,,Rmvl phrnc nrv stim sys,9.55
33279,,Rmvl phrnc nrv stim transvns,5.42
3328F,,Prfrmnc docd 2 wks b/4 surg,0.00
33280,,Rmvl phrnc nrv stim pg only,3.04
33281,,Reposg phrnc nrv stim trnsvn,6.00
33285,,Insj subq car rhythm mntr,1.53
33286,,Rmvl subq car rhythm mntr,1.50
33287,,Rmv&rplcmt phrnc nrv stim pg,6.05
33288,,Rmv&rplcmt phrnc nrv stim ld,8.51
33289,,Tcat impl wrls p-art prs snr,6.00
3330F,,Imaging study ordered (bkp),0.00
33300,,Repair of heart wound,44.97
33305,,Repair of heart wound,76.93
3331F,,Bk imaging tst not ordered,0.00
33310,,Exploratory heart surgery,20.34
33315,,Exploratory heart surgery,35.00
33320,,Repair major blood vessel(s),18.54
33321,,Repair major vessel,20.81
33322,,Repair major blood vessel(s),24.42
33330,,Insert major vessel graft,25.29
33335,,Insert major vessel graft,33.91
33340,,Perq clsr tcat l atr apndge,14.00
33361,,Replace aortic valve perq,22.47
33362,,Replace aortic valve open,24.54
33363,,Replace aortic valve open,25.47
33364,,Replace aortic valve open,25.97
33365,,Replace aortic valve open,26.59
33366,,Trcath replace aortic valve,29.35
33367,,Replace aortic valve w/byp,11.88
33368,,Replace aortic valve w/byp,14.39
33369,,Replace aortic valve w/byp,19.00
33370,,Tcat plmt&rmvl cepd perq,2.50
33390,,Valvuloplasty aortic valve,35.00
33391,,Valvuloplasty aortic valve,41.50
3340F,,Mammo assess inc xray docd,0.00
33404,,Prepare heart-aorta conduit,31.37
33405,,Replacement aortic valve opn,41.32
33406,,Replacement aortic valve opn,52.68
3341F,,Mammo assess negative docd,0.00
33410,,Replacement aortic valve opn,46.41
33411,,Replacement of aortic valve,62.07
33412,,Replacement of aortic valve,59.00
33413,,Replacement of aortic valve,59.87
33414,,Repair of aortic valve,39.37
33415,,Revision subvalvular tissue,37.27
33416,,Revise ventricle muscle,36.56
33417,,Repair of aortic valve,29.33
33418,,Repair tcat mitral valve,32.25
33419,,Repair tcat mitral valve,7.93
3342F,,Mammo assess bengn docd,0.00
33420,,Revision of mitral valve,25.79
33422,,Revision of mitral valve,29.73
33425,,Repair of mitral valve,49.96
33426,,Repair of mitral valve,43.28
33427,,Repair of mitral valve,44.83
3343F,,Mammo probably bengn docd,0.00
33430,,Replacement of mitral valve,50.93
3344F,,Mammo assess susp docd,0.00
33440,,Rplcmt a-valve tlcj autol pv,64.00
3345F,,Mammo assess hghlymalig doc,0.00
33460,,Revision of tricuspid valve,44.70
33463,,Valvuloplasty tricuspid,57.08
33464,,Valvuloplasty tricuspid,44.62
33465,,Replace tricuspid valve,50.72
33468,,Revision of tricuspid valve,45.13
33474,,Revision of pulmonary valve,39.40
33475,,Replacement pulmonary valve,42.40
33476,,Revision of heart chamber,26.57
33477,,Implant tcat pulm vlv perq,25.00
33478,,Revision of heart chamber,27.54
33496,,Repair prosth valve clot,29.84
3350F,,Mammo bx proven malig docd,0.00
33500,,Repair heart vessel fistula,27.94
33501,,Repair heart vessel fistula,19.51
33502,,Coronary artery correction,21.85
33503,,Coronary artery graft,22.51
33504,,Coronary artery graft,25.46
33505,,Repair artery w/tunnel,38.40
33506,,Repair artery translocation,37.85
33507,,Repair art intramural,31.40
33508,,Endoscopic vein harvest,0.31
33509,,Ndsc hrv uxtr art 1 sgm cab,3.34
3351F,,Neg scrn dep symp by deptool,0.00
33510,,Cabg vein single,34.98
33511,,Cabg vein two,38.45
33512,,Cabg vein three,43.98
33513,,Cabg vein four,45.37
33514,,Cabg vein five,48.08
33516,,Cabg vein six or more,49.76
33517,,Cabg artery-vein single,3.61
33518,,Cabg artery-vein two,7.93
33519,,Cabg artery-vein three,10.49
3352F,,No sig dep symp by dep tool,0.00
33521,,Cabg artery-vein four,12.59
33522,,Cabg artery-vein five,14.14
33523,,Cabg art-vein six or more,16.08
3353F,,Mild-mod dep symp by deptool,0.00
33530,,Coronary artery bypass/reop,10.13
33533,,Cabg arterial single,33.75
33534,,Cabg arterial two,39.88
33535,,Cabg arterial three,44.75
33536,,Cabg arterial four or more,48.43
3354F,,Clin sig dep sym by dep tool,0.00
33542,,Removal of heart lesion,48.21
33545,,Repair of heart damage,57.06
33548,,Restore/remodel ventricle,54.14
33572,,Open coronary endarterectomy,4.44
33600,,Closure of valve,30.31
33602,,Closure of valve,29.34
33606,,Anastomosis/artery-aorta,31.53
33608,,Repair anomaly w/conduit,31.88
33610,,Repair by enlargement,31.40
33611,,Repair double ventricle,35.57
33612,,Repair double ventricle,36.57
33615,,Repair modified fontan,35.89
33617,,Repair single ventricle,39.09
33619,,Repair single ventricle,48.76
33620,,Apply r&l pulm art bands,30.00
33621,,Transthor cath for stent,16.18
33622,,Redo compl cardiac anomaly,64.00
33641,,Repair heart septum defect,29.58
33645,,Revision of heart veins,31.30
33647,,Repair heart septum defects,33.00
33660,,Repair of heart defects,31.83
33665,,Repair of heart defects,34.85
33670,,Repair of heart chambers,36.63
33675,,Close mult vsd,35.95
33676,,Close mult vsd w/resection,36.95
33677,,Cl mult vsd w/rem pul band,38.45
33681,,Closure 1 vsd w/wo patch,32.34
33684,,Clsr 1 vsd w/wo patch w/vlvt,34.37
33688,,Clsr 1vsd w/wo ptch rmvl bnd,34.75
33690,,Banding pulmonary artery,20.36
33692,,Comp rpr tof wo pulm atresia,36.15
33694,,Cmp rpr tof wo plm atrs ptch,35.57
33697,,Compl rpr tof w/pulm atresia,37.57
3370F,,Ajcc brst cncr stage 0 docd,0.00
33702,,Repair of heart defects,27.24
33710,,Repair of heart defects,37.50
3372F,,Ajcc brst cncr stage 1 docd,0.00
33720,,Repair of heart defect,27.26
33724,,Repair venous anomaly,27.63
33726,,Repair pul venous stenosis,37.12
33730,,Repair heart-vein defect(s),36.14
33732,,Repair heart-vein defect,28.96
33735,,Revision of heart chamber,22.20
33736,,Revision of heart chamber,24.32
3374F,,Ajcc brst cncr stage 1 docd,0.00
33741,,Tas congenital car anomal,14.00
33745,,Tis cgen car anomal 1st shnt,20.00
33746,,Tis cgen car anomal ea addl,8.00
33750,,Shunt subclavian to pulm art,22.22
33755,,Shunt as-aort to pulm art,22.60
3376F,,Ajcc brstcncr stage 2 docd,0.00
33762,,Shunt desc aorta to pulm art,22.60
33764,,Shunt central w/prostc graft,22.60
33766,,Shunt supr v/c p-art 1 lung,23.57
33767,,Shunt supr v/c p-art bth lng,25.30
33768,,Anast cavopulm sec sup v/c,8.00
33770,,Rpr tga w/o surg enlgmnt vsd,39.07
33771,,Rpr tga w/surg enlgmnt vsd,40.63
33774,,Rpr tga atrial baffle px,31.73
33775,,Rpr tga atr bfl rmvl plm bnd,32.99
33776,,Rpr tga atr bfl clsr vsd,34.75
33777,,Rpr tga bfl rpr sbpulm obstr,34.17
33778,,Rpr tga aortic pulm art rcns,42.75
33779,,Rpr tga rcnstj rmvl plm bnd,43.23
3378F,,Ajcc brstcncr stage 3 docd,0.00
33780,,Rpr tga rcnstj clsr vsd,43.90
33781,,Rpr tga rcnstj rpr sbpl obst,43.21
33782,,Nikaidoh proc,60.08
33783,,Nikaidoh proc w/ostia implt,65.08
33786,,Repair arterial trunk,41.87
33788,,Revision of pulmonary artery,27.42
3380F,,Ajcc brstcncr stage 4 docd,0.00
33800,,Aortic suspension,17.28
33802,,Division aberrant vessel,18.37
33803,,Div aberrant vsl w/reanast,20.31
33814,,Obltrj a-pulm sep def w/byp,26.57
3382F,,Ajcc cln cncr stage 0 docd,0.00
33820,,Repair pda by ligation,16.69
33822,,Repair pda div<18 years,17.71
33824,,Repair pda div 18 yrs&older,20.23
3384F,,Ajcc cln cncr stage 1 docd,0.00
33840,,Exc coa w/direct anastomosis,21.34
33845,,Excision coa w/graft,22.93
33851,,Exc coa rpr l subcl art/prst,21.98
33852,,Rpr hypopl a-arch wo byp,24.41
33853,,Rpr hypopl a-arch w/byp,32.51
33858,,As-aort grf f/aortic dsj,63.40
33859,,As-aort grf f/ds oth/thn dsj,45.13
3386F,,Ajcc cln cncr stage 2 docd,0.00
33863,,Ascending aortic graft,58.79
33864,,Ascending aortic graft,60.08
33866,,Aortic hemiarch graft,17.75
33871,,Transvrs a-arch grf hypthrm,60.88
33875,,Thoracic aortic graft,50.72
33877,,Thoracoabdominal graft,69.03
3388F,,Ajcc cln cncr stage 3 docd,0.00
33880,,Endovasc taa repr incl subcl,34.58
33881,,Endovasc taa repr w/o subcl,29.58
33883,,Insert endovasc prosth taa,21.09
33884,,Endovasc prosth taa add-on,8.20
33886,,Endovasc prosth delayed,18.09
33889,,Artery transpose/endovas taa,15.92
33891,,Car-car bp grft/endovas taa,20.00
33894,,Evasc st rpr thrc/aa acrs br,18.27
33895,,Evasc st rpr thrc/aa x crsg,14.54
33897,,Perq trluml angp nt/recr coa,10.81
3390F,,Ajcc cln cncr stage 4 docd,0.00
33900,,Perq p-art revsc 1 nm nt uni,11.03
33901,,Perq p-art revsc 1 nm nt bi,14.50
33902,,Perq p-art revsc 1 abnor uni,14.00
33903,,Perq p-art revsc 1 abnor bi,16.50
33904,,Perq p-art revsc each addl,5.53
33910,,Remove lung artery emboli,48.21
33915,,Remove lung artery emboli,24.95
33916,,Surgery of great vessel,78.00
33917,,Repair pulmonary artery,25.30
33920,,Repair pulmonary atresia,32.74
33922,,Transect pulmonary artery,24.22
33924,,Remove pulmonary shunt,5.49
33925,,Rpr pul art unifocal w/o cpb,31.30
33926,,Repr pul art unifocal w/cpb,44.73
33927,,Impltj tot rplcmt hrt sys,49.00
33928,,Rmvl & rplcmt tot hrt sys,0.00
33929,,Rmvl rplcmt hrt sys f/trnspl,0.00
33930,,Removal of donor heart/lung,0.00
33933,,Prepare donor heart/lung,0.00
33935,,Transplantation heart/lung,91.78
3394F,,Quant her2 ihc eval brst cx,0.00
33940,,Removal of donor heart,0.00
33944,,Prepare donor heart,0.00
33945,,Transplantation of heart,89.50
33946,,Ecmo/ecls initiation venous,6.00
33947,,Ecmo/ecls initiation artery,6.63
33948,,Ecmo/ecls daily mgmt-venous,4.73
33949,,Ecmo/ecls daily mgmt artery,4.60
3395F,,Quant nonher2 ihc brst cx,0.00
33951,,Ecmo/ecls insj prph cannula,8.15
33952,,Ecmo/ecls insj prph cannula,8.15
33953,,Ecmo/ecls insj prph cannula,9.11
33954,,Ecmo/ecls insj prph cannula,9.11
33955,,Ecmo/ecls insj ctr cannula,16.00
33956,,Ecmo/ecls insj ctr cannula,16.00
33957,,Ecmo/ecls repos perph cnula,3.51
33958,,Ecmo/ecls repos perph cnula,3.51
33959,,Ecmo/ecls repos perph cnula,4.47
33962,,Ecmo/ecls repos perph cnula,4.47
33963,,Ecmo/ecls repos perph cnula,9.00
33964,,Ecmo/ecls repos perph cnula,9.50
33965,,Ecmo/ecls rmvl perph cannula,3.51
33966,,Ecmo/ecls rmvl prph cannula,4.50
33967,,Insert i-aort percut device,4.84
33968,,Remove aortic assist device,0.64
33969,,Ecmo/ecls rmvl perph cannula,5.22
33970,,Aortic circulation assist,6.74
33971,,Aortic circulation assist,11.99
33973,,Insert balloon device,9.75
33974,,Remove intra-aortic balloon,15.03
33975,,Implant ventricular device,25.00
33976,,Implant ventricular device,30.75
33977,,Remove ventricular device,20.86
33978,,Remove ventricular device,25.00
33979,,Insert intracorporeal device,37.50
33980,,Remove intracorporeal device,33.50
33981,,Replace vad pump ext,16.11
33982,,Replace vad intra w/o bp,37.86
33983,,Replace vad intra w/bp,44.54
33984,,Ecmo/ecls rmvl prph cannula,5.46
33985,,Ecmo/ecls rmvl ctr cannula,9.89
33986,,Ecmo/ecls rmvl ctr cannula,10.00
33987,,Artery expos/graft artery,4.04
33988,,Insertion of left heart vent,15.00
33989,,Removal of left heart vent,9.50
33990,,Insj perq vad l hrt arterial,6.75
33991,,Insj perq vad l hrt artl&ven,8.84
33992,,Rmvl perq left heart vad,3.55
33993,,Reposg perq r/l hrt vad,3.10
33995,,Insj perq vad r hrt venous,6.75
33997,,Rmvl perq right heart vad,3.00
33999,,Unlisted px cardiac surgery,0.00
34001,,Removal of artery clot,17.88
34051,,Removal of artery clot,16.99
34101,,Removal of artery clot,10.93
34111,,Removal of arm artery clot,10.93
34151,,Removal of artery clot,26.52
34201,,Removal of artery clot,19.48
34203,,Removal of leg artery clot,17.86
34401,,Removal of vein clot,26.52
34421,,Removal of vein clot,13.37
34451,,Removal of vein clot,28.52
34471,,Removal of vein clot,21.11
34490,,Removal of vein clot,10.91
3450F,,Dyspnea scrnd no-mild dysp,0.00
34501,,Repair valve femoral vein,16.85
34502,,Reconstruct vena cava,28.07
3451F,,Dyspnea scrnd mod-high dysp,0.00
34510,,Transposition of vein valve,19.91
3452F,,Dyspnea not screened,0.00
34520,,Cross-over vein graft,19.18
34530,,Leg vein fusion,17.93
3455F,,Tb scr pfrmd&interpd 6 mo,0.00
3470F,,Ra disease activity low,0.00
34701,,Evasc rpr a-ao ndgft,23.71
34702,,Evasc rpr a-ao ndgft rpt,36.00
34703,,Evasc rpr a-unilac ndgft,26.52
34704,,Evasc rpr a-unilac ndgft rpt,45.00
34705,,Evac rpr a-biiliac ndgft,29.58
34706,,Evasc rpr a-biiliac rpt,45.00
34707,,Evasc rpr ilio-iliac ndgft,22.28
34708,,Evasc rpr ilio-iliac rpt,36.50
34709,,Plmt xtn prosth evasc rpr,6.50
3471F,,Ra disease activity mod,0.00
34710,,Dlyd plmt xtn prosth 1st vsl,15.00
34711,,Dlyd plmt xtn prosth ea addl,6.00
34712,,Tcat dlvr enhncd fixj dev,12.00
34713,,Perq access & clsr fem art,2.50
34714,,Opn fem art expos cndt crtj,5.25
34715,,Opn ax/subcla art expos,6.00
34716,,Opn ax/subcla art expos cndt,7.19
34717,,Evasc rpr a-iliac ndgft,9.00
34718,,Evasc rpr n/a a-iliac ndgft,24.00
3472F,,Ra disease activity high,0.00
3475F,,Disease progn ra poor docd,0.00
3476F,,Disease progn ra good docd,0.00
34808,,Endovas iliac a device addon,4.12
34812,,Opn fem art expos,4.13
34813,,Femoral endovas graft add-on,4.79
34820,,Opn iliac art expos,7.00
34830,,Open aortic tube prosth repr,35.23
34831,,Open aortoiliac prosth repr,37.98
34832,,Open aortofemor prosth repr,37.98
34833,,Opn ilac art expos cndt crtj,8.16
34834,,Opn brach art expos,2.65
34839,,Plnning pt spec fenest graft,0.00
34841,,Endovasc visc aorta 1 graft,0.00
34842,,Endovasc visc aorta 2 graft,0.00
34843,,Endovasc visc aorta 3 graft,0.00
34844,,Endovasc visc aorta 4 graft,0.00
34845,,Visc & infraren abd 1 prosth,0.00
34846,,Visc & infraren abd 2 prosth,0.00
34847,,Visc & infraren abd 3 prosth,0.00
34848,,Visc & infraren abd 4+ prost,0.00
3490F,,History aids-defining cond,0.00
3491F,,Hiv unsure baby of hiv+moms,0.00
3492F,,History cd4+ cell count <350,0.00
3493F,,No hist cd4+ cell count <350,0.00
3494F,,Cd4+cell count <200cells/mm3,0.00
3495F,,Cd4+cell cnt 200-499 cells,0.00
3496F,,Cd4+ cell count >= 500 cells,0.00
3497F,,Cd4+ cell percentage <15%,0.00
3498F,,Cd4+ cell >=15% (hiv),0.00
3500F,,Cd4+cell cnt/% docd as done,0.00
35001,,Repair defect of artery,20.81
35002,,Repair artery rupture neck,22.23
35005,,Repair defect of artery,19.29
35011,,Repair defect of artery,18.58
35013,,Repair artery rupture arm,23.23
3502F,,Hiv rna vrl ld <lmts quantif,0.00
35021,,Repair defect of artery,22.17
35022,,Repair artery rupture chest,25.70
3503F,,Hiv rna vrl ldnot<lmts quntf,0.00
35045,,Repair defect of arm artery,18.01
35081,,Repair defect of artery,33.53
35082,,Repair artery rupture aorta,42.09
35091,,Repair defect of artery,35.35
35092,,Repair artery rupture aorta,50.97
3510F,,Doc tb scrng-rslts interpd,0.00
35102,,Repair defect of artery,36.53
35103,,Repair artery rupture aorta,43.62
3511F,,Chlmyd/gonrh tsts docd done,0.00
35111,,Repair defect of artery,26.28
35112,,Repair artery rupture spleen,32.57
3512F,,Syph scrng docd as done,0.00
35121,,Repair defect of artery,31.52
35122,,Repair artery rupture belly,37.89
3513F,,Hep b scrng docd as done,0.00
35131,,Repair defect of artery,26.40
35132,,Repair artery rupture groin,32.57
3514F,,Hep c scrng docd as done,0.00
35141,,Repair defect of artery,20.91
35142,,Repair artery rupture thigh,25.16
3515F,,Pt has docd immun to hep c,0.00
35151,,Repair defect of artery,23.72
35152,,Repair ruptd popliteal art,27.66
3517F,,Hbv assess&results intrp 1yr,0.00
35180,,Rpr cgen av fistula head&nck,15.10
35182,,Rpr cgen av fistula thrx&abd,31.71
35184,,Rpr cgen av fistula xtr,18.82
35188,,Rpr acq av fistula head&neck,18.00
35189,,Rpr acq av fistula thrx&abd,29.98
35190,,Repair acq av fistula xtr,13.42
3520F,,Cdifficile testing performed,0.00
35201,,Repair blood vessel dir neck,16.93
35206,,Repair blood vessel dir uxtr,13.84
35207,,Rpr bld vsl dir hand finger,10.94
35211,,Rpr blvsl dir ntrathrc w/byp,24.58
35216,,Rpr blvsl dir ntrthrc wo byp,36.61
35221,,Rpr bld vsl dir intra-abdl,26.62
35226,,Repair blood vessel dir lxtr,15.30
35231,,Repair blvsl vn grf neck,21.16
35236,,Repair blvsl vn grf uxtr,18.02
35241,,Rpr blvsl vn grf ntrthrc w/b,25.58
35246,,Rpr blvsl vn grf ntrthrc w/o,28.23
35251,,Rpr blvsl vn grf intra-abdl,31.91
35256,,Repair blvsl vn grf lxtr,19.06
35261,,Rpr blvsl grf oth/thn vn nck,18.96
35266,,Rpr blvsl grf oth/th vn uxtr,15.83
35271,,Rpr blvs gr ot/th vn ntrth w,24.58
35276,,Rpr blvs gr ot/t vn ntrth wo,25.83
35281,,Rpr blvsl gr ot/th vn ntr-ab,30.06
35286,,Rpr blvsl grf oth/th vn lxtr,17.19
35301,,Rechanneling of artery,21.16
35302,,Rechanneling of artery,21.35
35303,,Rechanneling of artery,23.60
35304,,Rechanneling of artery,24.60
35305,,Rechanneling of artery,23.60
35306,,Rechanneling of artery,9.25
35311,,Rechanneling of artery,28.60
35321,,Rechanneling of artery,16.59
35331,,Rechanneling of artery,27.72
35341,,Rechanneling of artery,26.21
35351,,Rechanneling of artery,24.61
35355,,Rechanneling of artery,19.86
35361,,Rechanneling of artery,30.24
35363,,Rechanneling of artery,32.35
35371,,Rechanneling of artery,15.31
35372,,Rechanneling of artery,18.58
35390,,Reoperation carotid add-on,3.19
35400,,Angioscopy,3.00
3550F,,Low rsk thromboembolism,0.00
35500,,Harvest vein for bypass,6.44
35501,,Art byp grft ipsilat carotid,29.09
35506,,Art byp grft subclav-carotid,25.33
35508,,Art byp grft carotid-vertbrl,26.09
35509,,Art byp grft contral carotid,28.09
3551F,,Intrmed rsk thromboembolism,0.00
35510,,Art byp grft carotid-brchial,24.39
35511,,Art byp grft subclav-subclav,22.20
35512,,Art byp grft subclav-brchial,23.89
35515,,Art byp grft subclav-vertbrl,26.09
35516,,Art byp grft subclav-axilary,24.21
35518,,Art byp grft axillary-axilry,22.65
3552F,,Hgh risk for thromboembolism,0.00
35521,,Art byp grft axill-femoral,24.13
35522,,Art byp grft axill-brachial,23.15
35523,,Art byp grft brchl-ulnr-rdl,24.13
35525,,Art byp grft brachial-brchl,21.69
35526,,Art byp grft aor/carot/innom,31.55
35531,,Art byp grft aorcel/aormesen,39.11
35533,,Art byp grft axill/fem/fem,29.92
35535,,Art byp grft hepatorenal,38.13
35536,,Art byp grft splenorenal,33.73
35537,,Art byp grft aortoiliac,41.88
35538,,Art byp grft aortobi-iliac,47.03
35539,,Art byp grft aortofemoral,44.11
35540,,Art byp grft aortbifemoral,49.33
3555F,,Pt inr measurement performed,0.00
35556,,Art byp grft fem-popliteal,26.75
35558,,Art byp grft fem-femoral,23.13
35560,,Art byp grft aortorenal,34.03
35563,,Art byp grft ilioiliac,26.12
35565,,Art byp grft iliofemoral,25.13
35566,,Art byp fem-ant-post tib/prl,32.35
35570,,Art byp tibial-tib/peroneal,29.15
35571,,Art byp pop-tibl-prl-other,25.52
35572,,Harvest femoropopliteal vein,6.81
35583,,Vein byp grft fem-popliteal,27.75
35585,,Vein byp fem-tibial peroneal,32.35
35587,,Vein byp pop-tibl peroneal,26.21
35600,,Open hrv uxtr art 1 sgm cab,3.59
35601,,Art byp common ipsi carotid,27.09
35606,,Art byp carotid-subclavian,22.46
35612,,Art byp subclav-subclavian,20.35
35616,,Art byp subclav-axillary,21.82
35621,,Art byp axillary-femoral,21.03
35623,,Art byp axillary-pop-tibial,25.92
35626,,Art byp aorsubcl/carot/innom,29.14
35631,,Art byp aor-celiac-msn-renal,36.03
35632,,Art byp ilio-celiac,36.13
35633,,Art byp ilio-mesenteric,39.11
35634,,Art byp iliorenal,35.33
35636,,Art byp spenorenal,31.75
35637,,Art byp aortoiliac,33.05
35638,,Art byp aortobi-iliac,33.60
35642,,Art byp carotid-vertebral,18.94
35645,,Art byp subclav-vertebrl,18.43
35646,,Art byp aortobifemoral,32.98
35647,,Art byp aortofemoral,29.73
35650,,Art byp axillary-axillary,20.16
35654,,Art byp axill-fem-femoral,26.28
35656,,Art byp femoral-popliteal,20.47
35661,,Art byp femoral-femoral,20.35
35663,,Art byp ilioiliac,23.93
35665,,Art byp iliofemoral,22.35
35666,,Art byp fem-ant-post tib/prl,23.66
35671,,Art byp pop-tibl-prl-other,20.77
35681,,Composite byp grft pros&vein,1.60
35682,,Composite byp grft 2 veins,7.19
35683,,Composite byp grft 3/> segmt,8.49
35685,,Bypass graft patency/patch,4.04
35686,,Bypass graft/av fist patency,3.34
35691,,Art trnsposj vertbrl carotid,18.41
35693,,Art trnsposj subclavian,15.73
35694,,Art trnsposj subclav carotid,19.28
35695,,Art trnsposj carotid subclav,20.06
35697,,Reimplant artery each,3.00
3570F,,Rprt bone scint xref w xray,0.00
35700,,Reoperation bypass graft,3.08
35701,,Expl n/flwd surg neck art,7.50
35702,,Expl n/flwd surg uxtr art,7.12
35703,,Expl n/flwd surg lxtr art,7.50
3572F,,Pt consid poss risk fx,0.00
3573F,,Pt not consid poss risk fx,0.00
35800,,Explore neck vessels,12.00
35820,,Explore chest vessels,36.89
35840,,Explore abdominal vessels,20.75
35860,,Explore limb vessels,15.25
35870,,Repair vessel graft defect,24.50
35875,,Removal of clot in graft,10.72
35876,,Removal of clot in graft,17.82
35879,,Revise graft w/vein,17.41
35881,,Revise graft w/vein,19.35
35883,,Revj fem anast nonautog grf,23.15
35884,,Revj fem anast autog vn grf,24.65
35901,,Excision graft neck,8.38
35903,,Excision graft extremity,9.53
35905,,Excision graft thorax,33.52
35907,,Excision graft abdomen,37.27
36000,,Place needle in vein,0.18
36002,,Pseudoaneurysm injection trt,1.96
36005,,Injection ext venography,0.95
36010,,Place catheter in vein,2.18
36011,,Place catheter in vein,3.14
36012,,Place catheter in vein,3.51
36013,,Place catheter in artery,2.52
36014,,Place catheter in artery,3.02
36015,,Place catheter in artery,3.51
36100,,Establish access to artery,3.02
36140,,Intro ndl icath upr/lxtr art,1.76
36160,,Establish access to aorta,2.52
36200,,Place catheter in aorta,2.77
36215,,Place catheter in artery,4.17
36216,,Place catheter in artery,5.27
36217,,Place catheter in artery,6.29
36218,,Place catheter in artery,1.01
36221,,Place cath thoracic aorta,3.92
36222,,Place cath carotid/inom art,5.28
36223,,Place cath carotid/inom art,5.75
36224,,Place cath carotd art,6.25
36225,,Place cath subclavian art,5.75
36226,,Place cath vertebral art,6.25
36227,,Place cath xtrnl carotid,2.09
36228,,Place cath intracranial art,4.25
36245,,Ins cath abd/l-ext art 1st,4.65
36246,,Ins cath abd/l-ext art 2nd,5.02
36247,,Ins cath abd/l-ext art 3rd,6.04
36248,,Ins cath abd/l-ext art addl,1.01
36251,,Ins cath ren art 1st unilat,5.10
36252,,Ins cath ren art 1st bilat,6.74
36253,,Ins cath ren art 2nd+ unilat,7.30
36254,,Ins cath ren art 2nd+ bilat,7.90
36260,,Insertion of infusion pump,9.91
36261,,Revision of infusion pump,5.63
36262,,Removal of infusion pump,4.11
36299,,Unlisted px vascular njx,0.00
36400,,Vnpnxr<3yrs phy/qhp fem/jug,0.38
36405,,Vnpnxr<3yrs phy/qhp scalp vn,0.31
36406,,Vnpnxr<3yrs phy/qhp other vn,0.18
36410,,Vnpnxr 3yr/> phy/qhp dx/ther,0.18
36415,,Coll venous bld venipuncture,0.00
36416,,Collj capillary blood spec,0.00
36420,,Venipuncture cutdown < 1 yr,1.01
36425,,Venipuncture cutdown 1 yr/>,0.76
36430,,Transfusion bld/bld compnt,0.00
36440,,Bld push tfuj 2 yr/<,1.03
36450,,Bld exchange truj newborn,3.50
36455,,Bld exchange truj oth thn nb,2.43
36456,,Prtl exchange transfuse nb,2.00
36460,,Intrauterine transfusion ftl,6.58
36465,,Njx noncmpnd sclrsnt 1 vein,2.35
36466,,Njx noncmpnd sclrsnt mlt vn,3.00
36468,,Njx sclrsnt spider veins,0.00
36470,,Njx sclrsnt 1 incmptnt vein,0.75
36471,,Njx sclrsnt mlt incmptnt vn,1.50
36473,,Endovenous mchnchem 1st vein,3.50
36474,,Endovenous mchnchem add-on,1.75
36475,,Endovenous rf 1st vein,5.30
36476,,Endovenous rf vein add-on,2.65
36478,,Endovenous laser 1st vein,5.30
36479,,Endovenous laser vein addon,2.65
36481,,Insertion of catheter vein,6.73
36482,,Endoven ther chem adhes 1st,3.50
36483,,Endoven ther chem adhes sbsq,1.75
3650F,,Eeg ordered rvwd reqstd,0.00
36500,,Insertion of catheter vein,3.51
36510,,Insertion of catheter vein,1.09
36511,,Apheresis wbc,2.00
36512,,Apheresis rbc,2.00
36513,,Apheresis platelets,2.00
36514,,Apheresis plasma,1.81
36516,,Apheresis immunoads slctv,1.56
36522,,Photopheresis,1.75
36555,,Insert non-tunnel cv cath,1.93
36556,,Insert non-tunnel cv cath,1.75
36557,,Insert tunneled cv cath,4.89
36558,,Insert tunneled cv cath,4.59
36560,,Insert tunneled cv cath,6.04
36561,,Insert tunneled cv cath,5.79
36563,,Insert tunneled cv cath,5.99
36565,,Insert tunneled cv cath,5.79
36566,,Insert tunneled cv cath,6.29
36568,,Insj picc <5 yr w/o imaging,2.11
36569,,Insj picc 5 yr+ w/o imaging,1.90
36570,,Insert picvad cath,5.11
36571,,Insert picvad cath,5.09
36572,,Insj picc rs&i <5 yr,1.82
36573,,Insj picc rs&i 5 yr+,1.70
36575,,Repair tunneled cv cath,0.67
36576,,Repair tunneled cv cath,2.99
36578,,Replace tunneled cv cath,3.29
36580,,Replace cvad cath,1.31
36581,,Replace tunneled cv cath,3.23
36582,,Replace tunneled cv cath,4.99
36583,,Replace tunneled cv cath,5.04
36584,,Compl rplcmt picc rs&i,1.20
36585,,Replace picvad cath,4.59
36589,,Removal tunneled cv cath,2.28
36590,,Removal tunneled cv cath,3.10
36591,,Draw blood off venous device,0.00
36592,,Collect blood from picc,0.00
36593,,Declot vascular device,0.00
36595,,Mech remov tunneled cv cath,3.59
36596,,Mech remov tunneled cv cath,0.75
36597,,Reposition venous catheter,1.21
36598,,Inj w/fluor eval cv device,0.74
36600,,Withdrawal of arterial blood,0.32
36620,,Insertion catheter artery,1.00
36625,,Insertion catheter artery,2.11
36640,,Insertion catheter artery,2.10
36660,,Insertion catheter artery,1.40
36680,,Insert needle bone cavity,1.20
36800,,Insertion of cannula,2.43
36810,,Insertion of cannula,3.96
36815,,Insertion of cannula,2.62
36818,,Av fuse uppr arm cephalic,12.39
36819,,Av fuse uppr arm basilic,13.29
36820,,Av fusion/forearm vein,13.07
36821,,Av fusion direct any site,11.90
36823,,Insertion of cannula(s),22.98
36825,,Artery-vein autograft,14.17
36830,,Artery-vein nonautograft,12.03
36831,,Open thrombect av fistula,11.00
36832,,Av fistula revision open,13.50
36833,,Av fistula revision,14.50
36835,,Insertion thomas shunt,7.51
36836,,Prq av fstl crtj uxtr 1 acs,7.20
36837,,Prq av fstl crt uxtr sep acs,9.30
36838,,Dist revas ligation hemo,21.69
36860,,External cannula declotting,2.01
36861,,Cannula declotting,2.52
36901,,Intro cath dialysis circuit,3.36
36902,,Intro cath dialysis circuit,4.83
36903,,Intro cath dialysis circuit,6.39
36904,,Thrmbc/nfs dialysis circuit,7.50
36905,,Thrmbc/nfs dialysis circuit,9.00
36906,,Thrmbc/nfs dialysis circuit,10.42
36907,,Balo angiop ctr dialysis seg,3.00
36908,,Stent plmt ctr dialysis seg,4.25
36909,,Dialysis circuit embolj,4.12
3700F,,Psych disorders assessed,0.00
37140,,Revision of circulation,40.00
37145,,Revision of circulation,37.00
37160,,Revision of circulation,38.00
37180,,Revision of circulation,36.50
37181,,Splice spleen/kidney veins,40.00
37182,,Insert hepatic shunt (tips),16.97
37183,,Revision tips,7.74
37184,,Prim art m-thrmbc 1st vsl,8.41
37185,,Prim art m-thrmbc sbsq vsl,3.28
37186,,Sec art thrombectomy add-on,4.92
37187,,Venous mech thrombectomy,7.78
37188,,Ven mechnl thrmbc repeat tx,5.46
37191,,Ins endovas vena cava filtr,4.46
37192,,Redo endovas vena cava filtr,7.10
37193,,Rem endovas vena cava filter,7.10
37195,,Thrombolytic therapy stroke,0.00
37197,,Remove intrvas foreign body,6.04
3720F,,Cognit impairment assessed,0.00
37200,,Transcatheter biopsy,4.55
37211,,Thrombolytic art therapy,7.75
37212,,Thrombolytic venous therapy,6.81
37213,,Thromblytic art/ven therapy,4.75
37214,,Cessj therapy cath removal,2.49
37215,,Transcath stent cca w/eps,17.75
37216,,Transcath stent cca w/o eps,17.98
37217,,Stent placemt retro carotid,20.38
37218,,Stent placemt ante carotid,14.75
37220,,Iliac revasc,7.90
37221,,Iliac revasc w/stent,9.75
37222,,Iliac revasc add-on,3.73
37223,,Iliac revasc w/stent add-on,4.25
37224,,Fem/popl revas w/tla,8.75
37225,,Fem/popl revas w/ather,11.75
37226,,Fem/popl revasc w/stent,10.24
37227,,Fem/popl revasc stnt & ather,14.25
37228,,Tib/per revasc w/tla,10.75
37229,,Tib/per revasc w/ather,13.80
37230,,Tib/per revasc w/stent,13.55
37231,,Tib/per revasc stent & ather,14.75
37232,,Tib/per revasc add-on,4.00
37233,,Tibper revasc w/ather add-on,6.50
37234,,Revsc opn/prq tib/pero stent,5.50
37235,,Tib/per revasc stnt & ather,7.80
37236,,Open/perq place stent 1st,8.75
37237,,Open/perq place stent ea add,4.25
37238,,Open/perq place stent same,6.04
37239,,Open/perq place stent ea add,2.97
37241,,Vasc embolize/occlude venous,8.75
37242,,Vasc embolize/occlude artery,9.80
37243,,Vasc embolize/occlude organ,11.74
37244,,Vasc embolize/occlude bleed,13.75
37246,,Trluml balo angiop 1st art,7.00
37247,,Trluml balo angiop addl art,3.50
37248,,Trluml balo angiop 1st vein,6.00
37249,,Trluml balo angiop addl vein,2.97
3725F,,Screen depression performed,0.00
37252,,Intrvasc us noncoronary 1st,1.80
37253,,Intrvasc us noncoronary addl,1.44
3750F,,Ptnotrcvngsteroid>=10mg/day,0.00
37500,,Endoscopy ligate perf veins,11.67
37501,,Unlisted vasc endoscopy px,0.00
3751F,,Electrodiag polyneuro 6 mn,0.00
3752F,,No electrodiag polyneuro 6mn,0.00
3753F,,Pt has symp&signs neuropathy,0.00
3754F,,Screening tests dm done,0.00
3755F,,Cog&behav imprmnt scrng done,0.00
3756F,,Pt w/pseudobulb affect/als,0.00
37565,,Ligation int jugular vein,12.05
3757F,,Pt w/o pseudobulbaffect/als,0.00
3758F,,Pt ref pulm fx test/peakflow,0.00
3759F,,Pt scrn dysphag/wt loss/nutr,0.00
3760F,,Pt w/dysphag/wt loss/nutr,0.00
37600,,Ligation xtrnl carotid art,12.42
37605,,Ligation int/com carotid art,14.28
37606,,Lig int/com carotid art occl,8.81
37607,,Lig/banding angioacs av fstl,6.25
37609,,Ligation/bx temporal artery,3.05
3761F,,Pt w/o dysphag/wt loss/nutr,0.00
37615,,Ligation major artery neck,7.80
37616,,Ligation major artery chest,18.97
37617,,Ligation major artery abd,23.79
37618,,Ligation major artery xtr,6.03
37619,,Ligation of inf vena cava,30.00
3762F,,Patient is dysarthric,0.00
3763F,,Patient is not dysarthric,0.00
37650,,Ligation of femoral vein,8.49
37660,,Ligation common iliac vein,22.28
37700,,Ligation&div long saph vein,3.82
37718,,Lig div&strpg short saph vn,7.13
37722,,Lig div&strpg long saph vein,8.16
37735,,Lig&div&compl strpg saph vn,10.90
3775F,,Adenoma detected screening,0.00
3776F,,Adenoma not detect screening,0.00
37760,,Lig prfratr vn radical 1 leg,10.78
37761,,Ligate leg veins open,9.13
37765,,Stab phleb veins xtr 10-20,4.80
37766,,Phleb veins - extrem 20+,6.00
37780,,Revision of leg vein,3.93
37785,,Ligate/divide/excise vein,3.93
37788,,Revascularization penis,23.33
37790,,Penile venous occlusion,8.43
37799,,Unlisted px vascular surgery,0.00
38100,,Removal of spleen total,19.55
38101,,Removal of spleen partial,19.55
38102,,Removal of spleen total,4.79
38115,,Repair of ruptured spleen,21.88
38120,,Laparoscopy splenectomy,17.07
38129,,Unlisted laps px spleen,0.00
38200,,Injection for spleen x-ray,2.64
38204,,Bl donor search management,2.00
38205,,Harvest allogeneic stem cell,1.50
38206,,Harvest auto stem cells,1.50
38207,,Cryopreserve stem cells,0.89
38208,,Thaw preserved stem cells,0.56
38209,,Wash harvest stem cells,0.24
38210,,T-cell depletion of harvest,1.57
38211,,Tumor cell deplete of harvst,1.42
38212,,Rbc depletion of harvest,0.94
38213,,Platelet deplete of harvest,0.24
38214,,Volume deplete of harvest,0.81
38215,,Harvest stem cell concentrte,0.94
38220,,Dx bone marrow aspirations,1.20
38221,,Dx bone marrow biopsies,1.28
38222,,Dx bone marrow bx & aspir,1.44
38225,,Car-t hrv bld-drv t lymphcyt,1.94
38226,,Car-t prep t lymphcyt f/trns,0.79
38227,,Car-t receipt&prepj admn,0.80
38228,,Car-t admn autologous,3.00
38230,,Bone marrow harvest allogen,3.50
38232,,Bone marrow harvest autolog,3.50
38240,,Transplt allo hct/donor,4.00
38241,,Transplt autol hct/donor,3.00
38242,,Transplt allo lymphocytes,2.11
38243,,Transplj hematopoietic boost,2.13
38300,,Drainage lymph node lesion,2.36
38305,,Drainage lymph node lesion,6.68
38308,,Incision of lymph channels,6.81
38380,,Thoracic duct procedure,8.46
38381,,Thoracic duct procedure,13.38
38382,,Thoracic duct procedure,10.65
38500,,Biopsy/removal lymph nodes,3.79
38505,,Needle biopsy lymph nodes,1.59
38510,,Biopsy/removal lymph nodes,6.74
38520,,Biopsy/removal lymph nodes,7.03
38525,,Biopsy/removal lymph nodes,6.43
38530,,Biopsy/removal lymph nodes,8.34
38531,,Open bx/exc inguinofem nodes,6.74
38542,,Explore deep node(s) neck,7.95
38550,,Removal neck/armpit lesion,7.11
38555,,Removal neck/armpit lesion,15.59
38562,,Removal pelvic lymph nodes,11.06
38564,,Removal abdomen lymph nodes,11.38
38570,,Laparoscopy lymph node biop,8.49
38571,,Laparoscopy lymphadenectomy,12.00
38572,,Laparoscopy lymphadenectomy,15.60
38573,,Laps pelvic lymphadec,20.00
38589,,Unlisted laps px lymphtc sys,0.00
38700,,Removal of lymph nodes neck,12.81
38720,,Removal of lymph nodes neck,21.95
38724,,Removal of lymph nodes neck,23.95
38740,,Remove armpit lymph nodes,10.70
38745,,Remove armpit lymph nodes,13.87
38746,,Remove thoracic lymph nodes,4.12
38747,,Remove abdominal lymph nodes,4.88
38760,,Remove groin lymph nodes,13.62
38765,,Remove groin lymph nodes,21.91
38770,,Remove pelvis lymph nodes,14.06
38780,,Remove abdomen lymph nodes,17.70
38790,,Inject for lymphatic x-ray,1.29
38792,,Ra tracer id of sentinl node,0.65
38794,,Access thoracic lymph duct,4.62
38900,,Io map of sent lymph node,2.50
38999,,Unlistd px hemic/lymphtc sys,0.00
39000,,Exploration of chest,7.57
39010,,Exploration of chest,13.19
39200,,Resect mediastinal cyst,15.09
39220,,Resect mediastinal tumor,19.55
39401,,Mediastinoscpy w/medstnl bx,5.44
39402,,Mediastinoscpy w/lmph nod bx,7.25
39499,,Unlisted px mediastinum,0.00
39501,,Repair diaphragm laceration,13.98
39503,,Repair of diaphragm hernia,108.91
39540,,Repair of diaphragm hernia,14.57
39541,,Repair of diaphragm hernia,15.75
39545,,Revision of diaphragm,14.67
39560,,Resect diaphragm simple,13.06
39561,,Resect diaphragm complex,19.99
39599,,Unlisted px diaphragm,0.00
4000F,,Tobacco use txmnt counseling,0.00
4001F,,Tobacco use txmnt pharmacol,0.00
4003F,,Pt ed write/oral pts w/ hf,0.00
4004F,,Pt tobacco screen rcvd tlk,0.00
4005F,,Pharm thx for op rxd,0.00
4008F,,Beta-blocker therapy rxd/tkn,0.00
4010F,,Ace/arb therapy rxd/taken,0.00
4011F,,Oral antiplatelet therapy rx,0.00
4012F,,Warfarin therapy rx,0.00
4013F,,Statin therapy/currently tkn,0.00
4014F,,Written discharge instr prvd,0.00
4015F,,Persist asthma medicine ctrl,0.00
4016F,,Anti-inflm/anlgsc agent rx,0.00
4017F,,Gi prophylaxis for nsaid rx,0.00
4018F,,Therapy exercise joint rx,0.00
4019F,,Doc recpt counsl vit d/calc+,0.00
4025F,,Inhaled bronchodilator rx,0.00
4030F,,Oxygen therapy rx,0.00
4033F,,Pulmonary rehab rec,0.00
4035F,,Influenza imm rec,0.00
4037F,,Influenza imm order/admin,0.00
4040F,,Pneumoc vac/admin/rcvd,0.00
4041F,,Doc order cefazolin/cefurox,0.00
4042F,,Doc antibio not given,0.00
4043F,,Doc order given stop antibio,0.00
4044F,,Doc order given vte prophylx,0.00
4045F,,Empiric antibiotic rx,0.00
4046F,,Doc antibio given b/4 surg,0.00
4047F,,Doc antibio given b/4 surg,0.00
4048F,,Doc antibio given b/4 surg,0.00
4049F,,Doc order given stop antibio,0.00
40490,,Biopsy of lip,1.22
4050F,,Ht care plan doc,0.00
40500,,Partial excision of lip,4.47
4051F,,Referred for an av fistula,0.00
40510,,Partial excision of lip,4.82
4052F,,Hemodialysis via av fistula,0.00
40520,,Partial excision of lip,4.79
40525,,Reconstruct lip with flap,7.72
40527,,Reconstruct lip with flap,9.32
4053F,,Hemodialysis via av graft,0.00
40530,,Partial removal of lip,5.54
4054F,,Hemodialysis via catheter,0.00
4055F,,Pt rcvng periton dialysis,0.00
4056F,,Approp oral rehyd recommd,0.00
4058F,,Ped gastro ed given caregvr,0.00
4060F,,Psych svcs provided,0.00
4062F,,Pt referral psych docd,0.00
4063F,,Antidepres rxthxpy not rxd,0.00
4064F,,Antidepressant rx,0.00
4065F,,Antipsychotic rx,0.00
40650,,Rpr lip fth vermilion only,3.78
40652,,Rpr lip fth<half ver height,4.43
40654,,Rpr lip fth>1half ver ht/cpx,5.48
4066F,,Ect provided,0.00
4067F,,Pt referral for ect docd,0.00
4069F,,Vte prophylaxis rcvd,0.00
4070F,,Dvt prophylx recvd day 2,0.00
40700,,Repair cleft lip/nasal,14.17
40701,,Repair cleft lip/nasal,17.23
40702,,Repair cleft lip/nasal,14.27
40720,,Repair cleft lip/nasal,14.72
4073F,,Oral antiplat thx rx dischrg,0.00
4075F,,Anticoag thx rx at dischrg,0.00
40761,,Repair cleft lip/nasal,15.84
4077F,,Doc t-pa admin considered,0.00
4079F,,Doc rehab svcs considered,0.00
40799,,Unlisted procedure lips,0.00
40800,,Drainage of mouth lesion,1.23
40801,,Drainage of mouth lesion,2.63
40804,,Removal foreign body mouth,1.30
40805,,Removal foreign body mouth,2.79
40806,,Incision of lip fold,0.31
40808,,Biopsy of mouth lesion,1.05
40810,,Excision of mouth lesion,1.36
40812,,Excise/repair mouth lesion,2.37
40814,,Excise/repair mouth lesion,3.52
40816,,Excision of mouth lesion,3.77
40818,,Excise oral mucosa for graft,2.83
40819,,Excise lip or cheek fold,2.51
40820,,Treatment of mouth lesion,1.34
40830,,Repair mouth laceration,1.82
40831,,Repair mouth laceration,2.57
4084F,,Aspirin recvd w/in 24 hrs,0.00
40840,,Reconstruction of mouth,9.15
40842,,Reconstruction of mouth,9.15
40843,,Reconstruction of mouth,12.79
40844,,Reconstruction of mouth,16.80
40845,,Reconstruction of mouth,19.36
4086F,,Aspirin/clopidogrel rxd,0.00
40899,,Unlisted px vestibule mouth,0.00
4090F,,Pt rcvng epo thxpy,0.00
4095F,,Pt not rcvng epo thxpy,0.00
4100F,,Biphos thxpy vein ord/recvd,0.00
41000,,Drainage of mouth lesion,1.35
41005,,Drainage of mouth lesion,1.31
41006,,Drainage of mouth lesion,3.34
41007,,Drainage of mouth lesion,3.20
41008,,Drainage of mouth lesion,3.46
41009,,Drainage of mouth lesion,3.71
41010,,Incision of tongue fold,1.11
41015,,Drainage of mouth lesion,4.08
41016,,Drainage of mouth lesion,4.19
41017,,Drainage of mouth lesion,4.19
41018,,Drainage of mouth lesion,5.22
41019,,Place needles h&n for rt,8.84
4110F,,Int mam art used for cabg,0.00
41100,,Biopsy of tongue,1.42
41105,,Biopsy of tongue,1.47
41108,,Biopsy of floor of mouth,1.10
41110,,Excision of tongue lesion,1.56
41112,,Excision of tongue lesion,2.83
41113,,Excision of tongue lesion,3.29
41114,,Excision of tongue lesion,8.82
41115,,Excision of tongue fold,1.79
41116,,Excision of mouth lesion,2.52
41120,,Partial removal of tongue,11.14
41130,,Partial removal of tongue,15.74
41135,,Tongue and neck surgery,30.14
41140,,Removal of tongue,29.15
41145,,Tongue removal neck surgery,37.93
4115F,,Beta blckr admin w/in 24 hrs,0.00
41150,,Tongue mouth jaw surgery,29.86
41153,,Tongue mouth neck surgery,33.59
41155,,Tongue jaw & neck surgery,44.30
4120F,,Antibiot rxd/given,0.00
4124F,,Antibiot not rxd/given,0.00
41250,,Repair tongue laceration,1.96
41251,,Repair tongue laceration,2.32
41252,,Repair tongue laceration,3.02
4130F,,Topical prep rx aoe,0.00
4131F,,Syst antimicrobial thx rx,0.00
4132F,,No syst antimicrobial thx rx,0.00
4133F,,Antihist/decong rx/recom,0.00
4134F,,No antihist/decong rx/recom,0.00
4135F,,Systemic corticosteroids rx,0.00
4136F,,Syst corticosteroids not rx,0.00
4140F,,Inhaled corticosteroids rxd,0.00
4142F,,Corticoster sparng thrpy rxd,0.00
4144F,,Alt long-term cntrl med rxd,0.00
4145F,,2+ anti-hyprtnsv agents tkn,0.00
4148F,,Hep a vac injxn admin/recvd,0.00
4149F,,Hep b vac injxn admin/recvd,0.00
4150F,,Pt recvng antivir txmnt hepc,0.00
4151F,,Pt not recvng antiv hep c,0.00
41510,,Tongue to lip surgery,3.51
41512,,Tongue suspension,6.86
41520,,Reconstruction tongue fold,2.83
4153F,,Combo pegintf/rib rx,0.00
41530,,Tongue base vol reduction,3.50
4155F,,Hep a vac series prev recvd,0.00
4157F,,Hep b vac series prev recvd,0.00
4158F,,Pt edu re alcoh drnkng done,0.00
4159F,,Contrcp talk b/4 antiv txmnt,0.00
41599,,Unlisted px tongue flr mouth,0.00
4163F,,Pt couns 4 txmnt opt prost,0.00
4164F,,Adjv hrmnl thxpy rxd,0.00
4165F,,3d-crt/imrt received,0.00
4167F,,Hd bed tilted 1st day vent,0.00
4168F,,Pt care icu&vent w/in 24hrs,0.00
4169F,,No pt care icu/vent in 24hrs,0.00
4171F,,Pt rcvng esa thxpy,0.00
4172F,,Pt not rcvng esa thxpy,0.00
4174F,,Couns potent glauc impct,0.00
4175F,,Vis 20/40/> w/in 90 days,0.00
4176F,,Talk re uv light pt/crgvr,0.00
4177F,,Talk pt/crgvr re areds prev,0.00
4178F,,Antid glbln rcvd w/in 26wks,0.00
4179F,,Tamoxifen/ai prescribed,0.00
4180F,,Adjv thxpyrxd/rcvd colon ca,0.00
41800,,Drainage of gum lesion,1.27
41805,,Removal foreign body gum,1.34
41806,,Removal foreign body jawbone,2.79
4181F,,Conformal radn thxpy rcvd,0.00
4182F,,No conformal radn thxpy,0.00
41820,,Excision gum each quadrant,0.00
41821,,Excision of gum flap,0.00
41822,,Excision of gum lesion,2.41
41823,,Excision of gum lesion,3.77
41825,,Excision of gum lesion,1.41
41826,,Excision of gum lesion,2.41
41827,,Excision of gum lesion,3.83
41828,,Excision of gum lesion,3.14
41830,,Removal of gum tissue,3.45
4185F,,Continuous ppi or h2ra rcvd,0.00
41850,,Treatment of gum lesion,0.00
4186F,,No cont ppi or h2ra rcvd,0.00
4187F,,Anti rheum drugthxpyrxd/gvn,0.00
41870,,Periodontal mucosal grafting,0.00
41872,,Gingivoplasty each quadrant,3.01
41874,,Alveoloplasty each quadrant,3.19
4188F,,Approp ace/arb tstng done,0.00
4189F,,Approp digoxin tstng done,0.00
41899,,Unlisted px dentalvlr strux,0.00
4190F,,Approp diuretic tstng done,0.00
4191F,,Approp anticonvuls tstng,0.00
4192F,,Pt not rcvng glucoco thxpy,0.00
4193F,,Pt rcv <10mg daily predniso,0.00
4194F,,Pt rcv >=10mg daily predniso,0.00
4195F,,Pt rcvng anti-rheum thxpy ra,0.00
4196F,,Ptnot rcvng anti-rhm thxpyra,0.00
4200F,,External beam to prost only,0.00
42000,,Drainage mouth roof lesion,1.28
4201F,,Extrnl beam other than prost,0.00
4210F,,Ace/arb thxpy for mos/>,0.00
42100,,Biopsy roof of mouth,1.36
42104,,Excision lesion mouth roof,1.69
42106,,Excision lesion mouth roof,2.15
42107,,Excision lesion mouth roof,4.56
42120,,Remove palate/lesion,11.86
42140,,Excision of uvula,1.70
42145,,Repair palate pharynx/uvula,9.78
42160,,Treatment mouth roof lesion,1.85
42180,,Repair lac palate<2 cm,2.55
42182,,Repair palate,3.87
4220F,,Digoxin thxpy for 6 mos/>,0.00
42200,,Reconstruct cleft palate,12.53
42205,,Reconstruct cleft palate,13.66
4221F,,Diuretic thxpy for 6 mos/>,0.00
42210,,Reconstruct cleft palate,15.03
42215,,Reconstruct cleft palate,8.99
42220,,Reconstruct cleft palate,7.16
42225,,Reconstruct cleft palate,9.77
42226,,Lengthening of palate,10.35
42227,,Lengthening of palate,9.90
42235,,Repair palate,8.01
42260,,Repair nose to lip fistula,10.22
42280,,Preparation palate mold,1.59
42281,,Insertion palate prosthesis,1.98
42299,,Unlisted px palate uvula,0.00
4230F,,Anticonv thxpy for 6 mos/>,0.00
42300,,Drainage of salivary gland,1.98
42305,,Drainage of salivary gland,6.31
42310,,Drainage of salivary gland,1.61
42320,,Drainage of salivary gland,2.40
42330,,Removal of salivary stone,2.26
42335,,Removal of salivary stone,3.41
42340,,Removal of salivary stone,4.72
4240F,,Instr xrcz back pain 12 wks,0.00
42400,,Biopsy of salivary gland,0.78
42405,,Biopsy of salivary gland,3.34
42408,,Excision of salivary cyst,4.66
42409,,Drainage of salivary cyst,2.91
42410,,Excise parotid gland/lesion,9.57
42415,,Excise parotid gland/lesion,17.16
4242F,,Sprvsd xrcz back pn >12 wks,0.00
42420,,Excise parotid gland/lesion,19.53
42425,,Excise parotid gland/lesion,13.42
42426,,Excise parotid gland/lesion,22.66
42440,,Excise submaxillary gland,6.14
4245F,,Pt instr nrml activities,0.00
42450,,Excise sublingual gland,4.74
4248F,,Pt instr no bd rest 4 days/>,0.00
4250F,,Wrmng 4 surg normothermia,0.00
42500,,Repair salivary duct,4.42
42505,,Repair salivary duct,6.32
42507,,Parotid duct diversion,6.25
42509,,Parotid duct diversion,11.76
42510,,Parotid duct diversion,8.35
4255F,,Anesth 60 min/> as docd,0.00
42550,,Injection for salivary x-ray,1.25
4256F,,Anesthe <60 min as docd,0.00
4260F,,Wound srfc culturetech used,0.00
42600,,Closure of salivary fistula,4.94
4261F,,Tech other than surfc cultr,0.00
4265F,,Wet-dry dressings rx recmd,0.00
42650,,Dilation of salivary duct,0.77
4266F,,No wet-dry drssings rx recmd,0.00
42660,,Dilation of salivary duct,1.13
42665,,Ligation of salivary duct,2.63
4267F,,Comprssion thxpy prescribed,0.00
4268F,,Pt ed re comp thxpy rcvd,0.00
4269F,,Appropos mthd offloading rxd,0.00
42699,,Unlisted px salivry glnd/dux,0.00
4270F,,Pt rcvng anti r-viral thxpy,0.00
42700,,Drainage of tonsil abscess,1.67
4271F,,Pt rcvng anti r-viral thxpy,0.00
42720,,Drainage of throat abscess,6.31
42725,,Drainage of throat abscess,12.41
4274F,,Flu immuno admind rcvd,0.00
4276F,,Potent antivir thxpy rxd,0.00
4279F,,Pcp prophylaxis rxd,0.00
4280F,,Pcp prophylax rxd 3mon low %,0.00
42800,,Biopsy of throat,1.44
42804,,Biopsy of upper nose/throat,1.29
42806,,Biopsy of upper nose/throat,1.63
42808,,Excise pharynx lesion,2.35
42809,,Remove pharynx foreign body,1.86
42810,,Excision of neck cyst,3.38
42815,,Excision of neck cyst,7.31
42820,,Remove tonsils and adenoids,4.22
42821,,Remove tonsils and adenoids,4.36
42825,,Removal of tonsils,3.51
42826,,Removal of tonsils,3.45
42830,,Removal of adenoids,2.65
42831,,Removal of adenoids,2.81
42835,,Removal of adenoids,2.38
42836,,Removal of adenoids,3.26
42842,,Extensive surgery of throat,12.23
42844,,Extensive surgery of throat,17.78
42845,,Extensive surgery of throat,32.56
42860,,Excision of tonsil tags,2.30
42870,,Excision of lingual tonsil,5.52
42890,,Limited pharyngectomy,19.13
42892,,Revision of pharyngeal walls,26.03
42894,,Revision of pharyngeal walls,33.92
4290F,,Pt scrned for inj drug use,0.00
42900,,Repair throat wound,5.29
4293F,,Pt scrnd hgh-risk sex behav,0.00
42950,,Reconstruction of throat,8.27
42953,,Repair throat esophagus,9.45
42955,,Surgical opening of throat,8.01
42960,,Control throat bleeding,2.38
42961,,Control throat bleeding,5.77
42962,,Control throat bleeding,7.40
42970,,Control nose/throat bleeding,5.82
42971,,Control nose/throat bleeding,6.60
42972,,Control nose/throat bleeding,7.59
42975,,Dise eval slp do brth flx dx,1.58
42999,,Unlisted px phrnx adnd/tnsl,0.00
4300F,,Pt rcvng warf thxpy,0.00
4301F,,Pt not rcvng warf thxpy,0.00
43020,,Incision of esophagus,8.23
43030,,Cricopharyngeal myotomy,7.99
43045,,Esophagotomy thrc rmvl fb,21.88
4305F,,Pt ed re ft care inspct rcvd,0.00
4306F,,Pt tlk psych & rx opd addic,0.00
43100,,Excision of esophagus lesion,9.66
43101,,Excision of esophagus lesion,17.07
43107,,Removal of esophagus,52.05
43108,,Removal of esophagus,82.87
43112,,Esphg tot w/thrcm,62.00
43113,,Removal of esophagus,80.06
43116,,Partial removal of esophagus,92.99
43117,,Partial removal of esophagus,57.50
43118,,Partial removal of esophagus,67.07
43121,,Partial removal of esophagus,51.43
43122,,Partial removal of esophagus,44.18
43123,,Partial removal of esophagus,83.12
43124,,Removal of esophagus,69.09
43130,,Removal of esophagus pouch,12.53
43135,,Removal of esophagus pouch,26.17
43180,,Esophagoscopy rigid trnso,9.03
43191,,Esophagoscopy rigid trnso dx,2.49
43192,,Esophagoscp rig trnso inject,2.79
43193,,Esophagoscp rig trnso biopsy,2.79
43194,,Esophagoscp rig trnso rem fb,3.51
43195,,Esophagoscopy rigid balloon,3.07
43196,,Esophagoscp guide wire dilat,3.31
43197,,Esophagoscopy flex dx brush,1.52
43198,,Esophagosc flex trnsn biopsy,1.82
4320F,,Pt talk psychsoc&rx oh dpnd,0.00
43200,,Esophagoscopy flexible brush,1.42
43201,,Esoph scope w/submucous inj,1.72
43202,,Esophagoscopy flex biopsy,1.72
43204,,Esoph scope w/sclerosis inj,2.33
43205,,Esophagus endoscopy/ligation,2.44
43206,,Esoph optical endomicroscopy,2.29
43210,,Egd esophagogastrc fndoplsty,7.75
43211,,Esophagoscop mucosal resect,4.20
43212,,Esophagoscop stent placement,3.40
43213,,Esophagoscopy retro balloon,4.63
43214,,Esophagosc dilate balloon 30,3.40
43215,,Esophagoscopy flex remove fb,2.44
43216,,Esophagoscopy lesion removal,2.30
43217,,Esophagoscopy snare les remv,2.80
4322F,,Crgvr prov w/ ed addl rsrcs,0.00
43220,,Esophagoscopy balloon <30mm,2.00
43226,,Esoph endoscopy dilation,2.24
43227,,Esophagoscopy control bleed,2.89
43229,,Esophagoscopy lesion ablate,3.49
43231,,Esophagoscop ultrasound exam,2.80
43232,,Esophagoscopy w/us needle bx,3.59
43233,,Egd balloon dil esoph30 mm/>,4.07
43235,,Egd diagnostic brush wash,2.09
43236,,Uppr gi scope w/submuc inj,2.39
43237,,Endoscopic us exam esoph,3.47
43238,,Egd us fine needle bx/aspir,4.16
43239,,Egd biopsy single/multiple,2.39
4324F,,Pt queried prkns complic,0.00
43240,,Egd w/transmural drain cyst,7.15
43241,,Egd tube/cath insertion,2.49
43242,,Egd us fine needle bx/aspir,4.73
43243,,Egd injection varices,4.27
43244,,Egd varices ligation,4.40
43245,,Egd dilate stricture,3.08
43246,,Egd place gastrostomy tube,3.56
43247,,Egd remove foreign body,3.11
43248,,Egd guide wire insertion,2.91
43249,,Esoph egd dilation <30 mm,2.67
4325F,,Med txmnt options rvwd w/pt,0.00
43250,,Egd cautery tumor polyp,2.97
43251,,Egd remove lesion snare,3.47
43252,,Egd optical endomicroscopy,2.96
43253,,Egd us transmural injxn/mark,4.73
43254,,Egd endo mucosal resection,4.87
43255,,Egd control bleeding any,3.56
43257,,Egd w/thrml txmnt gerd,4.15
43259,,Egd us exam duodenum/jejunum,4.04
4326F,,Pt asked re symp auto dysfxn,0.00
43260,,Ercp w/specimen collection,5.85
43261,,Endo cholangiopancreatograph,6.15
43262,,Endo cholangiopancreatograph,6.50
43263,,Ercp sphincter pressure meas,6.50
43264,,Ercp remove duct calculi,6.63
43265,,Ercp lithotripsy calculi,7.93
43266,,Egd endoscopic stent place,3.92
43270,,Egd lesion ablation,4.01
43273,,Endoscopic pancreatoscopy,2.24
43274,,Ercp duct stent placement,8.48
43275,,Ercp remove forgn body duct,6.86
43276,,Ercp stent exchange w/dilate,8.84
43277,,Ercp ea duct/ampulla dilate,6.90
43278,,Ercp lesion ablate w/dilate,7.92
43279,,Lap myotomy heller,22.10
4328F,,Pt asked re sleep disturb,0.00
43280,,Laparoscopy fundoplasty,18.10
43281,,Lap paraesophag hern repair,26.60
43282,,Lap paraesoph her rpr w/mesh,30.10
43283,,Lap esoph lengthening,2.95
43284,,Laps esophgl sphnctr agmntj,10.13
43285,,Rmvl esophgl sphnctr dev,10.47
43286,,Esphg tot w/laps moblj,55.00
43287,,Esphg dstl 2/3 w/laps moblj,63.00
43288,,Esphg thrsc moblj,66.42
43289,,Unlisted laps px esoph,0.00
43290,,Egd flx trnsorl dplmnt balo,3.11
43291,,Egd flx trnsorl rmvl balo,2.80
4330F,,Cnslng epi spec sfty issues,0.00
43300,,Repair of esophagus,9.33
43305,,Repair esophagus and fistula,18.10
43310,,Repair of esophagus,26.26
43312,,Repair esophagus and fistula,29.25
43313,,Esophagoplasty congenital,48.45
43314,,Tracheo-esophagoplasty cong,53.43
43320,,Fuse esophagus & stomach,23.31
43325,,Revise esophagus & stomach,22.60
43327,,Esoph fundoplasty lap,13.35
43328,,Esoph fundoplasty thor,19.91
43330,,Esophagomyotomy abdominal,22.19
43331,,Esophagomyotomy thoracic,23.06
43332,,Transab esoph hiat hern rpr,19.62
43333,,Transab esoph hiat hern rpr,21.46
43334,,Transthor diaphrag hern rpr,22.12
43335,,Transthor diaphrag hern rpr,23.97
43336,,Thorabd diaphr hern repair,25.81
43337,,Thorabd diaphr hern repair,27.65
43338,,Esoph lengthening,2.21
43340,,Fuse esophagus & intestine,22.99
43341,,Fuse esophagus & intestine,24.23
43351,,Surgical opening esophagus,22.05
43352,,Surgical opening esophagus,17.81
43360,,Gastrointestinal repair,40.11
43361,,Gastrointestinal repair,45.68
4340F,,Cnslng chldbrng women epi,0.00
43400,,Ligate esophagus veins,25.60
43405,,Ligate/staple esophagus,24.73
43410,,Repair esophagus wound,16.41
43415,,Repair esophagus wound,44.88
43420,,Repair esophagus opening,16.78
43425,,Repair esophagus opening,25.04
43450,,Dilate esophagus 1/mult pass,1.28
43453,,Dilate esophagus,1.41
43460,,Pressure treatment esophagus,3.79
43496,,Free jejunum flap microvasc,0.00
43497,,Transorl lwr esophgl myotomy,13.29
43499,,Unlisted procedure esophagus,0.00
4350F,,Cnslng provided symp mngmnt,0.00
43500,,Surgical opening of stomach,12.79
43501,,Surgical repair of stomach,22.60
43502,,Surgical repair of stomach,25.69
43510,,Surgical opening of stomach,15.14
43520,,Incision of pyloric muscle,11.29
43605,,Biopsy of stomach,13.72
43610,,Excision of stomach lesion,16.34
43611,,Excision of stomach lesion,20.38
43620,,Removal of stomach,34.04
43621,,Removal of stomach,39.53
43622,,Removal of stomach,40.03
43631,,Removal of stomach partial,24.51
43632,,Removal of stomach partial,35.14
43633,,Removal of stomach partial,33.14
43634,,Removal of stomach partial,36.64
43635,,Removal of stomach partial,2.06
43640,,Vagotomy & pylorus repair,19.56
43641,,Vagotomy & pylorus repair,19.81
43644,,Lap gastric bypass/roux-en-y,29.40
43645,,Lap gastr bypass incl smll i,31.53
43647,,Lap impl electrode antrum,0.00
43648,,Lap revise/remv eltrd antrum,0.00
43651,,Laparoscopy vagus nerve,10.13
43652,,Laparoscopy vagus nerve,12.13
43653,,Laparoscopy gastrostomy,8.48
43659,,Unlisted laps px stomach,0.00
43752,,Nasal/orogastric w/tube plmt,0.81
43753,,Tx gastro intub w/asp,0.45
43754,,Dx gastr intub w/asp spec,0.45
43755,,Dx gastr intub w/asp specs,0.94
43756,,Dx duod intub w/asp spec,0.77
43757,,Dx duod intub w/asp specs,1.26
43761,,Reposition gastrostomy tube,2.01
43762,,Rplc gtube no revj trc,0.75
43763,,Rplc gtube revj gstrst trc,1.41
43770,,Lap place gastr adj device,18.00
43771,,Lap revise gastr adj device,20.79
43772,,Lap rmvl gastr adj device,15.70
43773,,Lap replace gastr adj device,20.79
43774,,Lap rmvl gastr adj all parts,15.76
43775,,Lap sleeve gastrectomy,20.38
43800,,Pyloroplasty,15.43
43810,,Gastroduodenostomy,16.88
43820,,Gastrojejunostomy wo vagotmy,22.53
43825,,Gastrojejunostomy w/vagotomy,21.76
43830,,Gstrst open wo constj tube,10.85
43831,,Gastrostomy open neonatal,8.49
43832,,Gstrst open w/constj tube,17.34
43840,,Repair of stomach lesion,22.83
43842,,V-band gastroplasty,21.03
43843,,Gastroplasty w/o v-band,21.21
43845,,Gastroplasty duodenal switch,33.30
43846,,Gastric bypass for obesity,27.41
43847,,Gastric bypass incl small i,30.28
43848,,Revision gastroplasty,32.75
43860,,Revise stomach-bowel fusion,27.89
43865,,Revise stomach-bowel fusion,29.05
43870,,Repair stomach opening,11.44
43880,,Repair stomach-bowel fistula,27.18
43881,,Impl/redo electrd antrum,0.00
43882,,Revise/remove electrd antrum,0.00
43886,,Revise gastric port open,4.64
43887,,Remove gastric port open,4.32
43888,,Change gastric port open,6.44
43999,,Unlisted procedure stomach,0.00
4400F,,Rehab thxpy options w/pt,0.00
44005,,Freeing of bowel adhesion,18.46
44010,,Incision of small bowel,14.26
44015,,Insert needle cath bowel,2.62
44020,,Explore small intestine,16.22
44021,,Decompress small bowel,16.31
44025,,Incision of large bowel,16.51
44050,,Reduce bowel obstruction,15.52
44055,,Correct malrotation of bowel,25.63
44100,,Biopsy of bowel,2.01
44110,,Excise intestine lesion(s),14.04
44111,,Excision of bowel lesion(s),16.52
44120,,Removal of small intestine,20.82
44121,,Removal of small intestine,4.44
44125,,Removal of small intestine,20.03
44126,,Enterectomy w/o taper cong,42.23
44127,,Enterectomy w/taper cong,49.30
44128,,Enterectomy cong add-on,4.44
44130,,Bowel to bowel fusion,22.11
44132,,Enterectomy cadaver donor,0.00
44133,,Enterectomy live donor,0.00
44135,,Intestine transplnt cadaver,0.00
44136,,Intestine transplant live,0.00
44137,,Remove intestinal allograft,0.00
44139,,Mobilization of colon,2.23
44140,,Partial removal of colon,22.59
44141,,Partial removal of colon,29.91
44143,,Partial removal of colon,27.79
44144,,Partial removal of colon,29.91
44145,,Partial removal of colon,28.58
44146,,Partial removal of colon,35.30
44147,,Partial removal of colon,33.69
44150,,Removal of colon,30.18
44151,,Removal of colon/ileostomy,34.92
44155,,Removal of colon/ileostomy,34.42
44156,,Removal of colon/ileostomy,37.42
44157,,Colectomy w/ileoanal anast,35.70
44158,,Colectomy w/neo-rectum pouch,36.70
44160,,Removal of colon,20.89
44180,,Lap enterolysis,15.27
44186,,Lap jejunostomy,10.38
44187,,Lap ileo/jejuno-stomy,17.40
44188,,Lap colostomy,19.35
44202,,Lap enterectomy,23.39
44203,,Lap resect s/intestine addl,4.44
44204,,Laparo partial colectomy,26.42
44205,,Lap colectomy part w/ileum,22.95
44206,,Lap part colectomy w/stoma,29.79
44207,,L colectomy/coloproctostomy,31.92
44208,,L colectomy/coloproctostomy,33.99
44210,,Laparo total proctocolectomy,30.09
44211,,Lap colectomy w/proctectomy,37.08
44212,,Laparo total proctocolectomy,34.58
44213,,Lap mobil splenic fl add-on,3.50
44227,,Lap close enterostomy,28.62
44238,,Unlisted laps px intestine,0.00
44300,,Open bowel to skin,13.75
44310,,Ileostomy/jejunostomy,17.59
44312,,Revision of ileostomy,9.43
44314,,Revision of ileostomy,16.74
44316,,Devise bowel pouch,23.59
44320,,Colostomy,19.91
44322,,Colostomy with biopsies,13.32
44340,,Revision of colostomy,9.28
44345,,Revision of colostomy,17.22
44346,,Revision of colostomy,19.63
44360,,Small bowel endoscopy,2.49
44361,,Small bowel endoscopy/biopsy,2.77
44363,,Small bowel endoscopy,3.39
44364,,Small bowel endoscopy,3.63
44365,,Small bowel endoscopy,3.21
44366,,Small bowel endoscopy,4.30
44369,,Small bowel endoscopy,4.41
44370,,Small bowel endoscopy/stent,4.69
44372,,Small bowel endoscopy,4.30
44373,,Small bowel endoscopy,3.39
44376,,Small bowel endoscopy,5.15
44377,,Small bowel endoscopy/biopsy,5.42
44378,,Small bowel endoscopy,7.02
44379,,S bowel endoscope w/stent,7.36
44380,,Small bowel endoscopy br/wa,0.87
44381,,Small bowel endoscopy br/wa,1.38
44382,,Small bowel endoscopy,1.17
44384,,Small bowel endoscopy,2.85
44385,,Endoscopy of bowel pouch,1.20
44386,,Endoscopy bowel pouch/biop,1.50
44388,,Colonoscopy thru stoma spx,2.72
44388,53,Colonoscopy thru stoma spx,1.36
44389,,Colonoscopy with biopsy,3.02
44390,,Colonoscopy for foreign body,3.74
44391,,Colonoscopy for bleeding,4.12
44392,,Colonoscopy & polypectomy,3.53
44394,,Colonoscopy w/snare,4.03
44401,,Colonoscopy with ablation,4.34
44402,,Colonoscopy w/stent plcmt,4.70
44403,,Colonoscopy w/resection,5.50
44404,,Colonoscopy w/injection,3.02
44405,,Colonoscopy w/dilation,3.23
44406,,Colonoscopy w/ultrasound,4.10
44407,,Colonoscopy w/ndl aspir/bx,4.96
44408,,Colonoscopy w/decompression,4.14
4450F,,Self-care ed provided to pt,0.00
44500,,Intro gastrointestinal tube,0.39
44602,,Suture small intestine,24.72
44603,,Suture small intestine,28.16
44604,,Suture large intestine,18.16
44605,,Repair of bowel lesion,22.08
44615,,Intestinal stricturoplasty,18.16
44620,,Repair bowel opening,14.43
44625,,Repair bowel opening,17.28
44626,,Repair bowel opening,27.90
44640,,Repair bowel-skin fistula,24.20
44650,,Repair bowel fistula,25.12
44660,,Repair bowel-bladder fistula,23.91
44661,,Repair bowel-bladder fistula,27.35
44680,,Surgical revision intestine,17.96
4470F,,Icd counseling provided,0.00
44700,,Suspend bowel w/prosthesis,17.48
44701,,Intraop colon lavage add-on,3.10
44705,,Prepare fecal microbiota,1.42
44715,,Prepare donor intestine,0.00
44720,,Prep donor intestine/venous,5.00
44721,,Prep donor intestine/artery,7.00
44799,,Unlisted px small intestine,0.00
4480F,,Pt rcvng ace/arb b-blockertx,0.00
44800,,Excision of bowel pouch,12.05
4481F,,Pt rcvng ace/arb blker <3mos,0.00
44820,,Excision of mesentery lesion,13.73
44850,,Repair of mesentery,12.11
44899,,Unlisted px meckel's dvrtclm,0.00
44900,,Drain appendix abscess open,12.57
44950,,Appendectomy,10.60
44955,,Appendectomy add-on,1.53
44960,,Appendectomy,14.50
44970,,Laparoscopy appendectomy,9.45
44979,,Unlisted laps px appendix,0.00
4500F,,Ref to outpt card rehab prog,0.00
45000,,Drainage of pelvic abscess,6.30
45005,,Drainage of rectal abscess,2.02
45020,,Drainage of rectal abscess,8.56
4510F,,Prev cardrehab qualcardevent,0.00
45100,,Biopsy of rectum,4.04
45108,,Anorectal myomectomy,5.12
45110,,Removal of rectum,30.76
45111,,Partial removal of rectum,18.01
45112,,Removal of rectum,33.18
45113,,Partial proctectomy,33.22
45114,,Partial removal of rectum,30.79
45116,,Partial removal of rectum,27.72
45119,,Remove rectum w/reservoir,33.48
45120,,Removal of rectum,26.40
45121,,Removal of rectum and colon,29.08
45123,,Partial proctectomy,18.86
45126,,Pelvic exenteration,49.10
45130,,Excision of rectal prolapse,18.50
45135,,Excision of rectal prolapse,22.36
45136,,Excise ileoanal reservior,30.82
45150,,Excision of rectal stricture,5.85
45160,,Excision of rectal lesion,16.33
45171,,Exc rect tum transanal part,8.13
45172,,Exc rect tum transanal full,12.13
45190,,Destruction rectal tumor,10.42
4525F,,Neuropsychia interven order,0.00
4526F,,Neuropsychia interven rcvd,0.00
45300,,Proctosigmoidoscopy dx,0.80
45303,,Proctosigmoidoscopy dilate,1.40
45305,,Proctosigmoidoscopy w/bx,1.15
45307,,Proctosigmoidoscopy fb,1.60
45308,,Proctosigmoidoscopy removal,1.30
45309,,Proctosigmoidoscopy removal,1.40
45315,,Proctosigmoidoscopy removal,1.70
45317,,Proctosigmoidoscopy bleed,1.90
45320,,Proctosigmoidoscopy ablate,1.68
45321,,Proctosigmoidoscopy volvul,1.65
45327,,Proctosigmoidoscopy w/stent,1.90
45330,,Diagnostic sigmoidoscopy,0.84
45331,,Sigmoidoscopy and biopsy,1.14
45332,,Sigmoidoscopy w/fb removal,1.76
45333,,Sigmoidoscopy & polypectomy,1.55
45334,,Sigmoidoscopy for bleeding,2.00
45335,,Sigmoidoscopy w/submuc inj,1.04
45337,,Sigmoidoscopy & decompress,2.10
45338,,Sigmoidoscopy w/tumr remove,2.05
45340,,Sig w/tndsc balloon dilation,1.25
45341,,Sigmoidoscopy w/ultrasound,2.12
45342,,Sigmoidoscopy w/us guide bx,2.98
45346,,Sigmoidoscopy w/ablation,2.81
45347,,Sigmoidoscopy w/plcmt stent,2.72
45349,,Sigmoidoscopy w/resection,3.52
45350,,Sgmdsc w/band ligation,1.68
45378,,Diagnostic colonoscopy,3.26
45378,53,Diagnostic colonoscopy,1.63
45379,,Colonoscopy w/fb removal,4.28
45380,,Colonoscopy and biopsy,3.56
45381,,Colonoscopy submucous njx,3.56
45382,,Colonoscopy w/control bleed,4.66
45384,,Colonoscopy w/lesion removal,4.07
45385,,Colonoscopy w/lesion removal,4.57
45386,,Colonoscopy w/balloon dilat,3.77
45388,,Colonoscopy w/ablation,4.88
45389,,Colonoscopy w/stent plcmt,5.24
45390,,Colonoscopy w/resection,6.04
45391,,Colonoscopy w/endoscope us,4.64
45392,,Colonoscopy w/endoscopic fnb,5.50
45393,,Colonoscopy w/decompression,4.68
45395,,Lap removal of rectum,33.00
45397,,Lap remove rectum w/pouch,36.50
45398,,Colonoscopy w/band ligation,4.20
45399,,Unlisted procedure colon,0.00
4540F,,Disease modif pharmacothxpy,0.00
45400,,Laparoscopic proc,19.44
45402,,Lap proctopexy w/sig resect,26.51
4541F,,Pt offered tx for pseudobulb,0.00
45499,,Laparoscope proc rectum,0.00
4550F,,Noninvas resp support talk,0.00
45500,,Repair of rectum,7.73
45505,,Repair of rectum,8.36
4551F,,Nutritional support offered,0.00
4552F,,Pt ref for speech lang path,0.00
45520,,Treatment of rectal prolapse,0.55
4553F,,Pt asst re end life issues,0.00
4554F,,Pt recvd inhal anesthetic,0.00
45540,,Correct rectal prolapse,18.12
45541,,Correct rectal prolapse,14.85
4555F,,Pt recvd no inhal anesthic,0.00
45550,,Repair rectum/remove sigmoid,24.80
4556F,,Pt w/3+ post-op nausea&vom,0.00
45560,,Repair of rectocele,11.50
45562,,Exploration/repair of rectum,17.98
45563,,Exploration/repair of rectum,26.38
4557F,,Pt w/o 3+ post-opnausea&vom,0.00
4558F,,Pt recvd 2 rx anti-emet agt,0.00
4559F,,1 bodytemp >=35.5cw/in 30min,0.00
4560F,,Anesth w/o gen/neurax anesth,0.00
4561F,,Pt w/ coronary artery stent,0.00
4562F,,Pt w/o coronary artery stent,0.00
4563F,,Pt recvd aspirin w/in 24 hrs,0.00
45800,,Repair rect/bladder fistula,20.31
45805,,Repair fistula w/colostomy,23.32
45820,,Repair rectourethral fistula,20.37
45825,,Repair fistula w/colostomy,24.17
45900,,Reduction of rectal prolapse,2.99
45905,,Dilation of anal sphincter,2.35
45910,,Dilation of rectal narrowing,2.85
45915,,Remove rectal obstruction,3.19
45990,,Surg dx exam anorectal,1.80
45999,,Unlisted procedure rectum,0.00
46020,,Placement of seton,1.86
46030,,Removal anal seton oth mrk,1.48
46040,,Incision of rectal abscess,5.37
46045,,Incision of rectal abscess,5.87
46050,,Incision of anal abscess,1.24
46060,,Incision of rectal abscess,6.37
46070,,Incision anal septum infant,2.79
46080,,Incision of anal sphincter,2.52
46083,,Incise external hemorrhoid,1.45
46200,,Removal of anal fissure,3.59
46220,,Excise anal ext tag/papilla,1.61
46221,,Ligation of hemorrhoid(s),2.36
46230,,Removal of anal tags,2.62
46250,,Remove ext hem groups 2+,4.25
46255,,Remove int/ext hem 1 group,4.96
46257,,Remove in/ex hem grp & fiss,5.76
46258,,Remove in/ex hem grp w/fistu,6.41
46260,,Remove in/ex hem groups 2+,6.73
46261,,Remove in/ex hem grps & fiss,7.76
46262,,Remove in/ex hem grps w/fist,7.91
46270,,Remove anal fist subq,4.92
46275,,Remove anal fist inter,5.42
46280,,Remove anal fist complex,6.39
46285,,Remove anal fist 2 stage,5.42
46288,,Repair anal fistula,7.81
46320,,Removal of hemorrhoid clot,1.64
46500,,Injection into hemorrhoid(s),1.74
46505,,Chemodenervation anal musc,3.18
46600,,Diagnostic anoscopy spx,0.55
46601,,Diagnostic anoscopy,1.60
46604,,Anoscopy and dilation,1.03
46606,,Anoscopy and biopsy,1.20
46607,,Diagnostic anoscopy & biopsy,2.20
46608,,Anoscopy remove for body,1.30
46610,,Anoscopy remove lesion,1.28
46611,,Anoscopy,1.30
46612,,Anoscopy remove lesions,1.50
46614,,Anoscopy control bleeding,1.00
46615,,Anoscopy,1.50
46700,,Repair of anal stricture,9.81
46705,,Repair of anal stricture,7.43
46706,,Repr of anal fistula w/glue,2.44
46707,,Repair anorectal fist w/plug,6.39
46710,,Repr per/vag pouch sngl proc,17.14
46712,,Repr per/vag pouch dbl proc,36.45
46715,,Rep perf anoper fistu,7.62
46716,,Rep perf anoper/vestib fistu,17.54
46730,,Construction of absent anus,30.65
46735,,Construction of absent anus,36.14
46740,,Construction of absent anus,33.90
46742,,Repair of imperforated anus,40.14
46744,,Repair of cloacal anomaly,58.94
46746,,Repair of cloacal anomaly,65.44
46748,,Repair of cloacal anomaly,71.42
46750,,Repair of anal sphincter,12.15
46751,,Repair of anal sphincter,9.30
46753,,Reconstruction of anus,8.89
46754,,Removal of suture from anus,3.01
46760,,Repair of anal sphincter,17.45
46761,,Repair of anal sphincter,15.29
46900,,Destruction anal lesion(s),1.91
46910,,Destruction anal lesion(s),1.91
46916,,Cryosurgery anal lesion(s),1.91
46917,,Laser surgery anal lesions,1.91
46922,,Excision of anal lesion(s),1.91
46924,,Destruction anal lesion(s),2.81
46930,,Destroy internal hemorrhoids,1.61
46940,,Treatment of anal fissure,2.35
46942,,Treatment of anal fissure,2.07
46945,,Int hrhc lig 1 hroid w/o img,3.69
46946,,Int hrhc lig 2+hroid w/o img,4.50
46947,,Hemorrhoidopexy by stapling,5.57
46948,,Int hrhc tranal dartlzj 2+,5.57
46999,,Unlisted procedure anus,0.00
47000,,Needle biopsy of liver perq,1.65
47001,,Ndl biopsy lvr tm oth maj px,1.90
47010,,Hepatot opn drg absc/cst 1/2,19.40
47015,,Lapt aspir&/njx hep prst cst,18.50
47100,,Wedge biopsy of liver,12.91
47120,,Partial removal of liver,39.01
47122,,Extensive removal of liver,59.48
47125,,Partial removal of liver,53.04
47130,,Partial removal of liver,57.19
47133,,Removal of donor liver,0.00
47135,,Transplantation of liver,90.00
47140,,Partial removal donor liver,59.40
47141,,Partial removal donor liver,71.50
47142,,Partial removal donor liver,79.44
47143,,Prep donor liver whole,0.00
47144,,Prep donor liver 3-segment,0.00
47145,,Prep donor liver lobe split,0.00
47146,,Prep donor liver/venous,6.00
47147,,Prep donor liver/arterial,7.00
47300,,Surgery for liver lesion,18.14
47350,,Repair liver wound,22.49
47360,,Repair liver wound,31.31
47361,,Repair liver wound,52.60
47362,,Repair liver wound,23.54
47370,,Laparo ablate liver tumor rf,20.80
47371,,Laparo ablate liver cryosurg,20.80
47379,,Unlisted laps px liver,0.00
47380,,Open ablate liver tumor rf,24.56
47381,,Open ablate liver tumor cryo,24.88
47382,,Percut ablate liver rf,14.97
47383,,Perq abltj lvr cryoablation,8.88
47399,,Unlisted procedure liver,0.00
47400,,Incision of liver duct,36.36
47420,,Incision of bile duct,22.03
47425,,Incision of bile duct,22.31
47460,,Incise bile duct sphincter,20.52
47480,,Incision of gallbladder,13.25
47490,,Incision of gallbladder,4.76
47531,,Injection for cholangiogram,1.30
47532,,Injection for cholangiogram,4.25
47533,,Plmt biliary drainage cath,5.38
47534,,Plmt biliary drainage cath,7.60
47535,,Conversion ext bil drg cath,3.95
47536,,Exchange biliary drg cath,2.61
47537,,Removal biliary drg cath,1.84
47538,,Perq plmt bile duct stent,4.75
47539,,Perq plmt bile duct stent,8.75
47540,,Perq plmt bile duct stent,9.03
47541,,Plmt access bil tree sm bwl,6.75
47542,,Dilate biliary duct/ampulla,2.85
47543,,Endoluminal bx biliary tree,3.00
47544,,Removal duct glbldr calculi,3.28
47550,,Bile duct endoscopy add-on,3.02
47552,,Biliary endo perq dx w/speci,6.03
47553,,Biliary endoscopy thru skin,6.34
47554,,Biliary endoscopy thru skin,9.05
47555,,Biliary endoscopy thru skin,7.55
47556,,Biliary endoscopy thru skin,8.55
47562,,Laparoscopic cholecystectomy,10.47
47563,,Laparo cholecystectomy/graph,11.47
47564,,Laparo cholecystectomy/explr,18.00
47570,,Laparo cholecystoenterostomy,12.56
47579,,Unlisted laps px biliary trc,0.00
47600,,Cholecystectomy,17.48
47605,,Cholecystectomy w/cholang,18.48
47610,,Removal of gallbladder,20.92
47612,,Removal of gallbladder,21.21
47620,,Removal of gallbladder,23.07
47700,,Exploration of bile ducts,16.50
47701,,Bile duct revision,28.73
47711,,Excision of bile duct tumor,25.90
47712,,Excision of bile duct tumor,33.72
47715,,Excision of bile duct cyst,21.55
47720,,Fuse gallbladder & bowel,18.34
47721,,Fuse upper gi structures,21.99
47740,,Fuse gallbladder & bowel,21.23
47741,,Fuse gallbladder & bowel,24.21
47760,,Fuse bile ducts and bowel,38.32
47765,,Fuse liver ducts & bowel,52.19
47780,,Fuse bile ducts and bowel,42.32
47785,,Fuse bile ducts and bowel,56.19
47800,,Reconstruction of bile ducts,26.17
47801,,Placement bile duct support,17.60
47900,,Suture bile duct injury,22.44
47999,,Unlisted px biliary tract,0.00
48000,,Drainage of abdomen,31.95
48001,,Placement of drain pancreas,39.69
48020,,Removal of pancreatic stone,19.09
48100,,Biopsy of pancreas open,14.46
48102,,Needle biopsy pancreas,4.70
48105,,Resect/debride pancreas,49.26
48120,,Removal of pancreas lesion,18.41
48140,,Partial removal of pancreas,26.32
48145,,Partial removal of pancreas,27.39
48146,,Pancreatectomy,30.60
48148,,Removal of pancreatic duct,20.39
48150,,Partial removal of pancreas,52.84
48152,,Pancreatectomy,48.65
48153,,Pancreatectomy,52.79
48154,,Pancreatectomy,48.88
48155,,Removal of pancreas,29.45
48160,,Pancreas removal/transplant,0.00
48400,,Injection intraop add-on,1.95
48500,,Surgery of pancreatic cyst,18.16
48510,,Drain pancreatic pseudocyst,17.19
48520,,Fuse pancreas cyst and bowel,18.15
48540,,Fuse pancreas cyst and bowel,21.94
48545,,Pancreatorrhaphy,22.23
48547,,Duodenal exclusion,30.38
48548,,Fuse pancreas and bowel,28.09
48550,,Donor pancreatectomy,0.00
48551,,Prep donor pancreas,0.00
48552,,Prep donor pancreas/venous,4.30
48554,,Transpl allograft pancreas,37.80
48556,,Removal allograft pancreas,19.47
48999,,Unlisted procedure pancreas,0.00
49000,,Exploration of abdomen,12.54
49002,,Reopening of abdomen,17.63
49010,,Exploration behind abdomen,16.06
49013,,Prpertl pel pack hemrrg trma,8.35
49014,,Reexploration pelvic wound,6.73
49020,,Drainage abdom abscess open,26.67
49040,,Drain open abdom abscess,16.52
49060,,Drain open retroperi abscess,18.53
49062,,Drain to peritoneal cavity,12.22
49082,,Abd paracentesis,1.24
49083,,Abd paracentesis w/imaging,2.00
49084,,Peritoneal lavage,2.00
49180,,Biopsy abdominal mass,1.73
49185,,Sclerotx fluid collection,2.35
49186,,Opn exc/dstr ntra-abd 5 cm/<,22.00
49187,,Opn exc/dstr ntra-abd 5.1-10,28.65
49188,,Opn exc/dst ntra-abd 10.1-20,34.00
49189,,Opn exc/dst ntra-abd 20.1-30,40.00
49190,,Opn exc/dstr ntra-abd >30 cm,50.00
49215,,Excise sacral spine tumor,37.81
49250,,Excision of umbilicus,9.01
49255,,Removal of omentum,12.56
49320,,Diag laparo separate proc,5.14
49321,,Laparoscopy biopsy,5.44
49322,,Laparoscopy aspiration,6.01
49323,,Laparo drain lymphocele,10.23
49324,,Lap insert tunnel ip cath,6.32
49325,,Lap revision perm ip cath,6.82
49326,,Lap w/omentopexy add-on,3.50
49327,,Lap ins device for rt,2.38
49329,,Unlstd laps px abd pertm&omn,0.00
49400,,Air injection into abdomen,1.88
49402,,Remove foreign body adbomen,14.09
49405,,Image cath fluid colxn visc,4.00
49406,,Image cath fluid peri/retro,4.00
49407,,Image cath fluid trns/vgnl,4.25
49411,,Ins mark abd/pel for rt perq,3.57
49412,,Ins device for rt guide open,1.50
49418,,Insert tun ip cath perc,3.96
49419,,Insert tun ip cath w/port,7.08
49421,,Ins tun ip cath for dial opn,4.21
49422,,Remove tunneled ip cath,4.00
49423,,Exchange drainage catheter,1.46
49424,,Assess cyst contrast inject,0.76
49425,,Insert abdomen-venous drain,12.22
49426,,Revise abdomen-venous shunt,10.41
49427,,Injection abdominal shunt,0.89
49428,,Ligation of shunt,6.87
49429,,Removal of shunt,7.44
49435,,Insert subq exten to ip cath,2.25
49436,,Embedded ip cath exit-site,2.72
49440,,Place gastrostomy tube perc,3.93
49441,,Place duod/jej tube perc,4.52
49442,,Place cecostomy tube perc,3.75
49446,,Change g-tube to g-j perc,3.06
49450,,Replace g/c tube perc,1.36
49451,,Replace duod/jej tube perc,1.84
49452,,Replace g-j tube perc,2.86
49460,,Fix g/colon tube w/device,0.96
49465,,Fluoro exam of g/colon tube,0.62
49491,,Rpr hern preemie reduc,12.53
49492,,Rpr ing hern premie blocked,15.43
49495,,Rpr ing hernia baby reduc,6.20
49496,,Rpr ing hernia baby blocked,9.42
49500,,Rpr ing hernia init reduce,5.84
49501,,Rpr ing hernia init blocked,9.36
49505,,Prp i/hern init reduc >5 yr,7.96
49507,,Prp i/hern init block >5 yr,9.09
49520,,Rerepair ing hernia reduce,9.99
49521,,Rerepair ing hernia blocked,11.48
49525,,Repair ing hernia sliding,8.93
49540,,Repair lumbar hernia,10.74
49550,,Rpr rem hernia init reduce,8.99
49553,,Rpr fem hernia init blocked,9.92
49555,,Rerepair fem hernia reduce,9.39
49557,,Rerepair fem hernia blocked,11.62
49591,,Rpr aa hrn 1st < 3 cm rdc,5.96
49592,,Rpr aa hrn 1st < 3 ncr/strn,8.46
49593,,Rpr aa hrn 1st 3-10 rdc,10.26
49594,,Rpr aa hrn 1st 3-10 ncr/strn,13.46
49595,,Rpr aa hrn 1st > 10 rdc,13.94
49596,,Rpr aa hrn 1st > 10 ncr/strn,18.67
49600,,Repair umbilical lesion,11.55
49605,,Repair umbilical lesion,87.09
49606,,Repair umbilical lesion,19.00
49610,,Repair umbilical lesion,10.91
49611,,Repair umbilical lesion,9.34
49613,,Rpr aa hrn rcr < 3 rdc,7.42
49614,,Rpr aa hrn rcr < 3 ncr/strn,10.25
49615,,Rpr aa hrn rcr 3-10 rdc,11.46
49616,,Rpr aa hrn rcr 3-10 ncr/strn,15.55
49617,,Rpr aa hrn rcr > 10 rdc,16.03
49618,,Rpr aa hrn rcr > 10 ncr/strn,22.67
49621,,Rpr parastomal hernia rdc,13.70
49622,,Rpr parastomal hrna ncr/strn,17.06
49623,,Rmvl ninfct mesh hernia rpr,3.75
49650,,Lap ing hernia repair init,6.36
49651,,Lap ing hernia repair recur,8.38
49659,,Unlstd laps px hrnap hrnrphy,0.00
49900,,Repair of abdominal wall,12.41
49904,,Omental flap extra-abdom,22.35
49905,,Omental flap intra-abdom,6.54
49906,,Free omental flap microvasc,0.00
49999,,Unlisted px abd pertm&omn,0.00
50010,,Renal exploration,12.28
50020,,Drg perirnl/renal absc open,18.08
50040,,Nfros nfrot w/drg,16.68
50045,,Nephrotomy w/exploration,16.82
5005F,,Pt counsld on exam for moles,0.00
50060,,Nl removal calculus,20.95
50065,,Nl sec surg operj calculus,22.32
50070,,Nl comp cgen kdn abnormality,21.85
50075,,Nl rmvl lg staghorn calculus,27.09
50080,,Perq nl/pl lithotrp smpl<2cm,12.41
50081,,Perq nl/pl lithotrp cplx>2cm,20.91
5010F,,Macul result phy/qhp mng dm,0.00
50100,,Trnsxj/repos abrrnt rnl vsls,17.45
50120,,Pyelotomy w/exploration,17.21
50125,,Pyelotomy w/drg pyelostomy,17.82
50130,,Pyelotomy w/removal calculus,18.82
5015F,,Doc fx & test/txmnt for op,0.00
5020F,,Txmnts 2 phys/qhp by 1 mon,0.00
50200,,Renal biopsy perq,2.38
50205,,Renal bx surg exposure kdn,12.29
50220,,Remove kidney open,18.68
50225,,Removal kidney open complex,21.88
50230,,Removal kidney open radical,23.81
50234,,Removal of kidney & ureter,24.05
50236,,Removal of kidney & ureter,26.94
50240,,Nephrectomy partial,24.21
50250,,Opn abltj 1/> rnl mas crysrg,22.22
50280,,Exc/unroofing cyst kidney,17.09
50290,,Excision perinephric cyst,16.15
50300,,Remove cadaver donor kidney,0.00
50320,,Remove kidney living donor,22.43
50323,,Prep cadaver renal allograft,0.00
50325,,Prep donor renal graft,0.00
50327,,Prep renal graft/venous,4.00
50328,,Prep renal graft/arterial,3.50
50329,,Prep renal graft/ureteral,3.34
50340,,Recipient nephrectomy,14.04
50360,,Rnl altrnsplj w/o rcp nfrct,39.88
50365,,Rnl altrnsplj w/rcp nfrct,46.13
50370,,Rmvl transplanted rnl algrft,18.88
50380,,Rnl autotrnsplj rimpltj kdn,30.11
50382,,Change ureter stent percut,5.25
50384,,Remove ureter stent percut,4.75
50385,,Change stent via transureth,4.19
50386,,Remove stent via transureth,3.05
50387,,Change nephroureteral cath,1.75
50389,,Remove renal tube w/fluoro,1.10
50390,,Drainage of kidney lesion,1.96
50391,,Instll rx agnt into rnal tub,1.96
50396,,Measure kidney pressure,2.09
50400,,Revision of kidney/ureter,21.27
50405,,Revision of kidney/ureter,25.86
50430,,Njx px nfrosgrm &/urtrgrm,2.90
50431,,Njx px nfrosgrm &/urtrgrm,1.10
50432,,Plmt nephrostomy catheter,4.00
50433,,Plmt nephroureteral catheter,5.05
50434,,Convert nephrostomy catheter,3.75
50435,,Exchange nephrostomy cath,1.82
50436,,Dilat xst trc ndurlgc px,2.78
50437,,Dilat xst trc new access rcs,4.85
5050F,,Plan 2 main dr by 1 month,0.00
50500,,Repair of kidney wound,21.22
50520,,Close kidney-skin fistula,18.88
50525,,Close nephrovisceral fistula,24.39
50526,,Close nephrovisceral fistula,26.31
50540,,Revision of horseshoe kidney,21.10
50541,,Laparo ablate renal cyst,16.86
50542,,Laparo ablate renal mass,21.36
50543,,Laparo partial nephrectomy,27.41
50544,,Laparoscopy pyeloplasty,23.37
50545,,Laparo radical nephrectomy,25.06
50546,,Laparoscopic nephrectomy,21.87
50547,,Laparo removal donor kidney,26.34
50548,,Laparo remove w/ureter,25.36
50549,,Unlisted laps px renal,0.00
50551,,Kidney endoscopy,5.59
50553,,Kidney endoscopy,5.98
50555,,Kidney endoscopy & biopsy,6.52
50557,,Kidney endoscopy & treatment,6.61
50561,,Kidney endoscopy & treatment,7.58
50562,,Renal scope w/tumor resect,10.90
50570,,Kidney endoscopy,9.53
50572,,Kidney endoscopy,10.33
50574,,Kidney endoscopy & biopsy,11.00
50575,,Kidney endoscopy,13.96
50576,,Kidney endoscopy & treatment,10.97
50580,,Kidney endoscopy & treatment,11.84
50590,,Fragmenting of kidney stone,9.77
50592,,Perc rf ablate renal tumor,6.55
50593,,Perc cryo ablate renal tum,8.88
5060F,,Fndngs mammo 2pt w/in 3 days,0.00
50600,,Exploration of ureter,17.17
50605,,Insert ureteral support,16.79
50606,,Endoluminal bx urtr rnl plvs,3.16
50610,,Removal of ureter stone,17.25
5062F,,Mammo result com to pt 5 day,0.00
50620,,Removal of ureter stone,16.43
50630,,Removal of ureter stone,16.21
50650,,Removal of ureter,18.82
50660,,Removal of ureter,21.02
50684,,Injection for ureter x-ray,0.76
50686,,Measure ureter pressure,1.51
50688,,Change of ureter tube/stent,1.20
50690,,Injection for ureter x-ray,1.16
50693,,Plmt ureteral stent prq,3.96
50694,,Plmt ureteral stent prq,5.25
50695,,Plmt ureteral stent prq,6.80
50700,,Revision of ureter,16.69
50705,,Ureteral embolization/occl,4.03
50706,,Balloon dilate urtrl strix,3.80
50715,,Release of ureter,20.64
50722,,Release of ureter,17.95
50725,,Release/revise ureter,20.20
50727,,Revise ureter,8.28
50728,,Revise ureter,12.18
50740,,Fusion of ureter & kidney,20.07
50750,,Fusion of ureter & kidney,21.22
50760,,Ureteroureterostomy,20.07
50770,,Splicing of ureters,21.22
50780,,Reimplant ureter in bladder,19.95
50782,,Reimplant ureter in bladder,19.66
50783,,Reimplant ureter in bladder,20.70
50785,,Reimplant ureter in bladder,22.23
50800,,Implant ureter in bowel,16.41
50810,,Fusion of ureter & bowel,22.61
50815,,Urine shunt to intestine,22.26
50820,,Construct bowel bladder,24.07
50825,,Construct bowel bladder,30.68
50830,,Revise urine flow,33.77
50840,,Replace ureter by bowel,22.39
50845,,Appendico-vesicostomy,22.46
50860,,Transplant ureter to skin,17.08
50900,,Repair of ureter,15.04
50920,,Closure ureter/skin fistula,15.81
50930,,Closure ureter/bowel fistula,20.19
50940,,Release of ureter,15.93
50945,,Laparoscopy ureterolithotomy,17.97
50947,,Laparo new ureter/bladder,25.78
50948,,Laparo new ureter/bladder,23.82
50949,,Unlisted laps px ureter,0.00
50951,,Endoscopy of ureter,5.83
50953,,Endoscopy of ureter,6.23
50955,,Ureter endoscopy & biopsy,6.74
50957,,Ureter endoscopy & treatment,6.78
50961,,Ureter endoscopy & treatment,6.04
50970,,Ureter endoscopy,7.13
50972,,Ureter endoscopy & catheter,6.88
50974,,Ureter endoscopy & biopsy,9.16
50976,,Ureter endoscopy & treatment,9.03
50980,,Ureter endoscopy & treatment,6.84
5100F,,Rsk fx ref w/n 24 hrs xray,0.00
51020,,Cystotomy/cystostomy w/fulg,7.69
51040,,Incise & drain bladder,4.49
51045,,Incise bladder/drain ureter,7.81
51050,,Removal of bladder stone,7.97
51060,,Removal of ureter stone,9.95
51065,,Remove ureter calculus,9.95
51080,,Drainage of bladder abscess,6.71
51100,,Drain bladder by needle,0.78
51101,,Drain bladder by trocar/cath,1.02
51102,,Drain bl w/cath insertion,2.70
51500,,Removal of bladder cyst,11.05
51520,,Removal of bladder lesion,10.21
51525,,Removal of bladder lesion,15.42
51530,,Removal of bladder lesion,13.71
51535,,Repair of ureter lesion,13.90
51550,,Partial removal of bladder,17.23
51555,,Partial removal of bladder,23.18
51565,,Revise bladder & ureter(s),23.68
51570,,Removal of bladder,27.46
51575,,Removal of bladder & nodes,34.18
51580,,Remove bladder/revise tract,35.37
51585,,Removal of bladder & nodes,39.64
51590,,Remove bladder/revise tract,36.33
51595,,Remove bladder/revise tract,41.32
51596,,Remove bladder/create pouch,44.26
51597,,Removal of pelvic structures,42.86
51600,,Injection for bladder x-ray,0.88
51605,,Preparation for bladder xray,0.64
51610,,Injection for bladder x-ray,1.05
51700,,Irrigation of bladder,0.60
51701,,Insert bladder catheter,0.50
51702,,Insert temp bladder cath,0.50
51703,,Insert bladder cath complex,1.47
51705,,Change of bladder tube,0.90
51710,,Change of bladder tube,1.35
51715,,Endoscopic injection/implant,3.73
51720,,Treatment of bladder lesion,0.87
51721,,Ins trurl ablt trnsdc thr us,4.05
51725,,Simple cystometrogram,1.51
51725,TC,Simple cystometrogram,0.00
51725,26,Simple cystometrogram,1.51
51726,,Complex cystometrogram,1.71
51726,TC,Complex cystometrogram,0.00
51726,26,Complex cystometrogram,1.71
51727,,Cystometrogram w/up,2.11
51727,TC,Cystometrogram w/up,0.00
51727,26,Cystometrogram w/up,2.11
51728,,Cystometrogram w/vp,2.11
51728,TC,Cystometrogram w/vp,0.00
51728,26,Cystometrogram w/vp,2.11
51729,,Cystometrogram w/vp&up,2.51
51729,TC,Cystometrogram w/vp&up,0.00
51729,26,Cystometrogram w/vp&up,2.51
51736,,Urine flow measurement,0.17
51736,TC,Urine flow measurement,0.00
51736,26,Urine flow measurement,0.17
51741,,Electro-uroflowmetry first,0.17
51741,TC,Electro-uroflowmetry first,0.00
51741,26,Electro-uroflowmetry first,0.17
51784,,Anal/urinary muscle study,0.75
51784,TC,Anal/urinary muscle study,0.00
51784,26,Anal/urinary muscle study,0.75
51785,,Anal/urinary muscle study,1.53
51785,TC,Anal/urinary muscle study,0.00
51785,26,Anal/urinary muscle study,1.53
51792,,Urinary reflex study,1.10
51792,TC,Urinary reflex study,0.00
51792,26,Urinary reflex study,1.10
51797,,Intraabdominal pressure test,0.80
51797,TC,Intraabdominal pressure test,0.00
51797,26,Intraabdominal pressure test,0.80
51798,,Us urine capacity measure,0.00
51800,,Revision of bladder/urethra,18.89
51820,,Revision of urinary tract,19.59
51840,,Attach bladder/urethra,11.36
51841,,Attach bladder/urethra,13.68
51845,,Repair bladder neck,10.15
51860,,Repair of bladder wound,12.60
51865,,Repair of bladder wound,15.80
51880,,Repair of bladder opening,7.87
51900,,Repair bladder/vagina lesion,14.63
51920,,Close bladder-uterus fistula,13.41
51925,,Hysterectomy/bladder repair,17.53
51940,,Correction of bladder defect,30.66
51960,,Revision of bladder & bowel,25.40
51980,,Construct bladder opening,12.57
51990,,Laparo urethral suspension,13.36
51992,,Laparo sling operation,14.87
51999,,Unlisted laps px bladder,0.00
5200F,,Eval appros surg thxpy epi,0.00
52000,,Cystourethroscopy,1.53
52001,,Cysto w/irrg&evac mlt clots,5.44
52005,,Cysto w/urtrl cathj,2.37
52007,,Cysto urtrl cathj brush bx,3.02
52010,,Cystoscopy & duct catheter,3.02
52204,,Cystoscopy w/biopsy(s),2.59
52214,,Cystoscopy and treatment,3.50
52224,,Cystoscopy and treatment,4.05
52234,,Cystoscopy and treatment,4.62
52235,,Cystoscopy and treatment,5.44
52240,,Cystoscopy and treatment,7.50
52250,,Cystoscopy and radiotracer,4.49
52260,,Cystoscopy and treatment,3.91
52265,,Cystoscopy and treatment,2.94
52270,,Cystoscopy & revise urethra,3.36
52275,,Cystoscopy & revise urethra,4.69
52276,,Cystoscopy and treatment,4.99
52277,,Cystoscopy and treatment,6.16
52281,,Cystoscopy and treatment,2.75
52282,,Cystoscopy implant stent,6.39
52283,,Cystoscopy and treatment,3.73
52284,,Cysto rx balo cath urtl strx,3.10
52285,,Cystoscopy and treatment,3.60
52287,,Cystoscopy chemodenervation,3.20
52290,,Cystoscopy and treatment,4.58
52300,,Cystoscopy and treatment,5.30
52301,,Cystoscopy and treatment,5.50
52305,,Cystoscopy and treatment,5.30
52310,,Cystoscopy and treatment,2.81
52315,,Cystoscopy and treatment,5.20
52317,,Remove bladder stone,6.71
52318,,Remove bladder stone,9.18
52320,,Cystoscopy and treatment,4.69
52325,,Cystoscopy stone removal,6.15
52327,,Cystoscopy inject material,5.18
52330,,Cystoscopy and treatment,5.03
52332,,Cystoscopy and treatment,2.82
52334,,Create passage to kidney,3.37
52341,,Cysto w/ureter stricture tx,5.35
52342,,Cysto w/up stricture tx,5.85
52343,,Cysto w/renal stricture tx,6.55
52344,,Cysto/uretero stricture tx,7.05
52345,,Cysto/uretero w/up stricture,7.55
52346,,Cystouretero w/renal strict,8.58
52351,,Cystouretero & or pyeloscope,5.75
52352,,Cystouretero w/stone remove,6.75
52353,,Cystouretero w/lithotripsy,7.50
52354,,Cystouretero w/biopsy,8.00
52355,,Cystouretero w/excise tumor,9.00
52356,,Cysto/uretero w/lithotripsy,8.00
52400,,Cystouretero w/congen repr,8.69
52402,,Cystourethro cut ejacul duct,5.27
52441,,Cystourethro w/implant,4.00
52442,,Cystourethro w/addl implant,1.01
52450,,Incision of prostate,7.78
5250F,,Asthma discharge plan presnt,0.00
52500,,Revision of bladder neck,8.14
52601,,Prostatectomy (turp),13.16
52630,,Remove prostate regrowth,6.55
52640,,Relieve bladder contracture,4.79
52647,,Laser surgery of prostate,11.30
52648,,Laser surgery of prostate,12.15
52649,,Prostate laser enucleation,14.56
52700,,Drainage of prostate abscess,7.49
53000,,Incision of urethra,2.33
53010,,Incision of urethra,4.45
53020,,Incision of urethra,1.77
53025,,Incision of urethra,1.13
53040,,Drainage of urethra abscess,6.55
53060,,Drainage of urethra abscess,2.68
53080,,Drainage of urinary leakage,6.92
53085,,Drainage of urinary leakage,11.18
53200,,Biopsy of urethra,2.59
53210,,Removal of urethra,13.72
53215,,Removal of urethra,16.85
53220,,Treatment of urethra lesion,7.63
53230,,Removal of urethra lesion,10.44
53235,,Removal of urethra lesion,10.99
53240,,Surgery for urethra pouch,7.08
53250,,Removal of urethra gland,6.52
53260,,Treatment of urethra lesion,3.03
53265,,Treatment of urethra lesion,3.17
53270,,Removal of urethra gland,3.14
53275,,Repair of urethra defect,4.57
53400,,Revise urethra stage 1,14.13
53405,,Revise urethra stage 2,15.66
53410,,Reconstruction of urethra,17.68
53415,,Reconstruction of urethra,20.70
53420,,Reconstruct urethra stage 1,15.17
53425,,Reconstruct urethra stage 2,17.07
53430,,Reconstruction of urethra,17.43
53431,,Reconstruct urethra/bladder,21.18
53440,,Male sling procedure,13.36
53442,,Remove/revise male sling,13.49
53444,,Insert tandem cuff,14.19
53445,,Insert uro/ves nck sphincter,13.00
53446,,Remove uro sphincter,11.02
53447,,Remove/replace ur sphincter,14.28
53448,,Remov/replc ur sphinctr comp,23.44
53449,,Repair uro sphincter,10.56
53450,,Revision of urethra,6.77
53451,,Tprnl balo cntnc dev bi,0.00
53452,,Tprnl balo cntnc dev uni,0.00
53453,,Tprnl balo cntnc dev rmvl ea,0.00
53454,,Tprnl balo cntnc dev adjmt,0.00
53460,,Revision of urethra,7.75
53500,,Urethrlys transvag w/ scope,13.00
53502,,Repair of urethra injury,8.26
53505,,Repair of urethra injury,8.26
53510,,Repair of urethra injury,10.96
53515,,Repair of urethra injury,14.22
53520,,Repair of urethra defect,9.48
53600,,Dilate urethra stricture,1.21
53601,,Dilate urethra stricture,0.98
53605,,Dilate urethra stricture,1.28
53620,,Dilate urethra stricture,1.62
53621,,Dilate urethra stricture,1.35
53660,,Dilation of urethra,0.71
53661,,Dilation of urethra,0.72
53665,,Dilation of urethra,0.76
53850,,Prostatic microwave thermotx,5.42
53852,,Prostatic rf thermotx,5.93
53854,,Trurl dstrj prst8 tiss rf wv,5.93
53855,,Insert prost urethral stent,1.64
53860,,Transurethral rf treatment,3.97
53865,,Cysto insj dev ischmc rmdlg,3.10
53866,,Cathj rmvl dev ischmc rmdlg,1.48
53899,,Unlisted px urinary system,0.00
54000,,Slitting of prepuce,1.59
54001,,Slitting of prepuce,2.24
54015,,Drain penis lesion,5.36
54050,,Destruction penis lesion(s),1.29
54055,,Destruction penis lesion(s),1.25
54056,,Cryosurgery penis lesion(s),1.29
54057,,Laser surg penis lesion(s),1.29
54060,,Excision of penis lesion(s),1.98
54065,,Destruction penis lesion(s),2.47
54100,,Biopsy of penis,1.90
54105,,Biopsy of penis,3.54
54110,,Treatment of penis lesion,10.92
54111,,Treat penis lesion graft,14.42
54112,,Treat penis lesion graft,16.98
54115,,Treatment of penis lesion,6.95
54120,,Partial removal of penis,11.01
54125,,Removal of penis,14.56
54130,,Remove penis & nodes,21.84
54135,,Remove penis & nodes,28.17
54150,,Circumcision w/regionl block,1.90
54160,,Circumcision neonate,2.53
54161,,Circum 28 days or older,3.32
54162,,Lysis penil circumic lesion,3.32
54163,,Repair of circumcision,3.32
54164,,Frenulotomy of penis,2.82
54200,,Injection px peyronie ds,1.11
54205,,Njx px peyronie ds exps plaq,8.97
54220,,Irrg crpra cavrnosa priapism,2.42
54230,,Njx corpora cavernosograpy,1.34
54231,,Dynamic cavernosometry,2.04
54235,,Njx corpora cavernosa rx agt,1.19
54240,,Penile plethysmography,1.31
54240,TC,Penile plethysmography,0.00
54240,26,Penile plethysmography,1.31
54250,,Nctrnl pen tmscn&/rgdity tst,2.22
54250,TC,Nctrnl pen tmscn&/rgdity tst,0.00
54250,26,Nctrnl pen tmscn&/rgdity tst,2.22
54300,,Revision of penis,11.20
54304,,Revision of penis,13.28
54308,,Reconstruction of urethra,12.62
54312,,Reconstruction of urethra,14.51
54316,,Reconstruction of urethra,18.05
54318,,Reconstruction of urethra,12.43
54322,,Reconstruction of urethra,13.98
54324,,Reconstruction of urethra,17.55
54326,,Reconstruction of urethra,17.02
54328,,Revise penis/urethra,16.89
54332,,Revise penis/urethra,18.37
54336,,Revise penis/urethra,21.62
54340,,Rpr hypspad comp simple,9.71
54344,,Rrp hypspad comp moblj&urtp,17.06
54348,,Rpr hypspad comp dsj & urtp,18.32
54352,,Revj prior hypspad repair,26.13
54360,,Penis plastic surgery,12.78
54380,,Repair penis,14.18
54385,,Repair penis,16.56
54390,,Repair penis and bladder,22.77
54400,,Insert semi-rigid prosthesis,9.17
54401,,Insert self-contd prosthesis,10.44
54405,,Insert multi-comp penis pros,14.52
54406,,Remove muti-comp penis pros,12.89
54408,,Repair multi-comp penis pros,13.91
54410,,Remove/replace penis prosth,15.18
54411,,Remov/replc penis pros comp,18.35
54415,,Remove self-contd penis pros,8.88
54416,,Remv/repl penis contain pros,12.08
54417,,Remv/replc penis pros compl,16.10
54420,,Revision of penis,12.39
54430,,Revision of penis,11.06
54435,,Revision of penis,6.81
54437,,Repair corporeal tear,11.50
54440,,Repair of penis,0.00
54450,,Preputial stretching,1.12
54500,,Biopsy of testis,1.31
54505,,Biopsy of testis,3.50
54512,,Excise lesion testis,9.33
54520,,Removal of testis,5.30
54522,,Orchiectomy partial,10.25
54530,,Removal of testis,8.46
54535,,Extensive testis surgery,13.19
54550,,Exploration for testis,8.41
54560,,Exploration for testis,12.10
54600,,Reduce testis torsion,7.64
54620,,Suspension of testis,5.21
54640,,Orchiopexy ingun/scrot appr,7.73
54650,,Orchiopexy (fowler-stephens),12.39
54660,,Revision of testis,5.74
54670,,Repair testis injury,6.65
54680,,Relocation of testis(es),14.04
54690,,Laparoscopy orchiectomy,11.70
54692,,Laparoscopy orchiopexy,13.74
54699,,Unlisted laps px testis,0.00
54700,,Drainage of scrotum,3.47
54800,,Biopsy of epididymis,2.33
54830,,Remove epididymis lesion,6.01
54840,,Remove epididymis lesion,5.27
54860,,Removal of epididymis,6.95
54861,,Removal of epididymis,9.70
54865,,Explore epididymis,5.77
54900,,Fusion of spermatic ducts,14.20
54901,,Fusion of spermatic ducts,19.10
55000,,Drainage of hydrocele,1.43
55040,,Removal of hydrocele,5.45
55041,,Removal of hydroceles,8.54
55060,,Repair of hydrocele,6.15
55100,,Drainage of scrotum abscess,2.45
55110,,Explore scrotum,6.33
55120,,Removal of scrotum lesion,5.72
55150,,Removal of scrotum,8.14
55175,,Revision of scrotum,5.87
55180,,Revision of scrotum,11.78
55200,,Incision of sperm duct,4.55
55250,,Removal of sperm duct(s),3.37
55300,,Prepare sperm duct x-ray,3.50
55400,,Repair of sperm duct,8.61
55500,,Removal of hydrocele,6.22
55520,,Removal of sperm cord lesion,6.66
55530,,Revise spermatic cord veins,5.75
55535,,Revise spermatic cord veins,7.19
55540,,Revise hernia & sperm veins,8.30
55550,,Laparo ligate spermatic vein,7.20
55559,,Unlstd laps px sprmatic cord,0.00
55600,,Vesiculotomy,7.01
55605,,Vesiculotomy complicated,8.76
55650,,Remove sperm duct pouch,12.65
55680,,Remove sperm pouch lesion,5.67
55700,,Biopsy of prostate,2.50
55705,,Biopsy of prostate,4.61
55706,,Prostate saturation sampling,6.28
55720,,Drainage of prostate abscess,7.73
55725,,Drainage of prostate abscess,10.05
55801,,Removal of prostate,19.80
55810,,Extensive prostate surgery,24.29
55812,,Extensive prostate surgery,29.89
55815,,Extensive prostate surgery,32.95
55821,,Removal of prostate,15.18
55831,,Removal of prostate,15.60
55840,,Extensive prostate surgery,21.36
55842,,Extensive prostate surgery,21.36
55845,,Extensive prostate surgery,25.18
55860,,Surgical exposure prostate,15.84
55862,,Extensive prostate surgery,20.04
55865,,Extensive prostate surgery,24.57
55866,,Laps surg prst8ect rpbic rad,22.46
55867,,Laps surg prst8ect smpl stot,19.53
55870,,Electroejaculation,2.58
55873,,Cryoablate prostate,13.60
55874,,Tprnl plmt biodegrdabl matrl,3.03
55875,,Transperi needle place pros,13.46
55876,,Place rt device/marker pros,1.73
55880,,Abltj mal prst8 tiss hifu,17.73
55881,,Ablt trurl prst8 tis thrm us,9.80
55882,,Ablt trurl prst8 tis trnsdcr,11.50
55899,,Unlisted px male genital sys,0.00
55920,,Place needles pelvic for rt,8.31
55970,,Sex transformation m to f,0.00
55980,,Sex transformation f to m,0.00
56405,,I & d of vulva/perineum,1.49
56420,,Drainage of gland abscess,1.44
56440,,Mrsplzatn brthlns glnd cst,2.89
56441,,Lysis of labial adhesions,2.02
56442,,Hymenotomy,0.68
56501,,Destroy vulva lesions sim,1.58
56515,,Destroy vulva lesion/s compl,3.08
56605,,Biopsy of vulva/perineum,1.10
56606,,Biopsy of vulva/perineum,0.55
56620,,Vulvectomy simple partial,7.53
56625,,Vulvectomy simple complete,9.68
56630,,Vulvectomy radical partial,14.80
56631,,Vlvctmy rad prtl uni lymphad,18.99
56632,,Vlvctmy rad prtl bi lymphad,21.86
56633,,Vulvectomy radical complete,19.62
56634,,Vlvctmy rad comp uni lymphad,20.66
56637,,Vlvctmy rad comp bi lymphad,24.75
56640,,Vlvctmy rad comp w/lymphadec,24.78
56700,,Prtl hymnctmy/revj hymnl rng,2.84
56740,,Exc bartholins gland/cyst,4.88
56800,,Plastic repair introitus,3.93
56805,,Clitoroplasty intersex state,19.88
56810,,Perineoplasty rpr per nonob,4.29
56820,,Colposcopy vulva,1.50
56821,,Colposcopy vulva w/biopsy,2.05
57000,,Colpotomy w/exploration,3.02
57010,,Colpotomy drg pel abscess,6.84
57020,,Colpocentesis sep px,1.50
57022,,I&d vaginal hematoma ob/pp,2.73
57023,,I&d vaginal hematoma non-ob,5.18
57061,,Destruction vag lesions smpl,1.30
57065,,Destruction vag lesion xtnsv,2.66
57100,,Biopsy vaginal mucosa simple,1.20
57105,,Biopsy vaginal mucosa xtnsv,1.74
57106,,Vagnc prtl rmvl vag wall,7.50
57107,,Vagnc compl rmvl paravag tis,24.56
57109,,Vagnc bi total pel lymphadec,28.40
57110,,Vagnc compl rmvl vag wall,15.48
57111,,Vagnc compl rmvl paravag tis,28.40
57120,,Colpocleisis le fort type,8.28
57130,,Excision vaginal septum,2.46
57135,,Excision vaginal cyst/tumor,2.70
57150,,Treat vagina infection,0.50
57155,,Insert uteri tandem/ovoids,5.15
57156,,Ins vag brachytx device,2.69
57160,,Insert pessary/other device,0.89
57170,,Fitting of diaphragm/cap,0.91
57180,,Treat vaginal bleeding,1.63
57200,,Repair of vagina,4.42
57210,,Repair vagina/perineum,5.71
57220,,Revision of urethra,4.85
57230,,Repair of urethral lesion,6.30
57240,,Anterior colporrhaphy,10.08
57250,,Repair rectum & vagina,10.08
57260,,Cmbn ant pst colprhy,13.25
57265,,Cmbn ap colprhy w/ntrcl rpr,15.00
57267,,Insert mesh/pelvic flr addon,4.88
57268,,Repair of bowel bulge,7.57
57270,,Repair of bowel pouch,13.67
57280,,Suspension of vagina,16.72
57282,,Colpopexy extraperitoneal,11.63
57283,,Colpopexy intraperitoneal,11.66
57284,,Repair paravag defect open,14.33
57285,,Repair paravag defect vag,11.60
57287,,Revise/remove sling repair,11.15
57288,,Repair bladder defect,12.13
57289,,Repair bladder & vagina,12.80
57291,,Construction of vagina,8.64
57292,,Construct vagina with graft,14.01
57295,,Revise vag graft via vagina,7.82
57296,,Revise vag graft open abd,16.56
57300,,Repair rectum-vagina fistula,8.71
57305,,Repair rectum-vagina fistula,15.35
57307,,Fistula repair & colostomy,17.17
57308,,Fistula repair transperine,10.59
57310,,Repair urethrovaginal lesion,7.65
57311,,Repair urethrovaginal lesion,8.91
57320,,Repair bladder-vagina lesion,8.88
57330,,Repair bladder-vagina lesion,13.21
57335,,Repair vagina,20.02
57400,,Dilation of vagina,2.27
57410,,Pelvic examination,1.75
57415,,Remove vaginal foreign body,2.49
57420,,Exam of vagina w/scope,1.60
57421,,Exam/biopsy of vag w/scope,2.20
57423,,Repair paravag defect lap,16.08
57425,,Laparoscopy surg colpopexy,17.03
57426,,Revise prosth vag graft lap,14.30
57452,,Exam of cervix w/scope,1.50
57454,,Bx/curett of cervix w/scope,2.33
57455,,Biopsy of cervix w/scope,1.99
57456,,Endocerv curettage w/scope,1.85
57460,,Bx of cervix w/scope leep,2.83
57461,,Conz of cervix w/scope leep,3.43
57465,,Cam cervix uteri drg colp,0.81
57500,,Biopsy of cervix,1.20
57505,,Endocervical curettage,1.19
57510,,Cauterization of cervix,1.90
57511,,Cryocautery of cervix,1.95
57513,,Laser surgery of cervix,1.95
57520,,Conization of cervix,4.11
57522,,Conization of cervix,3.67
57530,,Removal of cervix,5.27
57531,,Removal of cervix radical,29.95
57540,,Removal of residual cervix,13.29
57545,,Remove cervix/repair pelvis,14.10
57550,,Removal of residual cervix,6.34
57555,,Remove cervix/repair vagina,9.94
57556,,Remove cervix repair bowel,9.36
57558,,D&c of cervical stump,1.72
57700,,Revision of cervix,4.35
57720,,Revision of cervix,4.61
57800,,Dilation of cervical canal,0.77
58100,,Biopsy of uterus lining,1.21
58110,,Bx done w/colposcopy add-on,0.77
58120,,Dilation and curettage,3.59
58140,,Myomectomy abdom method,15.79
58145,,Myomectomy vag method,8.91
58146,,Myomectomy abdom complex,20.34
58150,,Total hysterectomy,17.31
58152,,Total hysterectomy,21.86
58180,,Partial hysterectomy,16.60
58200,,Extensive hysterectomy,23.10
58210,,Extensive hysterectomy,30.91
58240,,Removal of pelvis contents,49.33
58260,,Vaginal hysterectomy,14.15
58262,,Vag hyst including t/o,15.94
58263,,Vag hyst w/t/o & vag repair,17.23
58267,,Vag hyst w/urinary repair,18.36
58270,,Vag hyst w/enterocele repair,15.30
58275,,Hysterectomy/revise vagina,17.03
58280,,Hysterectomy/revise vagina,18.33
58285,,Extensive hysterectomy,23.38
58290,,Vag hyst complex,20.27
58291,,Vag hyst incl t/o complex,22.06
58292,,Vag hyst t/o & repair compl,23.35
58294,,Vag hyst w/enterocele compl,21.55
58300,,Insert intrauterine device,1.01
58301,,Remove intrauterine device,1.27
58321,,Artificial insemination,0.92
58322,,Artificial insemination,1.10
58323,,Sperm washing,0.23
58340,,Catheter for hysterography,0.88
58345,,Reopen fallopian tube,4.70
58346,,Insert heyman uteri capsule,7.56
58350,,Reopen fallopian tube,1.06
58353,,Endometr ablate thermal,3.60
58356,,Endometrial cryoablation,6.41
58400,,Suspension of uterus,7.14
58410,,Suspension of uterus,13.80
58520,,Repair of ruptured uterus,13.48
58540,,Revision of uterus,15.71
58541,,Lsh uterus 250 g or less,12.29
58542,,Lsh w/t/o ut 250 g or less,14.16
58543,,Lsh uterus above 250 g,14.39
58544,,Lsh w/t/o uterus above 250 g,15.60
58545,,Laparoscopic myomectomy,15.55
58546,,Laparo-myomectomy complex,19.94
58548,,Lap radical hyst,31.63
58550,,Laparo-asst vag hysterectomy,15.10
58552,,Laparo-vag hyst incl t/o,16.91
58553,,Laparo-vag hyst complex,20.06
58554,,Laparo-vag hyst w/t/o compl,23.11
58555,,Hysteroscopy dx sep proc,2.65
58558,,Hysteroscopy biopsy,4.17
58559,,Hysteroscopy lysis,5.20
58560,,Hysteroscopy resect septum,5.75
58561,,Hysteroscopy remove myoma,6.60
58562,,Hysteroscopy remove fb,4.00
58563,,Hysteroscopy ablation,4.47
58565,,Hysteroscopy sterilization,7.12
58570,,Tlh uterus 250 g or less,13.36
58571,,Tlh w/t/o 250 g or less,15.00
58572,,Tlh uterus over 250 g,17.71
58573,,Tlh w/t/o uterus over 250 g,20.79
58575,,Laps tot hyst resj mal,32.60
58578,,Unlisted laps px uterus,0.00
58579,,Unlisted hystsc px uterus,0.00
58580,,Transcrv abltj utrn fibrd rf,7.21
58600,,Division of fallopian tube,5.91
58605,,Division of fallopian tube,5.28
58611,,Ligate oviduct(s) add-on,1.45
58615,,Occlude fallopian tube(s),3.94
58660,,Laparoscopy lysis,11.59
58661,,Laparoscopy remove adnexa,11.35
58662,,Laparoscopy excise lesions,12.15
58670,,Laparoscopy tubal cautery,5.91
58671,,Laparoscopy tubal block,5.91
58672,,Laparoscopy fimbrioplasty,12.91
58673,,Laparoscopy salpingostomy,14.04
58674,,Laps abltj uterine fibroids,14.08
58679,,Unlisted laps px ovidct ovry,0.00
58700,,Removal of fallopian tube,12.95
58720,,Removal of ovary/tube(s),12.16
58740,,Adhesiolysis tube ovary,14.90
58750,,Repair oviduct,15.64
58752,,Revise ovarian tube(s),15.64
58760,,Fimbrioplasty,13.93
58770,,Create new tubal opening,14.77
58800,,Drainage of ovarian cyst(s),4.62
58805,,Drainage of ovarian cyst(s),6.42
58820,,Drain ovary abscess open,4.70
58822,,Drain ovary abscess percut,11.81
58825,,Transposition ovary(s),11.78
58900,,Biopsy of ovary(s),6.59
58920,,Partial removal of ovary(s),11.95
58925,,Removal of ovarian cyst(s),12.43
58940,,Removal of ovary(s),8.22
58943,,Removal of ovary(s),19.52
58950,,Resect ovarian malignancy,18.37
58951,,Resect ovarian malignancy,24.26
58952,,Resect ovarian malignancy,27.29
58953,,Tah rad dissect for debulk,34.13
58954,,Tah rad debulk/lymph remove,37.13
58956,,Bso omentectomy w/tah,22.80
58958,,Resc recr ovr tbl pp utr mal,29.22
58960,,Exploration of abdomen,15.79
58970,,Retrieval of oocyte,3.52
58974,,Embryo transfer intrauterine,0.00
58976,,Transfer of embryo,3.82
58999,,Unlisted px fml genital sys,0.00
59000,,Amniocentesis diagnostic,1.30
59001,,Amniocentesis therapeutic,3.00
59012,,Fetal cord puncture prenatal,3.44
59015,,Chorion biopsy,2.20
59020,,Fetal contract stress test,0.66
59020,TC,Fetal contract stress test,0.00
59020,26,Fetal contract stress test,0.66
59025,,Fetal non-stress test,0.53
59025,TC,Fetal non-stress test,0.00
59025,26,Fetal non-stress test,0.53
59030,,Fetal scalp blood sampling,1.99
59050,,Fetal monitor w/report,0.89
59051,,Fetal monitor/interpret only,0.74
59070,,Transabdom amnioinfus w/us,5.24
59072,,Umbilical cord occlud w/us,8.99
59074,,Fetal fluid drainage w/us,5.24
59076,,Fetal shunt placement w/us,8.99
59100,,Remove uterus lesion,13.37
59120,,Treat ectopic pregnancy,12.67
59121,,Treat ectopic pregnancy,12.74
59130,,Treat ectopic pregnancy,15.08
59136,,Treat ectopic pregnancy,14.25
59140,,Treat ectopic pregnancy,5.94
59150,,Treat ectopic pregnancy,12.29
59151,,Treat ectopic pregnancy,12.11
59160,,D & c after delivery,2.76
59200,,Insert cervical dilator,1.20
59300,,Episiotomy or vaginal repair,2.41
59320,,Revision of cervix,2.48
59325,,Revision of cervix,4.06
59350,,Repair of uterus,4.94
59400,,Obstetrical care,37.00
59409,,Obstetrical care,14.37
59410,,Obstetrical care,18.76
59412,,Antepartum manipulation,1.71
59414,,Deliver placenta,1.61
59425,,Antepartum care only,7.80
59426,,Antepartum care only,14.30
59430,,Care after delivery,3.22
59510,,Cesarean delivery,41.05
59514,,Cesarean delivery only,16.13
59515,,Cesarean delivery,22.79
59525,,Remove uterus after cesarean,8.53
59610,,Vbac delivery,38.71
59612,,Vbac delivery only,16.09
59614,,Vbac care after delivery,20.48
59618,,Attempted vbac delivery,41.57
59620,,Attempted vbac delivery only,16.66
59622,,Attempted vbac after care,23.32
59812,,Treatment of miscarriage,4.44
59820,,Care of miscarriage,4.84
59821,,Treatment of miscarriage,5.09
59830,,Treat uterus infection,6.59
59840,,Induced abortion d&c,3.01
59841,,Induced abortion dilat&evac,5.65
59850,,Induced abortion 1+ njx,5.90
59851,,Induced abortion 1+njx d&c,5.92
59852,,Induced abortion 1+njx hyst,8.23
59855,,Induced abortion 1+vag supp,6.43
59856,,Induced ab 1+vag supp d&c,7.79
59857,,Induced ab 1+vag supp hyst,9.33
59866,,Abortion (mpr),3.99
59870,,Evacuate mole of uterus,6.57
59871,,Remove cerclage suture,2.13
59897,,Unlisted fetal invas px w/us,0.00
59898,,Unlstd laps px mat care&dlvr,0.00
59899,,Unlisted px mat care&dlvr,0.00
60000,,Drain thyroid/tongue cyst,1.81
6005F,,Care level rationale doc,0.00
6010F,,Dysphag test done b/4 eating,0.00
60100,,Biopsy of thyroid,1.56
6015F,,Dysphag test done b/4 eating,0.00
6020F,,Npo (nothing-mouth) ordered,0.00
60200,,Remove thyroid lesion,10.02
60210,,Partial thyroid excision,11.23
60212,,Partial thyroid excision,16.43
60220,,Partial removal of thyroid,11.19
60225,,Partial removal of thyroid,14.79
60240,,Removal of thyroid,15.04
60252,,Removal of thyroid,22.01
60254,,Extensive thyroid surgery,28.42
60260,,Repeat thyroid surgery,18.26
60270,,Removal of thyroid,23.20
60271,,Removal of thyroid,17.62
60280,,Remove thyroid duct lesion,6.16
60281,,Remove thyroid duct lesion,8.82
6030F,,Max sterile barriers flwd,0.00
60300,,Aspir/inj thyroid cyst,0.97
6040F,,Appro rad ds dvcs techs docd,0.00
6045F,,Radxps in end rprt4fluro pxd,0.00
60500,,Explore parathyroid glands,15.60
60502,,Re-explore parathyroids,21.15
60505,,Explore parathyroid glands,23.06
60512,,Autotransplant parathyroid,4.44
60520,,Removal of thymus gland,17.16
60521,,Removal of thymus gland,19.18
60522,,Removal of thymus gland,23.48
60540,,Explore adrenal gland,18.02
60545,,Explore adrenal gland,20.93
60600,,Remove carotid body lesion,25.09
60605,,Remove carotid body lesion,31.96
60650,,Laparoscopy adrenalectomy,20.73
60659,,Unlisted laps px endoc sys,0.00
60660,,Abltj 1/+thyr ndul 1lobe prq,5.75
60661,,Abltj 1/+thyr ndul addl prq,4.25
60699,,Unlisted px endocrine system,0.00
6070F,,Pt asked/cnsld aed effects,0.00
6080F,,Pt/caregiver queried falls,0.00
6090F,,Pt/caregiver counsel safety,0.00
6100F,,Verify pt site pxd docd,0.00
61000,,Remove cranial cavity fluid,1.58
61001,,Remove cranial cavity fluid,1.49
6101F,,Safety counseling dementia,0.00
6102F,,Safety counseling dem order,0.00
61020,,Remove brain cavity fluid,1.51
61026,,Injection into brain canal,1.69
61050,,Remove brain canal fluid,1.51
61055,,Injection into brain canal,2.10
61070,,Brain canal shunt procedure,0.89
6110F,,Counsel prov driving risks,0.00
61105,,Tdh sdrl/ventr pnxr,5.45
61107,,Tdh pnxr implt ventr cath,4.99
61108,,Tdh pnxr evac&/drg sdrl hmta,11.64
61120,,Burr hole for ventr puncture,9.60
61140,,Burr hole/treph bx brain/les,17.23
61150,,Bur hol/trph drg brn abs/cst,18.90
61151,,Burr hole/treph sbsq tapping,13.49
61154,,Burr hole w/evac&/drg hmtma,17.07
61156,,Burr hol aspir hmtm/cst icer,17.45
61210,,Burr hole implt ventr cath,5.83
61215,,Ins subq rsvr pmp/nfs sys,5.85
61250,,Burr hole/treph sttl expl,11.49
61253,,Burr hole treph ittl uni/bi,13.49
61304,,Crnec/crnot expl supratntorl,23.41
61305,,Crnec/crnot expl infratntorl,28.64
61312,,Crnec/crnot sttl xdrl/sdrl,30.17
61313,,Crnec/crnot sttl icere,28.09
61314,,Crnec/crnot ittl xdrl/sdrl,25.90
61315,,Crnec/crnot ittl ntracereblr,29.65
61316,,Inc&subq plmt crnl bone grf,1.39
61320,,Crnec/crnot drg icr abs sttl,27.42
61321,,Crnec/crnot drg icr abs ittl,30.53
61322,,Crnec/crnot dcmprv w/o lobec,34.26
61323,,Crnec/crnot dcmprv w/lobec,35.06
61330,,Dcmprn orbit only transcrnl,25.30
61333,,Expl orbit w/removal lesion,29.27
61340,,Subtemporal cranial dcmprn,20.11
61343,,Crnec sopl crv lam dcmprn,31.86
61345,,Oth cranial dcmprn pst fossa,29.23
61450,,Crnec stpl sctj cmprn/dcmprn,27.69
61458,,Crnec sopl xpl/dcmpr crl nrv,28.84
61460,,Crnec sopl sctj 1+crnl nrv,30.24
6150F,,Pt notrcvng1st antitnf txmnt,0.00
61500,,Crnec exc tum/bone les skull,19.18
61501,,Craniectomy f/osteomyelitis,16.35
61510,,Crnec treph exc brn tum sttl,30.83
61512,,Crnec treph exc mngioma sttl,37.14
61514,,Crnec treph exc brn abs sttl,27.23
61516,,Crnec treph exc cyst sttl,26.58
61517,,Implt brn intrcv chemotx agt,1.38
61518,,Removal of brain lesion,39.89
61519,,Remove brain lining lesion,43.43
61520,,Removal of brain lesion,57.09
61521,,Removal of brain lesion,46.99
61522,,Removal of brain abscess,31.54
61524,,Removal of brain lesion,29.89
61526,,Removal of brain lesion,54.08
61530,,Removal of brain lesion,45.56
61531,,Implant brain electrodes,16.41
61533,,Implant brain electrodes,21.46
61534,,Removal of brain lesion,23.01
61535,,Remove brain electrodes,13.15
61536,,Removal of brain lesion,37.72
61537,,Removal of brain tissue,36.45
61538,,Removal of brain tissue,39.45
61539,,Removal of brain tissue,34.28
61540,,Removal of brain tissue,31.43
61541,,Incision of brain tissue,30.94
61543,,Removal of brain tissue,31.31
61544,,Remove & treat brain lesion,27.36
61545,,Excision of brain tumor,46.43
61546,,Removal of pituitary gland,33.44
61548,,Removal of pituitary gland,23.37
61550,,Release of skull seams,15.59
61552,,Release of skull seams,20.40
61556,,Incise skull/sutures,24.09
61557,,Incise skull/sutures,23.31
61558,,Excision of skull/sutures,26.50
61559,,Excision of skull/sutures,34.02
61563,,Excision of skull tumor,28.44
61564,,Excision of skull tumor,34.74
61566,,Removal of brain tissue,32.45
61567,,Incision of brain tissue,37.00
61570,,Remove foreign body brain,26.51
61571,,Incise skull for brain wound,28.42
61575,,Skull base/brainstem surgery,36.56
61576,,Skull base/brainstem surgery,55.31
61580,,Craniofacial approach skull,34.51
61581,,Craniofacial approach skull,39.13
61582,,Craniofacial approach skull,35.14
61583,,Craniofacial approach skull,38.50
61584,,Orbitocranial approach/skull,37.70
61585,,Orbitocranial approach/skull,42.57
61586,,Resect nasopharynx skull,27.48
61590,,Infratemporal approach/skull,47.04
61591,,Infratemporal approach/skull,47.02
61592,,Orbitocranial approach/skull,43.08
61595,,Transtemporal approach/skull,33.74
61596,,Transcochlear approach/skull,39.43
61597,,Transcondylar approach/skull,40.82
61598,,Transpetrosal approach/skull,36.53
61600,,Resect/excise cranial lesion,30.01
61601,,Resect/excise cranial lesion,31.14
61605,,Resect/excise cranial lesion,32.57
61606,,Resect/excise cranial lesion,42.05
61607,,Resect/excise cranial lesion,40.93
61608,,Resect/excise cranial lesion,45.54
61611,,Transect artery sinus,7.41
61613,,Remove aneurysm sinus,45.03
61615,,Resect/excise lesion skull,35.77
61616,,Resect/excise lesion skull,46.74
61618,,Repair dura,18.69
61619,,Repair dura,22.10
61623,,Endovasc tempory vessel occl,9.95
61624,,Transcath occlusion cns,20.12
61626,,Transcath occlusion non-cns,16.60
61630,,Intracranial angioplasty,22.07
61635,,Intracran angioplsty w/stent,24.28
61640,,Dilate ic vasospasm init,12.32
61641,,Dilat ic vspsm ea vsl sm ter,4.33
61642,,Dilat ic vspsm ea diff ter,8.66
61645,,Perq art m-thrombect &/nfs,15.00
61650,,Evasc prlng admn rx agnt 1st,10.00
61651,,Evasc prlng admn rx agnt add,4.25
61680,,Intracranial vessel surgery,32.55
61682,,Intracranial vessel surgery,63.41
61684,,Intracranial vessel surgery,41.64
61686,,Intracranial vessel surgery,67.50
61690,,Intracranial vessel surgery,31.34
61692,,Intracranial vessel surgery,54.59
61697,,Brain aneurysm repr complx,63.40
61698,,Brain aneurysm repr complx,69.63
61700,,Brain aneurysm repr simple,50.62
61702,,Inner skull vessel surgery,60.04
61703,,Clamp neck artery,18.80
61705,,Revise circulation to head,38.10
61708,,Revise circulation to head,37.20
61710,,Revise circulation to head,31.29
61711,,Fusion of skull arteries,38.23
61715,,Mrgfus strtctc ablt trgt icr,18.95
61720,,Incise skull/brain surgery,17.62
61735,,Incise skull/brain surgery,22.35
61736,,Litt icr 1 traj 1 smpl les,19.06
61737,,Litt icr mlt trj mlt/cplx ls,22.67
61750,,Incise skull/brain biopsy,19.83
61751,,Brain biopsy w/ct/mr guide,18.79
61760,,Implant brain electrodes,22.39
61770,,Incise skull for treatment,23.19
61781,,Scan proc cranial intra,3.75
61782,,Scan proc cranial extra,3.18
61783,,Scan proc spinal,3.75
61790,,Treat trigeminal nerve,11.60
61791,,Treat trigeminal tract,15.41
61796,,Srs cranial lesion simple,13.93
61797,,Srs cran les simple addl,3.48
61798,,Srs cranial lesion complex,19.85
61799,,Srs cran les complex addl,4.81
61800,,Apply srs headframe add-on,2.25
61850,,Implant neuroelectrodes,13.34
61860,,Implant neuroelectrodes,22.26
61863,,Implant neuroelectrode,20.71
61864,,Implant neuroelectrde addl,4.49
61867,,Implant neuroelectrode,33.03
61868,,Implant neuroelectrde addl,7.91
61880,,Revise/remove neuroelectrode,6.95
61885,,Insrt/redo neurostim 1 array,6.05
61886,,Implant neurostim arrays,9.93
61888,,Revise/remove neuroreceiver,5.23
61889,,Ins sk-mnt crnl nstm pg/rcvr,25.75
61891,,Rev/rplcmt sk-mnt crnl nstm,11.25
61892,,Rmv sk-mnt crnl nstm pg/rcvr,15.00
62000,,Treat skull fracture,13.93
62005,,Treat skull fracture,17.63
62010,,Treatment of head injury,21.43
62100,,Repair brain fluid leakage,23.53
62115,,Reduction of skull defect,22.91
62117,,Reduction of skull defect,28.35
62120,,Repair skull cavity lesion,24.59
62121,,Incise skull repair,23.03
62140,,Crnop skull defect<5 cm diam,14.55
62141,,Crnop skull defect>5 cm diam,16.07
62142,,Rmvl b1 flp/prostc plate skl,11.83
62143,,Rpl b1 flp/prostc plate skl,14.15
62145,,Repair of skull & brain,20.09
62146,,Crnop w/autograft<5 cm diam,17.28
62147,,Crnop w/autograft>5 cm diam,20.67
62148,,Retr bone flap to fix skull,2.00
62160,,Neuroendoscopy add-on,3.00
62161,,Dissect brain w/scope,21.23
62162,,Remove colloid cyst w/scope,26.80
62164,,Remove brain tumor w/scope,29.43
62165,,Remove pituit tumor w/scope,23.23
62180,,Establish brain cavity shunt,22.58
62190,,Establish brain cavity shunt,12.17
62192,,Establish brain cavity shunt,13.35
62194,,Replace/irrigate catheter,5.78
62200,,Establish brain cavity shunt,19.29
62201,,Brain cavity shunt w/scope,16.04
62220,,Establish brain cavity shunt,14.10
62223,,Establish brain cavity shunt,14.05
62225,,Replace/irrigate catheter,6.19
62230,,Replace/revise brain shunt,11.43
62252,,Csf shunt reprogram,0.74
62252,TC,Csf shunt reprogram,0.00
62252,26,Csf shunt reprogram,0.74
62256,,Remove brain cavity shunt,7.38
62258,,Replace brain cavity shunt,15.64
62263,,Epidural lysis mult sessions,5.00
62264,,Epidural lysis on single day,4.42
62267,,Interdiscal perq aspir dx,3.00
62268,,Drain spinal cord cyst,4.73
62269,,Needle biopsy spinal cord,5.01
62270,,Dx lmbr spi pnxr,1.22
62272,,Ther spi pnxr drg csf,1.58
62273,,Inject epidural patch,2.15
62280,,Treat spinal cord lesion,2.63
62281,,Treat spinal cord lesion,2.66
62282,,Treat spinal canal lesion,2.33
62284,,Injection for myelogram,1.54
62287,,Dcmprn px perq 1/mlt lumbar,9.03
62290,,Njx px discography lumbar,3.00
62291,,Njx px discography crv/thrc,2.91
62292,,Njx chemonucleolysis lmbr,9.24
62294,,Injection into spinal artery,12.87
62302,,Myelography lumbar injection,2.29
62303,,Myelography lumbar injection,2.29
62304,,Myelography lumbar injection,2.25
62305,,Myelography lumbar injection,2.35
62320,,Njx interlaminar crv/thrc,1.80
62321,,Njx interlaminar crv/thrc,1.95
62322,,Njx interlaminar lmbr/sac,1.55
62323,,Njx interlaminar lmbr/sac,1.80
62324,,Njx interlaminar crv/thrc,1.89
62325,,Njx interlaminar crv/thrc,2.20
62326,,Njx interlaminar lmbr/sac,1.78
62327,,Njx interlaminar lmbr/sac,1.90
62328,,Dx lmbr spi pnxr w/fluor/ct,1.73
62329,,Ther spi pnxr csf fluor/ct,2.03
62350,,Implant spinal canal cath,6.05
62351,,Implant spinal canal cath,11.66
62355,,Remove spinal canal catheter,3.55
62360,,Insert spine infusion device,4.33
62361,,Implant spine infusion pump,5.00
62362,,Implant spine infusion pump,5.60
62365,,Remove spine infusion device,3.93
62367,,Analyze spine infus pump,0.48
62368,,Analyze sp inf pump w/reprog,0.67
62369,,Anal sp inf pmp w/reprg&fill,0.67
62370,,Anl sp inf pmp w/mdreprg&fil,0.90
62380,,Ndsc dcmprn 1 ntrspc lumbar,0.00
63001,,Remove spine lamina 1/2 crvl,17.61
63003,,Remove spine lamina 1/2 thrc,17.74
63005,,Remove spine lamina 1/2 lmbr,16.43
63011,,Remove spine lamina 1/2 scrl,15.91
63012,,Remove lamina/facets lumbar,16.85
63015,,Remove spine lamina >2 crvcl,20.85
63016,,Remove spine lamina >2 thrc,22.03
63017,,Remove spine lamina >2 lmbr,17.33
63020,,Neck spine disk surgery,14.91
63030,,Low back disk surgery,12.00
63035,,Spinal disk surgery add-on,3.86
63040,,Laminotomy single cervical,20.31
63042,,Laminotomy single lumbar,18.76
63043,,Laminotomy addl cervical,0.00
63044,,Laminotomy addl lumbar,0.00
63045,,Lam facetec & foramot crv,17.95
63046,,Lam facetec & foramot thrc,17.25
63047,,Lam facetec & foramot lumbar,15.37
63048,,Lam facetec &foramot ea addl,3.47
63050,,Cervical laminoplsty 2/> seg,22.01
63051,,C-laminoplasty w/graft/plate,25.51
63052,,Lam facetc/frmt arthrd lum 1,4.25
63053,,Lam factc/frmt arthrd lum ea,3.78
63055,,Decompress spinal cord thrc,23.55
63056,,Decompress spinal cord lmbr,21.86
63057,,Decompress spine cord add-on,5.25
63064,,Decompress spinal cord thrc,26.22
63066,,Decompress spine cord add-on,3.26
63075,,Neck spine disk surgery,19.60
63076,,Neck spine disk surgery,4.04
63077,,Spine disk surgery thorax,22.88
63078,,Spine disk surgery thorax,3.28
63081,,Remove vert body dcmprn crvl,26.10
63082,,Remove vertebral body add-on,4.36
63085,,Remove vert body dcmprn thrc,29.47
63086,,Remove vertebral body add-on,3.19
63087,,Remov vertbr dcmprn thrclmbr,37.53
63088,,Remove vertebral body add-on,4.32
63090,,Remove vert body dcmprn lmbr,30.93
63091,,Remove vertebral body add-on,3.03
63101,,Remove vert body dcmprn thrc,34.10
63102,,Remove vert body dcmprn lmbr,34.10
63103,,Remove vertebral body add-on,4.82
63170,,Incise spinal cord tract(s),22.21
63172,,Drainage of spinal cyst,19.76
63173,,Drainage of spinal cyst,24.31
63185,,Incise spine nrv half segmnt,16.49
63190,,Incise spine nrv >2 segmnts,18.89
63191,,Incise spine accessory nerve,18.92
63197,,Lam w/cordotomy 1stg thrc,24.08
63200,,Release spinal cord lumbar,21.44
63250,,Revise spinal cord vsls crvl,43.86
63251,,Revise spinal cord vsls thrc,44.64
63252,,Revise spine cord vsl thrlmb,44.63
63265,,Excise intraspinl lesion crv,23.82
63266,,Excise intrspinl lesion thrc,24.68
63267,,Excise intrspinl lesion lmbr,19.45
63268,,Excise intrspinl lesion scrl,20.02
63270,,Excise intrspinl lesion crvl,29.80
63271,,Excise intrspinl lesion thrc,29.92
63272,,Excise intrspinl lesion lmbr,27.50
63273,,Excise intrspinl lesion scrl,26.47
63275,,Bx/exc xdrl spine lesn crvl,25.86
63276,,Bx/exc xdrl spine lesn thrc,25.69
63277,,Bx/exc xdrl spine lesn lmbr,22.39
63278,,Bx/exc xdrl spine lesn scrl,22.12
63280,,Bx/exc idrl spine lesn crvl,30.29
63281,,Bx/exc idrl spine lesn thrc,29.99
63282,,Bx/exc idrl spine lesn lmbr,28.15
63283,,Bx/exc idrl spine lesn scrl,26.76
63285,,Bx/exc idrl imed lesn cervl,38.05
63286,,Bx/exc idrl imed lesn thrc,37.62
63287,,Bx/exc idrl imed lesn thrlmb,40.08
63290,,Bx/exc xdrl/idrl lsn any lvl,40.82
63295,,Repair laminectomy defect,5.25
63300,,Remove vert xdrl body crvcl,26.80
63301,,Remove vert xdrl body thrc,31.57
63302,,Remove vert xdrl body thrlmb,31.15
63303,,Remov vert xdrl bdy lmbr/sac,33.55
63304,,Remove vert idrl body crvcl,33.85
63305,,Remove vert idrl body thrc,36.24
63306,,Remov vert idrl bdy thrclmbr,35.55
63307,,Remov vert idrl bdy lmbr/sac,34.96
63308,,Remove vertebral body add-on,5.24
63600,,Remove spinal cord lesion,15.12
63610,,Stimulation of spinal cord,8.72
63620,,Srs spinal lesion,15.60
63621,,Srs spinal lesion addl,4.00
63650,,Implant neuroelectrodes,7.15
63655,,Implant neuroelectrodes,10.92
63661,,Remove spine eltrd perq aray,5.08
63662,,Remove spine eltrd plate,11.00
63663,,Revise spine eltrd perq aray,7.75
63664,,Revise spine eltrd plate,11.52
63685,,Ins/rplc spi npg/rcvr pocket,5.19
63688,,Rev/rmv imp sp npg/r dtch cn,4.35
63700,,Repair of spinal herniation,17.47
63702,,Repair of spinal herniation,19.41
63704,,Repair of spinal herniation,22.43
63706,,Repair of spinal herniation,25.35
63707,,Repair spinal fluid leakage,12.65
63709,,Repair spinal fluid leakage,15.65
63710,,Graft repair of spine defect,15.40
63740,,Install spinal shunt,12.63
63741,,Install spinal shunt,9.12
63744,,Revision of spinal shunt,8.94
63746,,Removal of spinal shunt,7.33
64400,,Njx aa&/strd trigeminal nrv,0.75
64405,,Njx aa&/strd gr ocpl nrv,0.94
64408,,Njx aa&/strd vagus nrv,0.75
64415,,Njx aa&/strd brch plxs img,1.50
64416,,Njx aa&/strd brch pl nfs img,1.80
64417,,Njx aa&/strd ax nerve img,1.31
64418,,Njx aa&/strd sprscap nrv,1.10
64420,,Njx aa&/strd ntrcost nrv 1,1.08
64421,,Njx aa&/strd ntrcost nrv ea,0.50
64425,,Njx aa&/strd ii ih nerves,1.00
64430,,Njx aa&/strd pudendal nerve,1.00
64435,,Njx aa&/strd paracrv nrv,0.75
64445,,Njx aa&/strd sciatic nrv img,1.39
64446,,Njx aa&/strd sc nrv nfs img,1.75
64447,,Njx aa&/strd femoral nrv img,1.34
64448,,Njx aa&/strd fem nrv nfs img,1.68
64449,,Njx aa&/strd lmbr plex nfs,1.27
64450,,Njx aa&/strd other pn/branch,0.75
64451,,Njx aa&/strd nrv nrvtg si jt,1.52
64454,,Njx aa&/strd gnclr nrv brnch,1.52
64455,,Njx aa&/strd pltr com dg nrv,0.75
64461,,Pvb thoracic single inj site,1.75
64462,,Pvb thoracic 2nd+ inj site,1.10
64463,,Pvb thoracic cont infusion,1.90
64466,,Thrc fascial pln blk uni njx,1.50
64467,,Thrc fascial pln blk uni nfs,1.74
64468,,Thrc fascial pln blk bi njx,1.67
64469,,Thrc fascial pln blk bi nfs,1.83
64473,,Lwr xtr fscl pln blk uni njx,1.34
64474,,Lwr xtr fscl pln blk uni nfs,1.67
64479,,Njx aa&/strd tfrm epi c/t 1,2.29
64480,,Njx aa&/strd tfrm epi c/t ea,1.20
64483,,Njx aa&/strd tfrm epi l/s 1,1.90
64484,,Njx aa&/strd tfrm epi l/s ea,1.00
64486,,Tap block unil by injection,1.20
64487,,Tap block uni by infusion,1.39
64488,,Tap block bi injection,1.40
64489,,Tap block bi by infusion,1.75
64490,,Inj paravert f jnt c/t 1 lev,1.82
64491,,Inj paravert f jnt c/t 2 lev,1.16
64492,,Inj paravert f jnt c/t 3 lev,1.16
64493,,Inj paravert f jnt l/s 1 lev,1.52
64494,,Inj paravert f jnt l/s 2 lev,1.00
64495,,Inj paravert f jnt l/s 3 lev,1.00
64505,,N block spenopalatine gangl,1.36
64510,,N block stellate ganglion,1.22
64517,,N block inj hypogas plxs,2.20
64520,,N block lumbar/thoracic,1.35
64530,,N block inj celiac pelus,1.58
64553,,Implant neuroelectrodes,6.13
64555,,Implant neuroelectrodes,5.76
64561,,Implant neuroelectrodes,5.44
64566,,Neuroeltrd stim post tibial,0.60
64568,,Opn impltj crnl nrv nea&pg,9.00
64569,,Revise/repl vagus n eltrd,11.00
64570,,Remove vagus n eltrd,9.10
64575,,Opn impltj nea perph nerve,4.42
64580,,Opn impltj nea neuromuscular,4.19
64581,,Opn impltj nea sacral nerve,12.20
64582,,Opn mpltj hpglsl nstm ary pg,14.00
64583,,Rev/rplct hpglsl nstm ary pg,14.50
64584,,Rmvl hpglsl nstim ary pg,12.00
64585,,Rev/rmv perph nstim eltrd ra,2.11
64590,,Ins/rpl prph sac/gstr npg/r,5.10
64595,,Rev/rmv prph sac/gstr npg/r,3.79
64596,,Ins/rplcmt prq eltrd ra pn 1,0.00
64597,,Ins/rplcm prq eltrd ra pn ea,0.00
64598,,Revj/rmvl nea pn w/int nstim,0.00
64600,,Injection treatment of nerve,3.49
64605,,Injection treatment of nerve,5.65
64610,,Injection treatment of nerve,7.20
64611,,Chemodenerv saliv glands,1.03
64612,,Destroy nerve face muscle,1.41
64615,,Chemodenerv musc migraine,1.85
64616,,Chemodenerv musc neck dyston,1.53
64617,,Chemodener muscle larynx emg,1.90
64620,,Injection treatment of nerve,2.89
64624,,Dstrj nulyt agt gnclr nrv,2.50
64625,,Rf abltj nrv nrvtg si jt,3.39
64628,,Trml dstrj ios bvn 1st 2 l/s,7.15
64629,,Trml dstrj ios bvn ea addl,3.77
64630,,Injection treatment of nerve,3.05
64632,,N block inj common digit,1.23
64633,,Destroy cerv/thor facet jnt,3.32
64634,,Destroy c/th facet jnt addl,1.32
64635,,Destroy lumb/sac facet jnt,3.32
64636,,Destroy l/s facet jnt addl,1.16
64640,,Injection treatment of nerve,1.98
64642,,Chemodenerv 1 extremity 1-4,1.65
64643,,Chemodenerv 1 extrem 1-4 ea,1.22
64644,,Chemodenerv 1 extrem 5/> mus,1.82
64645,,Chemodenerv 1 extrem 5/> ea,1.39
64646,,Chemodenerv trunk musc 1-5,1.80
64647,,Chemodenerv trunk musc 6/>,2.11
64650,,Chemodenerv eccrine glands,0.70
64653,,Chemodenerv eccrine glands,0.88
64680,,Injection treatment of nerve,2.67
64681,,Injection treatment of nerve,3.78
64702,,Revise finger/toe nerve,6.26
64704,,Revise hand/foot nerve,4.69
64708,,Revise arm/leg nerve,6.36
64712,,Revision of sciatic nerve,8.07
64713,,Revision of arm nerve(s),11.40
64714,,Revise low back nerve(s),10.55
64716,,Revision of cranial nerve,6.99
64718,,Revise ulnar nerve at elbow,7.26
64719,,Revise ulnar nerve at wrist,4.97
64721,,Carpal tunnel surgery,4.97
64722,,Relieve pressure on nerve(s),4.82
64726,,Release foot/toe nerve,4.27
64727,,Internal nerve revision,3.10
64732,,Incision of brow nerve,4.89
64734,,Incision of cheek nerve,5.55
64736,,Incision of chin nerve,5.23
64738,,Incision of jaw nerve,6.36
64740,,Incision of tongue nerve,6.22
64742,,Incision of facial nerve,6.85
64744,,Incise nerve back of head,5.72
64746,,Incise diaphragm nerve,6.56
64755,,Incision of stomach nerves,15.05
64760,,Incision of vagus nerve,7.59
64763,,Incise hip/thigh nerve,7.56
64766,,Incise hip/thigh nerve,9.47
64771,,Sever cranial nerve,8.15
64772,,Incision of spinal nerve,7.84
64774,,Remove skin nerve lesion,5.80
64776,,Remove digit nerve lesion,5.60
64778,,Digit nerve surgery add-on,3.11
64782,,Remove limb nerve lesion,6.86
64783,,Limb nerve surgery add-on,3.71
64784,,Remove nerve lesion,10.62
64786,,Remove sciatic nerve lesion,16.25
64787,,Implant nerve end,4.29
64788,,Remove skin nerve lesion,5.24
64790,,Removal of nerve lesion,12.10
64792,,Removal of nerve lesion,15.86
64795,,Biopsy of nerve,3.01
64802,,Sympathectomy cervical,10.37
64804,,Sympathectomy cervicothorac,15.91
64809,,Sympathectomy thoracolumbar,14.71
64818,,Sympathectomy lumbar,11.34
64820,,Sympathectomy digital artery,10.74
64821,,Sympathectomy radial artery,9.33
64822,,Sympathectomy ulnar artery,9.33
64823,,Sympathectomy supfc palmar,10.94
64831,,Repair of digit nerve,9.16
64832,,Repair nerve add-on,5.65
64834,,Repair of hand or foot nerve,10.81
64835,,Repair of hand or foot nerve,11.73
64836,,Repair of hand or foot nerve,11.73
64837,,Repair nerve add-on,6.25
64840,,Repair of leg nerve,14.02
64856,,Repair/transpose nerve,15.07
64857,,Repair arm/leg nerve,15.82
64858,,Repair sciatic nerve,17.82
64859,,Nerve surgery,4.25
64861,,Repair of arm nerves,20.89
64862,,Repair of low back nerves,21.09
64864,,Repair of facial nerve,13.41
64865,,Repair of facial nerve,16.09
64866,,Fusion of facial/other nerve,16.83
64868,,Fusion of facial/other nerve,14.90
64872,,Subsequent repair of nerve,1.99
64874,,Repair & revise nerve add-on,2.98
64876,,Repair nerve/shorten bone,3.37
64885,,Nerve graft head/neck <4 cm,17.60
64886,,Nerve graft head/neck >4 cm,20.82
64890,,Nrv grf 1strnd hnd/foot <4cm,16.24
64891,,Nrv grf 1strnd hnd/foot >4cm,17.35
64892,,Nrv grf 1strnd arm/leg <4cm,15.74
64893,,Nrv grf 1strnd arm/leg >4 cm,16.87
64895,,Nrv grf mltst hnd/foot <4 cm,20.39
64896,,Nrv grf mltst hnd/foot >4 cm,21.96
64897,,Nrv grf mltst arm/leg <4 cm,19.38
64898,,Nrv grf mltst arm/leg >4 cm,20.97
64901,,Nerve graft add-on,10.20
64902,,Nerve graft add-on,11.81
64905,,Nerve pedicle transfer,15.11
64907,,Nerve pedicle transfer,20.03
64910,,Nerve repair w/allograft,10.52
64911,,Neurorraphy w/vein autograft,14.00
64912,,Nrv rpr w/nrv algrft 1st,12.00
64913,,Nrv rpr w/nrv algrft ea addl,3.00
64999,,Unlisted px nervous system,0.00
65091,,Revise eye,7.26
65093,,Revise eye with implant,7.04
65101,,Removal of eye,8.30
65103,,Remove eye/insert implant,8.84
65105,,Remove eye/attach implant,9.93
65110,,Removal of eye,15.70
65112,,Remove eye/revise socket,18.51
65114,,Remove eye/revise socket,19.65
65125,,Revise ocular implant,3.27
65130,,Insert ocular implant,8.42
65135,,Insert ocular implant,8.60
65140,,Attach ocular implant,9.46
65150,,Revise ocular implant,6.43
65155,,Reinsert ocular implant,10.10
65175,,Removal of ocular implant,7.40
65205,,Remove foreign body from eye,0.49
65210,,Remove foreign body from eye,0.61
65220,,Remove foreign body from eye,0.71
65222,,Remove foreign body from eye,0.84
65235,,Remove foreign body from eye,9.01
65260,,Remove foreign body from eye,12.54
65265,,Remove foreign body from eye,14.34
65270,,Repair of eye wound,1.95
65272,,Repair of eye wound,4.62
65273,,Repair of eye wound,5.16
65275,,Repair of eye wound,6.29
65280,,Repair of eye wound,9.10
65285,,Repair of eye wound,15.36
65286,,Repair of eye wound,6.63
65290,,Repair of eye socket wound,6.53
65400,,Removal of eye lesion,7.50
65410,,Biopsy of cornea,1.47
65420,,Removal of eye lesion,4.36
65426,,Removal of eye lesion,6.05
65430,,Corneal smear,1.47
65435,,Curette/treat cornea,0.92
65436,,Curette/treat cornea,4.82
65450,,Treatment of corneal lesion,3.47
65600,,Revision of cornea,4.20
65710,,Corneal transplant,14.45
65730,,Corneal transplant,16.35
65750,,Corneal transplant,16.90
65755,,Corneal transplant,16.79
65756,,Corneal trnspl endothelial,16.84
65757,,Prep corneal endo allograft,0.00
65760,,Keratomileusis,0.00
65765,,Keratophakia,0.00
65767,,Epikeratoplasty,0.00
65770,,Keratoprosthesis,19.74
65771,,Radial keratotomy,0.00
65772,,Correction of astigmatism,5.09
65775,,Correction of astigmatism,6.91
65778,,Cover eye w/membrane,0.84
65779,,Cover eye w/membrane suture,1.75
65780,,Ocular reconst transplant,7.03
65781,,Ocular reconst transplant,18.14
65782,,Ocular reconst transplant,15.43
65785,,Impltj ntrstrml crnl rng seg,5.39
65800,,Drainage of eye,1.53
65810,,Drainage of eye,5.82
65815,,Drainage of eye,6.00
65820,,Goniotomy,8.91
65850,,Trabeculotomy ab externo,11.39
65855,,Trabeculoplasty laser surg,3.00
65860,,Severing ads ant sgm laser,3.59
65865,,Incise inner eye adhesions,5.77
65870,,Incise inner eye adhesions,7.39
65875,,Incise inner eye adhesions,7.81
65880,,Incise inner eye adhesions,8.36
65900,,Remove eye lesion,12.51
65920,,Remove implant of eye,9.99
65930,,Remove blood clot from eye,8.39
66020,,Injection treatment of eye,1.64
66030,,Injection treatment of eye,1.30
66130,,Remove eye lesion,7.83
66150,,Glaucoma surgery,10.53
66155,,Glaucoma surgery,10.52
66160,,Glaucoma surgery,12.39
66170,,Glaucoma surgery,13.94
66172,,Incision of eye,14.84
66174,,Trluml dil aq o/f can w/o st,7.62
66175,,Trluml dil aq o/f can w/st,9.34
66179,,Aqueous shunt eye w/o graft,14.00
66180,,Aqueous shunt eye w/graft,15.00
66183,,Insert ant drainage device,13.20
66184,,Revision of aqueous shunt,9.58
66185,,Revise aqueous shunt eye,10.58
66225,,Repair/graft eye lesion,12.63
66250,,Follow-up surgery of eye,7.10
66500,,Incision of iris,3.83
66505,,Incision of iris,4.22
66600,,Remove iris and lesion,10.12
66605,,Removal of iris,14.22
66625,,Removal of iris,5.30
66630,,Removal of iris,7.28
66635,,Removal of iris,7.37
66680,,Repair iris & ciliary body,7.97
66682,,Repair iris & ciliary body,8.74
66683,,Implantation iris prosthesis,10.67
66700,,Destruction ciliary body,5.14
66710,,Ciliary transsleral therapy,5.14
66711,,Ecp ciliary body destruction,5.62
66720,,Destruction ciliary body,4.75
66740,,Destruction ciliary body,5.14
66761,,Revision of iris,3.00
66762,,Revision of iris,5.38
66770,,Removal of inner eye lesion,6.13
66820,,Incision secondary cataract,4.01
66821,,After cataract laser surgery,3.42
66825,,Reposition intraocular lens,9.01
66830,,Removal of lens lesion,9.47
66840,,Removal of lens material,9.18
66850,,Removal of lens material,10.55
66852,,Removal of lens material,11.41
66920,,Extraction of lens,10.13
66930,,Extraction of lens,11.61
66940,,Extraction of lens,10.37
66982,,Xcapsl ctrc rmvl cplx wo ecp,10.25
66983,,Cataract surg w/iol 1 stage,0.00
66984,,Xcapsl ctrc rmvl w/o ecp,7.35
66985,,Insert lens prosthesis,9.98
66986,,Exchange lens prosthesis,12.26
66987,,Xcapsl ctrc rmvl cplx w/ecp,0.00
66988,,Xcapsl ctrc rmvl w/ecp,0.00
66989,,Xcpsl ctrc rmvl cplx insj 1+,12.13
66990,,Ophthalmic endoscope add-on,1.51
66991,,Xcapsl ctrc rmvl insj 1+,9.23
66999,,Unlisted px ant segment eye,0.00
67005,,Partial removal of eye fluid,5.89
67010,,Partial removal of eye fluid,7.06
67015,,Release of eye fluid,7.14
67025,,Replace eye fluid,8.11
67027,,Implant eye drug system,11.62
67028,,Injection eye drug,1.44
67030,,Incise inner eye strands,6.11
67031,,Laser surgery eye strands,4.47
67036,,Removal of inner eye fluid,12.13
67039,,Laser treatment of retina,13.20
67040,,Laser treatment of retina,14.50
67041,,Vit for macular pucker,16.33
67042,,Vit for macular hole,16.33
67043,,Vit for membrane dissect,17.40
67101,,Repair detached retina crtx,3.50
67105,,Repair detached retina pc,3.39
67107,,Repair detached retina,16.00
67108,,Repair detached retina,17.13
67110,,Repair detached retina,10.25
67113,,Repair retinal detach cplx,19.00
67115,,Release encircling material,6.11
67120,,Remove eye implant material,7.10
67121,,Remove eye implant material,12.25
67141,,Proph rta dtchmnt crtx dthrm,2.53
67145,,Proph rta dtchmnt pc,2.53
67208,,Treatment of retinal lesion,7.65
67210,,Treatment of retinal lesion,6.36
67218,,Treatment of retinal lesion,20.36
67220,,Treatment of choroid lesion,6.36
67221,,Ocular photodynamic ther,3.45
67225,,Eye photodynamic ther add-on,0.47
67227,,Dstrj extensive retinopathy,3.50
67228,,Treatment x10sv retinopathy,4.39
67229,,Tr retinal les preterm inf,16.30
67250,,Reinforce eye wall,9.61
67255,,Reinforce/graft eye wall,8.38
67299,,Unlisted px posterior segmnt,0.00
67311,,Revise eye muscle,5.93
67312,,Revise two eye muscles,9.50
67314,,Revise eye muscle,5.93
67316,,Revise two eye muscles,10.31
67318,,Revise eye muscle(s),9.80
67320,,Revise eye muscle(s) add-on,3.00
67331,,Eye surgery follow-up add-on,2.00
67332,,Rerevise eye muscles add-on,3.50
67334,,Revise eye muscle w/suture,2.06
67335,,Eye suture during surgery,3.23
67340,,Revise eye muscle add-on,5.00
67343,,Release eye tissue,8.47
67345,,Destroy nerve of eye muscle,3.01
67346,,Biopsy eye muscle,2.87
67399,,Unlisted px extraocular musc,0.00
67400,,Explore/biopsy eye socket,11.20
67405,,Explore/drain eye socket,9.20
67412,,Explore/treat eye socket,10.30
67413,,Explore/treat eye socket,10.24
67414,,Explr/decompress eye socket,17.94
67415,,Aspiration orbital contents,1.76
67420,,Explore/treat eye socket,21.87
67430,,Explore/treat eye socket,15.29
67440,,Explore/drain eye socket,14.84
67445,,Explr/decompress eye socket,19.12
67450,,Explore/biopsy eye socket,15.41
67500,,Inject/treat eye socket,1.18
67505,,Inject/treat eye socket,1.18
67515,,Inject/treat eye socket,0.75
67516,,Sprchoroidal spc njx rx agt,1.53
67550,,Insert eye socket implant,11.77
67560,,Revise eye socket implant,12.18
67570,,Decompress optic nerve,14.40
67599,,Unlisted procedure orbit,0.00
67700,,Blepharotomy drg absc eyelid,1.40
67710,,Severing tarsorrhaphy,1.07
67715,,Canthotomy,1.27
67800,,Remove eyelid lesion,1.41
67801,,Remove eyelid lesions,1.91
67805,,Remove eyelid lesions,2.27
67808,,Remove eyelid lesion(s),4.60
67810,,Incal bx eyelid skn lid mrgn,1.18
67820,,Revise eyelashes,0.32
67825,,Revise eyelashes,1.43
67830,,Revise eyelashes,1.75
67835,,Revise eyelashes,5.70
67840,,Remove eyelid lesion,2.09
67850,,Dstrj lesion lid margin <1cm,1.74
67875,,Closure of eyelid by suture,1.35
67880,,Revision of eyelid,4.60
67882,,Revision of eyelid,6.02
67900,,Repair brow defect,6.82
67901,,Repair eyelid defect,7.59
67902,,Repair eyelid defect,9.82
67903,,Repair eyelid defect,6.51
67904,,Repair eyelid defect,7.97
67906,,Repair eyelid defect,6.93
67908,,Repair eyelid defect,5.30
67909,,Revise eyelid defect,5.57
67911,,Revise eyelid defect,7.50
67912,,Correction eyelid w/implant,6.36
67914,,Repair eyelid defect,3.75
67915,,Repair eyelid defect,2.03
67916,,Repair eyelid defect,5.48
67917,,Repair eyelid defect,5.93
67921,,Repair eyelid defect,3.47
67922,,Repair eyelid defect,2.03
67923,,Repair eyelid defect,5.48
67924,,Repair eyelid defect,5.93
67930,,Repair eyelid wound,3.65
67935,,Repair eyelid wound,6.36
67938,,Remove eyelid foreign body,1.38
67950,,Revision of eyelid,5.99
67961,,Revision of eyelid,5.86
67966,,Revision of eyelid,8.97
67971,,Reconstruction of eyelid,10.01
67973,,Reconstruction of eyelid,13.13
67974,,Reconstruction of eyelid,13.10
67975,,Reconstruction of eyelid,9.35
67999,,Unlisted procedure eyelids,0.00
68020,,Incise/drain eyelid lining,1.42
68040,,Treatment of eyelid lesions,0.85
68100,,Biopsy conjunctiva,1.35
68110,,Exc les conjunctiva <1 cm,1.82
68115,,Exc les conjunctiva >1 cm,2.41
68130,,Exc les conjunctiva adj scl,5.10
68135,,Destruction les conjunctiva,1.89
68200,,Treat eyelid by injection,0.49
68320,,Revise/graft eyelid lining,6.64
68325,,Revise/graft eyelid lining,8.63
68326,,Revise/graft eyelid lining,8.42
68328,,Revise/graft eyelid lining,9.45
68330,,Revise eyelid lining,5.78
68335,,Revise/graft eyelid lining,8.46
68340,,Separate eyelid adhesions,4.97
68360,,Revise eyelid lining,5.17
68362,,Revise eyelid lining,8.61
68371,,Harvest eye tissue alograft,5.09
68399,,Unlisted px conjunctiva,0.00
68400,,I&d lacrimal gland,1.74
68420,,I&d lacrimal sac,2.35
68440,,Snip inc lacrimal punctum,0.99
68500,,Removal of tear gland,12.77
68505,,Partial removal tear gland,12.69
68510,,Biopsy of tear gland,4.60
68520,,Removal of tear sac,8.78
68525,,Biopsy of tear sac,4.42
68530,,Clearance of tear duct,3.70
68540,,Remove tear gland lesion,12.18
68550,,Remove tear gland lesion,15.16
68700,,Repair tear ducts,7.87
68705,,Revise tear duct opening,2.11
68720,,Create tear sac drain,9.96
68745,,Create tear duct drain,9.90
68750,,Create tear duct drain,10.10
68760,,Close tear duct opening,1.78
68761,,Close tear duct opening,1.41
68770,,Close tear system fistula,8.29
68801,,Dilate tear duct opening,0.82
68810,,Probe nasolacrimal duct,1.54
68811,,Probe nasolacrimal duct,1.74
68815,,Probe nasolacrimal duct,2.70
68816,,Probe nl duct w/balloon,2.10
68840,,Explore/irrigate tear ducts,1.30
68841,,Insj rx elut implt lac canal,0.49
68850,,Injection for tear sac x-ray,0.80
68899,,Unlisted px lacrimal system,0.00
69000,,Drg xtrnl ear absc/hem smpl,1.50
69005,,Drg xtrnl ear absc/hem comp,2.16
69020,,Drg xtrnl aud canal abscess,1.53
69090,,Ear piercing,0.00
69100,,Biopsy of external ear,0.81
69105,,Biopsy of external ear canal,0.85
69110,,Remove external ear partial,3.53
69120,,Removal of external ear,4.14
69140,,Remove ear canal lesion(s),8.14
69145,,Remove ear canal lesion(s),2.70
69150,,Extensive ear canal surgery,13.61
69155,,Extensive ear/neck surgery,23.35
69200,,Clear outer ear canal,0.77
69205,,Clear outer ear canal,1.21
69209,,Remove impacted ear wax uni,0.00
69210,,Remove impacted ear wax uni,0.61
69220,,Clean out mastoid cavity,0.83
69222,,Clean out mastoid cavity,1.45
69300,,Revise external ear,6.44
69310,,Rebuild outer ear canal,10.97
69320,,Rebuild outer ear canal,17.18
69399,,Unlisted px external ear,0.00
69420,,Incision of eardrum,1.38
69421,,Incision of eardrum,1.78
69424,,Remove ventilating tube,0.85
69433,,Create eardrum opening,1.57
69436,,Create eardrum opening,2.01
69440,,Exploration of middle ear,7.71
69450,,Eardrum revision,5.69
69501,,Mastoidectomy,9.21
69502,,Mastoidectomy,12.56
69505,,Remove mastoid structures,13.17
69511,,Extensive mastoid surgery,13.70
69530,,Extensive mastoid surgery,20.38
69535,,Remove part of temporal bone,37.42
69540,,Excision aural polyp,1.25
69550,,Exc aurl glomus tum trnscanl,11.15
69552,,Exc aurl glomus tum trnsmstd,19.81
69554,,Exc aurl glomus tum extended,35.97
69601,,Revj mstdc rsltg compl mstdc,13.45
69602,,Rev mstdc rslt mod rad mstdc,13.76
69603,,Revj mstdc rsltg rad mstdc,14.20
69604,,Revj mstdc rsltg tympanplsty,14.20
69610,,Tympanic membrane repair,4.47
69620,,Myringoplasty,6.03
69631,,Repair eardrum structures,10.05
69632,,Rebuild eardrum structures,12.96
69633,,Rebuild eardrum structures,12.31
69635,,Repair eardrum structures,13.51
69636,,Rebuild eardrum structures,15.43
69637,,Rebuild eardrum structures,15.32
69641,,Revise middle ear & mastoid,12.89
69642,,Revise middle ear & mastoid,17.06
69643,,Revise middle ear & mastoid,15.59
69644,,Revise middle ear & mastoid,17.23
69645,,Revise middle ear & mastoid,16.71
69646,,Revise middle ear & mastoid,18.37
69650,,Stapes mobilization,9.80
69660,,Revise middle ear bone,12.03
69661,,Revise middle ear bone,15.92
69662,,Revise middle ear bone,15.60
69666,,Repair middle ear structures,9.89
69667,,Repair middle ear structures,9.90
69670,,Remove mastoid air cells,11.73
69676,,Remove middle ear nerve,9.69
69700,,Close mastoid fistula,8.37
69705,,Nps surg dilat eust tube uni,3.00
69706,,Nps surg dilat eust tube bi,4.27
69710,,Implant/replace hearing aid,0.00
69711,,Remove/repair hearing aid,10.62
69714,,Impl oi implt skull perq esp,6.68
69716,,Impl oi implt sk tc esp<100,9.03
69717,,Rplcmt oi implt skl prq esp,7.91
69719,,Rplcm oi implt sk tc esp<100,9.46
69720,,Release facial nerve,14.71
69725,,Release facial nerve,27.64
69726,,Rmv ntr oi implt skl prq esp,6.36
69727,,Rmv ntr oi imp sk tc esp<100,7.38
69728,,Rmv ntr oi imp sk tc>=100,8.50
69729,,Impl oi implt sk tc esp>=100,9.97
69730,,Rplc oi implt sk tc esp>=100,10.25
69740,,Repair facial nerve,16.27
69745,,Repair facial nerve,17.02
69799,,Unlisted px middle ear,0.00
69801,,Incise inner ear,2.06
69805,,Explore inner ear,14.71
69806,,Explore inner ear,12.63
69905,,Remove inner ear,11.26
69910,,Remove inner ear & mastoid,13.91
69915,,Incise inner ear nerve,22.77
69930,,Implant cochlear device,17.73
69949,,Unlisted px inner ear,0.00
69950,,Incise inner ear nerve,27.63
69955,,Release facial nerve,29.42
69960,,Release inner ear canal,29.42
69970,,Remove inner ear lesion,32.41
69979,,Unlisted px temporal bone,0.00
69990,,Microsurgery add-on,3.46
70010,,Contrast x-ray of brain,1.19
70015,,Contrast x-ray of brain,1.19
70015,TC,Contrast x-ray of brain,0.00
70015,26,Contrast x-ray of brain,1.19
70030,,X-ray eye for foreign body,0.18
70030,TC,X-ray eye for foreign body,0.00
70030,26,X-ray eye for foreign body,0.18
7010F,,Pt info into recall system,0.00
70100,,X-ray exam of jaw <4views,0.18
70100,TC,X-ray exam of jaw <4views,0.00
70100,26,X-ray exam of jaw <4views,0.18
70110,,X-ray exam of jaw 4/> views,0.25
70110,TC,X-ray exam of jaw 4/> views,0.00
70110,26,X-ray exam of jaw 4/> views,0.25
70120,,X-ray exam of mastoids,0.18
70120,TC,X-ray exam of mastoids,0.00
70120,26,X-ray exam of mastoids,0.18
70130,,X-ray exam of mastoids,0.34
70130,TC,X-ray exam of mastoids,0.00
70130,26,X-ray exam of mastoids,0.34
70134,,X-ray exam of middle ear,0.34
70134,TC,X-ray exam of middle ear,0.00
70134,26,X-ray exam of middle ear,0.34
70140,,X-ray exam of facial bones,0.19
70140,TC,X-ray exam of facial bones,0.00
70140,26,X-ray exam of facial bones,0.19
70150,,X-ray exam of facial bones,0.26
70150,TC,X-ray exam of facial bones,0.00
70150,26,X-ray exam of facial bones,0.26
70160,,X-ray exam of nasal bones,0.17
70160,TC,X-ray exam of nasal bones,0.00
70160,26,X-ray exam of nasal bones,0.17
70170,,X-ray exam of tear duct,0.00
70170,TC,X-ray exam of tear duct,0.00
70170,26,X-ray exam of tear duct,0.30
70190,,X-ray exam of eye sockets,0.21
70190,TC,X-ray exam of eye sockets,0.00
70190,26,X-ray exam of eye sockets,0.21
7020F,,Mammo assess cat in dbase,0.00
70200,,X-ray exam of eye sockets,0.28
70200,TC,X-ray exam of eye sockets,0.00
70200,26,X-ray exam of eye sockets,0.28
70210,,X-ray exam of sinuses,0.17
70210,TC,X-ray exam of sinuses,0.00
70210,26,X-ray exam of sinuses,0.17
70220,,X-ray exam of sinuses,0.22
70220,TC,X-ray exam of sinuses,0.00
70220,26,X-ray exam of sinuses,0.22
70240,,X-ray exam pituitary saddle,0.19
70240,TC,X-ray exam pituitary saddle,0.00
70240,26,X-ray exam pituitary saddle,0.19
7025F,,Pt infosys alarm 4 nxt mammo,0.00
70250,,X-ray exam of skull,0.18
70250,TC,X-ray exam of skull,0.00
70250,26,X-ray exam of skull,0.18
70260,,X-ray exam of skull,0.28
70260,TC,X-ray exam of skull,0.00
70260,26,X-ray exam of skull,0.28
70300,,X-ray exam of teeth,0.10
70300,TC,X-ray exam of teeth,0.00
70300,26,X-ray exam of teeth,0.10
70310,,X-ray exam of teeth,0.16
70310,TC,X-ray exam of teeth,0.00
70310,26,X-ray exam of teeth,0.16
70320,,Full mouth x-ray of teeth,0.22
70320,TC,Full mouth x-ray of teeth,0.00
70320,26,Full mouth x-ray of teeth,0.22
70328,,X-ray exam of jaw joint,0.18
70328,TC,X-ray exam of jaw joint,0.00
70328,26,X-ray exam of jaw joint,0.18
70330,,X-ray exam of jaw joints,0.24
70330,TC,X-ray exam of jaw joints,0.00
70330,26,X-ray exam of jaw joints,0.24
70332,,X-ray exam of jaw joint,0.54
70332,TC,X-ray exam of jaw joint,0.00
70332,26,X-ray exam of jaw joint,0.54
70336,,Magnetic image jaw joint,1.48
70336,TC,Magnetic image jaw joint,0.00
70336,26,Magnetic image jaw joint,1.48
70350,,X-ray head for orthodontia,0.17
70350,TC,X-ray head for orthodontia,0.00
70350,26,X-ray head for orthodontia,0.17
70355,,Panoramic x-ray of jaws,0.20
70355,TC,Panoramic x-ray of jaws,0.00
70355,26,Panoramic x-ray of jaws,0.20
70360,,X-ray exam of neck,0.18
70360,TC,X-ray exam of neck,0.00
70360,26,X-ray exam of neck,0.18
70370,,Throat x-ray & fluoroscopy,0.32
70370,TC,Throat x-ray & fluoroscopy,0.00
70370,26,Throat x-ray & fluoroscopy,0.32
70371,,Speech evaluation complex,0.84
70371,TC,Speech evaluation complex,0.00
70371,26,Speech evaluation complex,0.84
70380,,X-ray exam of salivary gland,0.17
70380,TC,X-ray exam of salivary gland,0.00
70380,26,X-ray exam of salivary gland,0.17
70390,,X-ray exam of salivary duct,0.38
70390,TC,X-ray exam of salivary duct,0.00
70390,26,X-ray exam of salivary duct,0.38
70450,,Ct head/brain w/o dye,0.85
70450,TC,Ct head/brain w/o dye,0.00
70450,26,Ct head/brain w/o dye,0.85
70460,,Ct head/brain w/dye,1.13
70460,TC,Ct head/brain w/dye,0.00
70460,26,Ct head/brain w/dye,1.13
70470,,Ct head/brain w/o & w/dye,1.27
70470,TC,Ct head/brain w/o & w/dye,0.00
70470,26,Ct head/brain w/o & w/dye,1.27
70480,,Ct orbit/ear/fossa w/o dye,1.28
70480,TC,Ct orbit/ear/fossa w/o dye,0.00
70480,26,Ct orbit/ear/fossa w/o dye,1.28
70481,,Ct orbit/ear/fossa w/dye,1.13
70481,TC,Ct orbit/ear/fossa w/dye,0.00
70481,26,Ct orbit/ear/fossa w/dye,1.13
70482,,Ct orbit/ear/fossa w/o&w/dye,1.27
70482,TC,Ct orbit/ear/fossa w/o&w/dye,0.00
70482,26,Ct orbit/ear/fossa w/o&w/dye,1.27
70486,,Ct maxillofacial w/o dye,0.85
70486,TC,Ct maxillofacial w/o dye,0.00
70486,26,Ct maxillofacial w/o dye,0.85
70487,,Ct maxillofacial w/dye,1.13
70487,TC,Ct maxillofacial w/dye,0.00
70487,26,Ct maxillofacial w/dye,1.13
70488,,Ct maxillofacial w/o & w/dye,1.27
70488,TC,Ct maxillofacial w/o & w/dye,0.00
70488,26,Ct maxillofacial w/o & w/dye,1.27
70490,,Ct soft tissue neck w/o dye,1.28
70490,TC,Ct soft tissue neck w/o dye,0.00
70490,26,Ct soft tissue neck w/o dye,1.28
70491,,Ct soft tissue neck w/dye,1.38
70491,TC,Ct soft tissue neck w/dye,0.00
70491,26,Ct soft tissue neck w/dye,1.38
70492,,Ct sft tsue nck w/o & w/dye,1.62
70492,TC,Ct sft tsue nck w/o & w/dye,0.00
70492,26,Ct sft tsue nck w/o & w/dye,1.62
70496,,Ct angiography head,1.75
70496,TC,Ct angiography head,0.00
70496,26,Ct angiography head,1.75
70498,,Ct angiography neck,1.75
70498,TC,Ct angiography neck,0.00
70498,26,Ct angiography neck,1.75
70540,,Mri orbit/face/neck w/o dye,1.35
70540,TC,Mri orbit/face/neck w/o dye,0.00
70540,26,Mri orbit/face/neck w/o dye,1.35
70542,,Mri orbit/face/neck w/dye,1.62
70542,TC,Mri orbit/face/neck w/dye,0.00
70542,26,Mri orbit/face/neck w/dye,1.62
70543,,Mri orbt/fac/nck w/o &w/dye,2.15
70543,TC,Mri orbt/fac/nck w/o &w/dye,0.00
70543,26,Mri orbt/fac/nck w/o &w/dye,2.15
70544,,Mr angiography head w/o dye,1.20
70544,TC,Mr angiography head w/o dye,0.00
70544,26,Mr angiography head w/o dye,1.20
70545,,Mr angiography head w/dye,1.20
70545,TC,Mr angiography head w/dye,0.00
70545,26,Mr angiography head w/dye,1.20
70546,,Mr angiograph head w/o&w/dye,1.48
70546,TC,Mr angiograph head w/o&w/dye,0.00
70546,26,Mr angiograph head w/o&w/dye,1.48
70547,,Mr angiography neck w/o dye,1.20
70547,TC,Mr angiography neck w/o dye,0.00
70547,26,Mr angiography neck w/o dye,1.20
70548,,Mr angiography neck w/dye,1.50
70548,TC,Mr angiography neck w/dye,0.00
70548,26,Mr angiography neck w/dye,1.50
70549,,Mr angiograph neck w/o&w/dye,1.80
70549,TC,Mr angiograph neck w/o&w/dye,0.00
70549,26,Mr angiograph neck w/o&w/dye,1.80
70551,,Mri brain stem w/o dye,1.48
70551,TC,Mri brain stem w/o dye,0.00
70551,26,Mri brain stem w/o dye,1.48
70552,,Mri brain stem w/dye,1.78
70552,TC,Mri brain stem w/dye,0.00
70552,26,Mri brain stem w/dye,1.78
70553,,Mri brain stem w/o & w/dye,2.29
70553,TC,Mri brain stem w/o & w/dye,0.00
70553,26,Mri brain stem w/o & w/dye,2.29
70554,,Fmri brain by tech,2.11
70554,TC,Fmri brain by tech,0.00
70554,26,Fmri brain by tech,2.11
70555,,Fmri brain by phys/psych,0.00
70555,TC,Fmri brain by phys/psych,0.00
70555,26,Fmri brain by phys/psych,2.54
70557,,Mri brain w/o dye,0.00
70557,TC,Mri brain w/o dye,0.00
70557,26,Mri brain w/o dye,2.90
70558,,Mri brain w/dye,0.00
70558,TC,Mri brain w/dye,0.00
70558,26,Mri brain w/dye,3.20
70559,,Mri brain w/o & w/dye,0.00
70559,TC,Mri brain w/o & w/dye,0.00
70559,26,Mri brain w/o & w/dye,3.20
71045,,X-ray exam chest 1 view,0.18
71045,TC,X-ray exam chest 1 view,0.00
71045,26,X-ray exam chest 1 view,0.18
71046,,X-ray exam chest 2 views,0.22
71046,TC,X-ray exam chest 2 views,0.00
71046,26,X-ray exam chest 2 views,0.22
71047,,X-ray exam chest 3 views,0.27
71047,TC,X-ray exam chest 3 views,0.00
71047,26,X-ray exam chest 3 views,0.27
71048,,X-ray exam chest 4+ views,0.31
71048,TC,X-ray exam chest 4+ views,0.00
71048,26,X-ray exam chest 4+ views,0.31
71100,,X-ray exam ribs uni 2 views,0.22
71100,TC,X-ray exam ribs uni 2 views,0.00
71100,26,X-ray exam ribs uni 2 views,0.22
71101,,X-ray exam unilat ribs/chest,0.27
71101,TC,X-ray exam unilat ribs/chest,0.00
71101,26,X-ray exam unilat ribs/chest,0.27
71110,,X-ray exam ribs bil 3 views,0.29
71110,TC,X-ray exam ribs bil 3 views,0.00
71110,26,X-ray exam ribs bil 3 views,0.29
71111,,X-ray exam ribs/chest4/> vws,0.32
71111,TC,X-ray exam ribs/chest4/> vws,0.00
71111,26,X-ray exam ribs/chest4/> vws,0.32
71120,,X-ray exam breastbone 2/>vws,0.20
71120,TC,X-ray exam breastbone 2/>vws,0.00
71120,26,X-ray exam breastbone 2/>vws,0.20
71130,,X-ray strenoclavic jt 3/>vws,0.22
71130,TC,X-ray strenoclavic jt 3/>vws,0.00
71130,26,X-ray strenoclavic jt 3/>vws,0.22
71250,,Ct thorax dx c-,1.08
71250,TC,Ct thorax dx c-,0.00
71250,26,Ct thorax dx c-,1.08
71260,,Ct thorax dx c+,1.16
71260,TC,Ct thorax dx c+,0.00
71260,26,Ct thorax dx c+,1.16
71270,,Ct thorax dx c-/c+,1.25
71270,TC,Ct thorax dx c-/c+,0.00
71270,26,Ct thorax dx c-/c+,1.25
71271,,Ct thorax lung cancer scr c-,1.08
71271,TC,Ct thorax lung cancer scr c-,0.00
71271,26,Ct thorax lung cancer scr c-,1.08
71275,,Ct angiography chest,1.82
71275,TC,Ct angiography chest,0.00
71275,26,Ct angiography chest,1.82
71550,,Mri chest w/o dye,1.46
71550,TC,Mri chest w/o dye,0.00
71550,26,Mri chest w/o dye,1.46
71551,,Mri chest w/dye,1.73
71551,TC,Mri chest w/dye,0.00
71551,26,Mri chest w/dye,1.73
71552,,Mri chest w/o & w/dye,2.26
71552,TC,Mri chest w/o & w/dye,0.00
71552,26,Mri chest w/o & w/dye,2.26
71555,,Mri angio chest w or w/o dye,1.81
71555,TC,Mri angio chest w or w/o dye,0.00
71555,26,Mri angio chest w or w/o dye,1.81
72020,,X-ray exam of spine 1 view,0.16
72020,TC,X-ray exam of spine 1 view,0.00
72020,26,X-ray exam of spine 1 view,0.16
72040,,X-ray exam neck spine 2-3 vw,0.22
72040,TC,X-ray exam neck spine 2-3 vw,0.00
72040,26,X-ray exam neck spine 2-3 vw,0.22
72050,,X-ray exam neck spine 4/5vws,0.27
72050,TC,X-ray exam neck spine 4/5vws,0.00
72050,26,X-ray exam neck spine 4/5vws,0.27
72052,,X-ray exam neck spine 6/>vws,0.30
72052,TC,X-ray exam neck spine 6/>vws,0.00
72052,26,X-ray exam neck spine 6/>vws,0.30
72070,,X-ray exam thorac spine 2vws,0.20
72070,TC,X-ray exam thorac spine 2vws,0.00
72070,26,X-ray exam thorac spine 2vws,0.20
72072,,X-ray exam thorac spine 3vws,0.23
72072,TC,X-ray exam thorac spine 3vws,0.00
72072,26,X-ray exam thorac spine 3vws,0.23
72074,,X-ray exam thorac spine4/>vw,0.25
72074,TC,X-ray exam thorac spine4/>vw,0.00
72074,26,X-ray exam thorac spine4/>vw,0.25
72080,,X-ray exam thoracolmb 2/> vw,0.21
72080,TC,X-ray exam thoracolmb 2/> vw,0.00
72080,26,X-ray exam thoracolmb 2/> vw,0.21
72081,,X-ray exam entire spi 1 vw,0.26
72081,TC,X-ray exam entire spi 1 vw,0.00
72081,26,X-ray exam entire spi 1 vw,0.26
72082,,X-ray exam entire spi 2/3 vw,0.31
72082,TC,X-ray exam entire spi 2/3 vw,0.00
72082,26,X-ray exam entire spi 2/3 vw,0.31
72083,,X-ray exam entire spi 4/5 vw,0.35
72083,TC,X-ray exam entire spi 4/5 vw,0.00
72083,26,X-ray exam entire spi 4/5 vw,0.35
72084,,X-ray exam entire spi 6/> vw,0.41
72084,TC,X-ray exam entire spi 6/> vw,0.00
72084,26,X-ray exam entire spi 6/> vw,0.41
72100,,X-ray exam l-s spine 2/3 vws,0.22
72100,TC,X-ray exam l-s spine 2/3 vws,0.00
72100,26,X-ray exam l-s spine 2/3 vws,0.22
72110,,X-ray exam l-2 spine 4/>vws,0.26
72110,TC,X-ray exam l-2 spine 4/>vws,0.00
72110,26,X-ray exam l-2 spine 4/>vws,0.26
72114,,X-ray exam l-s spine bending,0.30
72114,TC,X-ray exam l-s spine bending,0.00
72114,26,X-ray exam l-s spine bending,0.30
72120,,X-ray bend only l-s spine,0.22
72120,TC,X-ray bend only l-s spine,0.00
72120,26,X-ray bend only l-s spine,0.22
72125,,Ct neck spine w/o dye,1.00
72125,TC,Ct neck spine w/o dye,0.00
72125,26,Ct neck spine w/o dye,1.00
72126,,Ct neck spine w/dye,1.22
72126,TC,Ct neck spine w/dye,0.00
72126,26,Ct neck spine w/dye,1.22
72127,,Ct neck spine w/o & w/dye,1.27
72127,TC,Ct neck spine w/o & w/dye,0.00
72127,26,Ct neck spine w/o & w/dye,1.27
72128,,Ct chest spine w/o dye,1.00
72128,TC,Ct chest spine w/o dye,0.00
72128,26,Ct chest spine w/o dye,1.00
72129,,Ct chest spine w/dye,1.22
72129,TC,Ct chest spine w/dye,0.00
72129,26,Ct chest spine w/dye,1.22
72130,,Ct chest spine w/o & w/dye,1.27
72130,TC,Ct chest spine w/o & w/dye,0.00
72130,26,Ct chest spine w/o & w/dye,1.27
72131,,Ct lumbar spine w/o dye,1.00
72131,TC,Ct lumbar spine w/o dye,0.00
72131,26,Ct lumbar spine w/o dye,1.00
72132,,Ct lumbar spine w/dye,1.22
72132,TC,Ct lumbar spine w/dye,0.00
72132,26,Ct lumbar spine w/dye,1.22
72133,,Ct lumbar spine w/o & w/dye,1.27
72133,TC,Ct lumbar spine w/o & w/dye,0.00
72133,26,Ct lumbar spine w/o & w/dye,1.27
72141,,Mri neck spine w/o dye,1.48
72141,TC,Mri neck spine w/o dye,0.00
72141,26,Mri neck spine w/o dye,1.48
72142,,Mri neck spine w/dye,1.78
72142,TC,Mri neck spine w/dye,0.00
72142,26,Mri neck spine w/dye,1.78
72146,,Mri chest spine w/o dye,1.48
72146,TC,Mri chest spine w/o dye,0.00
72146,26,Mri chest spine w/o dye,1.48
72147,,Mri chest spine w/dye,1.78
72147,TC,Mri chest spine w/dye,0.00
72147,26,Mri chest spine w/dye,1.78
72148,,Mri lumbar spine w/o dye,1.48
72148,TC,Mri lumbar spine w/o dye,0.00
72148,26,Mri lumbar spine w/o dye,1.48
72149,,Mri lumbar spine w/dye,1.78
72149,TC,Mri lumbar spine w/dye,0.00
72149,26,Mri lumbar spine w/dye,1.78
72156,,Mri neck spine w/o & w/dye,2.29
72156,TC,Mri neck spine w/o & w/dye,0.00
72156,26,Mri neck spine w/o & w/dye,2.29
72157,,Mri chest spine w/o & w/dye,2.29
72157,TC,Mri chest spine w/o & w/dye,0.00
72157,26,Mri chest spine w/o & w/dye,2.29
72158,,Mri lumbar spine w/o & w/dye,2.29
72158,TC,Mri lumbar spine w/o & w/dye,0.00
72158,26,Mri lumbar spine w/o & w/dye,2.29
72159,,Mr angio spine w/o&w/dye,1.80
72159,TC,Mr angio spine w/o&w/dye,0.00
72159,26,Mr angio spine w/o&w/dye,1.80
72170,,X-ray exam of pelvis,0.17
72170,TC,X-ray exam of pelvis,0.00
72170,26,X-ray exam of pelvis,0.17
72190,,X-ray exam of pelvis,0.25
72190,TC,X-ray exam of pelvis,0.00
72190,26,X-ray exam of pelvis,0.25
72191,,Ct angiograph pelv w/o&w/dye,1.81
72191,TC,Ct angiograph pelv w/o&w/dye,0.00
72191,26,Ct angiograph pelv w/o&w/dye,1.81
72192,,Ct pelvis w/o dye,1.09
72192,TC,Ct pelvis w/o dye,0.00
72192,26,Ct pelvis w/o dye,1.09
72193,,Ct pelvis w/dye,1.16
72193,TC,Ct pelvis w/dye,0.00
72193,26,Ct pelvis w/dye,1.16
72194,,Ct pelvis w/o & w/dye,1.22
72194,TC,Ct pelvis w/o & w/dye,0.00
72194,26,Ct pelvis w/o & w/dye,1.22
72195,,Mri pelvis w/o dye,1.46
72195,TC,Mri pelvis w/o dye,0.00
72195,26,Mri pelvis w/o dye,1.46
72196,,Mri pelvis w/dye,1.73
72196,TC,Mri pelvis w/dye,0.00
72196,26,Mri pelvis w/dye,1.73
72197,,Mri pelvis w/o & w/dye,2.20
72197,TC,Mri pelvis w/o & w/dye,0.00
72197,26,Mri pelvis w/o & w/dye,2.20
72198,,Mr angio pelvis w/o & w/dye,1.80
72198,TC,Mr angio pelvis w/o & w/dye,0.00
72198,26,Mr angio pelvis w/o & w/dye,1.80
72200,,X-ray exam si joints,0.17
72200,TC,X-ray exam si joints,0.00
72200,26,X-ray exam si joints,0.17
72202,,X-ray exam si joints 3/> vws,0.23
72202,TC,X-ray exam si joints 3/> vws,0.00
72202,26,X-ray exam si joints 3/> vws,0.23
72220,,X-ray exam sacrum tailbone,0.17
72220,TC,X-ray exam sacrum tailbone,0.00
72220,26,X-ray exam sacrum tailbone,0.17
72240,,Myelography neck spine,0.91
72240,TC,Myelography neck spine,0.00
72240,26,Myelography neck spine,0.91
72255,,Myelography thoracic spine,0.91
72255,TC,Myelography thoracic spine,0.00
72255,26,Myelography thoracic spine,0.91
72265,,Myelography l-s spine,0.83
72265,TC,Myelography l-s spine,0.00
72265,26,Myelography l-s spine,0.83
72270,,Myelogphy 2/> spine regions,1.33
72270,TC,Myelogphy 2/> spine regions,0.00
72270,26,Myelogphy 2/> spine regions,1.33
72285,,Discography cerv/thor spine,1.16
72285,TC,Discography cerv/thor spine,0.00
72285,26,Discography cerv/thor spine,1.16
72295,,X-ray of lower spine disk,0.83
72295,TC,X-ray of lower spine disk,0.00
72295,26,X-ray of lower spine disk,0.83
73000,,X-ray exam of collar bone,0.16
73000,TC,X-ray exam of collar bone,0.00
73000,26,X-ray exam of collar bone,0.16
73010,,X-ray exam of shoulder blade,0.17
73010,TC,X-ray exam of shoulder blade,0.00
73010,26,X-ray exam of shoulder blade,0.17
73020,,X-ray exam of shoulder,0.15
73020,TC,X-ray exam of shoulder,0.00
73020,26,X-ray exam of shoulder,0.15
73030,,X-ray exam of shoulder,0.18
73030,TC,X-ray exam of shoulder,0.00
73030,26,X-ray exam of shoulder,0.18
73040,,Contrast x-ray of shoulder,0.54
73040,TC,Contrast x-ray of shoulder,0.00
73040,26,Contrast x-ray of shoulder,0.54
73050,,X-ray exam of shoulders,0.18
73050,TC,X-ray exam of shoulders,0.00
73050,26,X-ray exam of shoulders,0.18
73060,,X-ray exam of humerus,0.16
73060,TC,X-ray exam of humerus,0.00
73060,26,X-ray exam of humerus,0.16
73070,,X-ray exam of elbow,0.16
73070,TC,X-ray exam of elbow,0.00
73070,26,X-ray exam of elbow,0.16
73080,,X-ray exam of elbow,0.17
73080,TC,X-ray exam of elbow,0.00
73080,26,X-ray exam of elbow,0.17
73085,,Contrast x-ray of elbow,0.54
73085,TC,Contrast x-ray of elbow,0.00
73085,26,Contrast x-ray of elbow,0.54
73090,,X-ray exam of forearm,0.16
73090,TC,X-ray exam of forearm,0.00
73090,26,X-ray exam of forearm,0.16
73092,,X-ray exam of arm infant,0.16
73092,TC,X-ray exam of arm infant,0.00
73092,26,X-ray exam of arm infant,0.16
73100,,X-ray exam of wrist,0.16
73100,TC,X-ray exam of wrist,0.00
73100,26,X-ray exam of wrist,0.16
73110,,X-ray exam of wrist,0.17
73110,TC,X-ray exam of wrist,0.00
73110,26,X-ray exam of wrist,0.17
73115,,Contrast x-ray of wrist,0.54
73115,TC,Contrast x-ray of wrist,0.00
73115,26,Contrast x-ray of wrist,0.54
73120,,X-ray exam of hand,0.16
73120,TC,X-ray exam of hand,0.00
73120,26,X-ray exam of hand,0.16
73130,,X-ray exam of hand,0.17
73130,TC,X-ray exam of hand,0.00
73130,26,X-ray exam of hand,0.17
73140,,X-ray exam of finger(s),0.13
73140,TC,X-ray exam of finger(s),0.00
73140,26,X-ray exam of finger(s),0.13
73200,,Ct upper extremity w/o dye,1.00
73200,TC,Ct upper extremity w/o dye,0.00
73200,26,Ct upper extremity w/o dye,1.00
73201,,Ct upper extremity w/dye,1.16
73201,TC,Ct upper extremity w/dye,0.00
73201,26,Ct upper extremity w/dye,1.16
73202,,Ct uppr extremity w/o&w/dye,1.22
73202,TC,Ct uppr extremity w/o&w/dye,0.00
73202,26,Ct uppr extremity w/o&w/dye,1.22
73206,,Ct angio upr extrm w/o&w/dye,1.81
73206,TC,Ct angio upr extrm w/o&w/dye,0.00
73206,26,Ct angio upr extrm w/o&w/dye,1.81
73218,,Mri upper extremity w/o dye,1.35
73218,TC,Mri upper extremity w/o dye,0.00
73218,26,Mri upper extremity w/o dye,1.35
73219,,Mri upper extremity w/dye,1.62
73219,TC,Mri upper extremity w/dye,0.00
73219,26,Mri upper extremity w/dye,1.62
73220,,Mri uppr extremity w/o&w/dye,2.15
73220,TC,Mri uppr extremity w/o&w/dye,0.00
73220,26,Mri uppr extremity w/o&w/dye,2.15
73221,,Mri joint upr extrem w/o dye,1.35
73221,TC,Mri joint upr extrem w/o dye,0.00
73221,26,Mri joint upr extrem w/o dye,1.35
73222,,Mri joint upr extrem w/dye,1.62
73222,TC,Mri joint upr extrem w/dye,0.00
73222,26,Mri joint upr extrem w/dye,1.62
73223,,Mri joint upr extr w/o&w/dye,2.15
73223,TC,Mri joint upr extr w/o&w/dye,0.00
73223,26,Mri joint upr extr w/o&w/dye,2.15
73225,,Mr angio upr extr w/o&w/dye,1.73
73225,TC,Mr angio upr extr w/o&w/dye,0.00
73225,26,Mr angio upr extr w/o&w/dye,1.73
73501,,X-ray exam hip uni 1 view,0.18
73501,TC,X-ray exam hip uni 1 view,0.00
73501,26,X-ray exam hip uni 1 view,0.18
73502,,X-ray exam hip uni 2-3 views,0.22
73502,TC,X-ray exam hip uni 2-3 views,0.00
73502,26,X-ray exam hip uni 2-3 views,0.22
73503,,X-ray exam hip uni 4/> views,0.27
73503,TC,X-ray exam hip uni 4/> views,0.00
73503,26,X-ray exam hip uni 4/> views,0.27
73521,,X-ray exam hips bi 2 views,0.22
73521,TC,X-ray exam hips bi 2 views,0.00
73521,26,X-ray exam hips bi 2 views,0.22
73522,,X-ray exam hips bi 3-4 views,0.29
73522,TC,X-ray exam hips bi 3-4 views,0.00
73522,26,X-ray exam hips bi 3-4 views,0.29
73523,,X-ray exam hips bi 5/> views,0.31
73523,TC,X-ray exam hips bi 5/> views,0.00
73523,26,X-ray exam hips bi 5/> views,0.31
73525,,Contrast x-ray of hip,0.54
73525,TC,Contrast x-ray of hip,0.00
73525,26,Contrast x-ray of hip,0.54
73551,,X-ray exam of femur 1,0.16
73551,TC,X-ray exam of femur 1,0.00
73551,26,X-ray exam of femur 1,0.16
73552,,X-ray exam of femur 2/>,0.18
73552,TC,X-ray exam of femur 2/>,0.00
73552,26,X-ray exam of femur 2/>,0.18
73560,,X-ray exam of knee 1 or 2,0.16
73560,TC,X-ray exam of knee 1 or 2,0.00
73560,26,X-ray exam of knee 1 or 2,0.16
73562,,X-ray exam of knee 3,0.18
73562,TC,X-ray exam of knee 3,0.00
73562,26,X-ray exam of knee 3,0.18
73564,,X-ray exam knee 4 or more,0.22
73564,TC,X-ray exam knee 4 or more,0.00
73564,26,X-ray exam knee 4 or more,0.22
73565,,X-ray exam of knees,0.16
73565,TC,X-ray exam of knees,0.00
73565,26,X-ray exam of knees,0.16
73580,,Contrast x-ray of knee joint,0.59
73580,TC,Contrast x-ray of knee joint,0.00
73580,26,Contrast x-ray of knee joint,0.59
73590,,X-ray exam of lower leg,0.16
73590,TC,X-ray exam of lower leg,0.00
73590,26,X-ray exam of lower leg,0.16
73592,,X-ray exam of leg infant,0.16
73592,TC,X-ray exam of leg infant,0.00
73592,26,X-ray exam of leg infant,0.16
73600,,X-ray exam of ankle,0.16
73600,TC,X-ray exam of ankle,0.00
73600,26,X-ray exam of ankle,0.16
73610,,X-ray exam of ankle,0.17
73610,TC,X-ray exam of ankle,0.00
73610,26,X-ray exam of ankle,0.17
73615,,Contrast x-ray of ankle,0.54
73615,TC,Contrast x-ray of ankle,0.00
73615,26,Contrast x-ray of ankle,0.54
73620,,X-ray exam of foot,0.16
73620,TC,X-ray exam of foot,0.00
73620,26,X-ray exam of foot,0.16
73630,,X-ray exam of foot,0.17
73630,TC,X-ray exam of foot,0.00
73630,26,X-ray exam of foot,0.17
73650,,X-ray exam of heel,0.16
73650,TC,X-ray exam of heel,0.00
73650,26,X-ray exam of heel,0.16
73660,,X-ray exam of toe(s),0.13
73660,TC,X-ray exam of toe(s),0.00
73660,26,X-ray exam of toe(s),0.13
73700,,Ct lower extremity w/o dye,1.00
73700,TC,Ct lower extremity w/o dye,0.00
73700,26,Ct lower extremity w/o dye,1.00
73701,,Ct lower extremity w/dye,1.16
73701,TC,Ct lower extremity w/dye,0.00
73701,26,Ct lower extremity w/dye,1.16
73702,,Ct lwr extremity w/o&w/dye,1.22
73702,TC,Ct lwr extremity w/o&w/dye,0.00
73702,26,Ct lwr extremity w/o&w/dye,1.22
73706,,Ct angio lwr extr w/o&w/dye,1.90
73706,TC,Ct angio lwr extr w/o&w/dye,0.00
73706,26,Ct angio lwr extr w/o&w/dye,1.90
73718,,Mri lower extremity w/o dye,1.35
73718,TC,Mri lower extremity w/o dye,0.00
73718,26,Mri lower extremity w/o dye,1.35
73719,,Mri lower extremity w/dye,1.62
73719,TC,Mri lower extremity w/dye,0.00
73719,26,Mri lower extremity w/dye,1.62
73720,,Mri lwr extremity w/o&w/dye,2.15
73720,TC,Mri lwr extremity w/o&w/dye,0.00
73720,26,Mri lwr extremity w/o&w/dye,2.15
73721,,Mri jnt of lwr extre w/o dye,1.35
73721,TC,Mri jnt of lwr extre w/o dye,0.00
73721,26,Mri jnt of lwr extre w/o dye,1.35
73722,,Mri joint of lwr extr w/dye,1.62
73722,TC,Mri joint of lwr extr w/dye,0.00
73722,26,Mri joint of lwr extr w/dye,1.62
73723,,Mri joint lwr extr w/o&w/dye,2.15
73723,TC,Mri joint lwr extr w/o&w/dye,0.00
73723,26,Mri joint lwr extr w/o&w/dye,2.15
73725,,Mr ang lwr ext w or w/o dye,1.82
73725,TC,Mr ang lwr ext w or w/o dye,0.00
73725,26,Mr ang lwr ext w or w/o dye,1.82
74018,,Radex abdomen 1 view,0.18
74018,TC,Radex abdomen 1 view,0.00
74018,26,Radex abdomen 1 view,0.18
74019,,Radex abdomen 2 views,0.23
74019,TC,Radex abdomen 2 views,0.00
74019,26,Radex abdomen 2 views,0.23
74021,,Radex abdomen 3+ views,0.27
74021,TC,Radex abdomen 3+ views,0.00
74021,26,Radex abdomen 3+ views,0.27
74022,,Radex compl aqt abd series,0.32
74022,TC,Radex compl aqt abd series,0.00
74022,26,Radex compl aqt abd series,0.32
74150,,Ct abdomen w/o contrast,1.19
74150,TC,Ct abdomen w/o contrast,0.00
74150,26,Ct abdomen w/o contrast,1.19
74160,,Ct abdomen w/contrast,1.27
74160,TC,Ct abdomen w/contrast,0.00
74160,26,Ct abdomen w/contrast,1.27
74170,,Ct abd wo cntrst flwd cntrst,1.40
74170,TC,Ct abd wo cntrst flwd cntrst,0.00
74170,26,Ct abd wo cntrst flwd cntrst,1.40
74174,,Cta abd&plvs w/contrast,2.20
74174,TC,Cta abd&plvs w/contrast,0.00
74174,26,Cta abd&plvs w/contrast,2.20
74175,,Cta abdomen w/contrast,1.82
74175,TC,Cta abdomen w/contrast,0.00
74175,26,Cta abdomen w/contrast,1.82
74176,,Ct abd & pelvis w/o contrast,1.74
74176,TC,Ct abd & pelvis w/o contrast,0.00
74176,26,Ct abd & pelvis w/o contrast,1.74
74177,,Ct abd & pelvis w/contrast,1.82
74177,TC,Ct abd & pelvis w/contrast,0.00
74177,26,Ct abd & pelvis w/contrast,1.82
74178,,Ct abd&plv wo cntr flwd cntr,2.01
74178,TC,Ct abd&plv wo cntr flwd cntr,0.00
74178,26,Ct abd&plv wo cntr flwd cntr,2.01
74181,,Mri abdomen w/o contrast,1.46
74181,TC,Mri abdomen w/o contrast,0.00
74181,26,Mri abdomen w/o contrast,1.46
74182,,Mri abdomen w/contrast,1.73
74182,TC,Mri abdomen w/contrast,0.00
74182,26,Mri abdomen w/contrast,1.73
74183,,Mri abd w/o cntr flwd cntr,2.20
74183,TC,Mri abd w/o cntr flwd cntr,0.00
74183,26,Mri abd w/o cntr flwd cntr,2.20
74185,,Mra abd w or w/o cntrst,1.80
74185,TC,Mra abd w or w/o cntrst,0.00
74185,26,Mra abd w or w/o cntrst,1.80
74190,,Peritoneogram rs&i,0.00
74190,TC,Peritoneogram rs&i,0.00
74190,26,Peritoneogram rs&i,0.48
74210,,X-ray xm phrnx&/crv esoph c+,0.59
74210,TC,X-ray xm phrnx&/crv esoph c+,0.00
74210,26,X-ray xm phrnx&/crv esoph c+,0.59
74220,,X-ray xm esophagus 1cntrst,0.60
74220,TC,X-ray xm esophagus 1cntrst,0.00
74220,26,X-ray xm esophagus 1cntrst,0.60
74221,,X-ray xm esophagus 2cntrst,0.70
74221,TC,X-ray xm esophagus 2cntrst,0.00
74221,26,X-ray xm esophagus 2cntrst,0.70
74230,,X-ray xm swlng funcj c+,0.53
74230,TC,X-ray xm swlng funcj c+,0.00
74230,26,X-ray xm swlng funcj c+,0.53
74235,,Remove esophagus obstruction,0.00
74235,TC,Remove esophagus obstruction,0.00
74235,26,Remove esophagus obstruction,1.19
74240,,X-ray xm upr gi trc 1cntrst,0.80
74240,TC,X-ray xm upr gi trc 1cntrst,0.00
74240,26,X-ray xm upr gi trc 1cntrst,0.80
74246,,X-ray xm upr gi trc 2cntrst,0.90
74246,TC,X-ray xm upr gi trc 2cntrst,0.00
74246,26,X-ray xm upr gi trc 2cntrst,0.90
74248,,X-ray sm int f-thru std,0.70
74248,TC,X-ray sm int f-thru std,0.00
74248,26,X-ray sm int f-thru std,0.70
74250,,X-ray xm sm int 1cntrst std,0.81
74250,TC,X-ray xm sm int 1cntrst std,0.00
74250,26,X-ray xm sm int 1cntrst std,0.81
74251,,X-ray xm sm int 2cntrst std,1.17
74251,TC,X-ray xm sm int 2cntrst std,0.00
74251,26,X-ray xm sm int 2cntrst std,1.17
74261,,Ct colonography dx,2.40
74261,TC,Ct colonography dx,0.00
74261,26,Ct colonography dx,2.40
74262,,Ct colonography dx w/dye,2.50
74262,TC,Ct colonography dx w/dye,0.00
74262,26,Ct colonography dx w/dye,2.50
74263,,Ct colonography screening,2.28
74263,TC,Ct colonography screening,0.00
74263,26,Ct colonography screening,2.28
74270,,X-ray xm colon 1cntrst std,1.04
74270,TC,X-ray xm colon 1cntrst std,0.00
74270,26,X-ray xm colon 1cntrst std,1.04
74280,,X-ray xm colon 2cntrst std,1.26
74280,TC,X-ray xm colon 2cntrst std,0.00
74280,26,X-ray xm colon 2cntrst std,1.26
74283,,Ther nma rdctj intus/obstrcj,2.02
74283,TC,Ther nma rdctj intus/obstrcj,0.00
74283,26,Ther nma rdctj intus/obstrcj,2.02
74290,,Contrast x-ray gallbladder,0.32
74290,TC,Contrast x-ray gallbladder,0.00
74290,26,Contrast x-ray gallbladder,0.32
74300,,X-ray bile ducts/pancreas,0.00
74300,TC,X-ray bile ducts/pancreas,0.00
74300,26,X-ray bile ducts/pancreas,0.27
74301,,X-rays at surgery add-on,0.00
74301,TC,X-rays at surgery add-on,0.00
74301,26,X-rays at surgery add-on,0.21
74328,,X-ray bile duct endoscopy,0.00
74328,TC,X-ray bile duct endoscopy,0.00
74328,26,X-ray bile duct endoscopy,0.47
74329,,X-ray for pancreas endoscopy,0.00
74329,TC,X-ray for pancreas endoscopy,0.00
74329,26,X-ray for pancreas endoscopy,0.47
74330,,X-ray bile/panc endoscopy,0.00
74330,TC,X-ray bile/panc endoscopy,0.00
74330,26,X-ray bile/panc endoscopy,0.56
74340,,X-ray guide for gi tube,0.00
74340,TC,X-ray guide for gi tube,0.00
74340,26,X-ray guide for gi tube,0.54
74355,,X-ray guide intestinal tube,0.00
74355,TC,X-ray guide intestinal tube,0.00
74355,26,X-ray guide intestinal tube,0.76
74360,,X-ray guide gi dilation,0.00
74360,TC,X-ray guide gi dilation,0.00
74360,26,X-ray guide gi dilation,0.54
74363,,X-ray bile duct dilation,0.00
74363,TC,X-ray bile duct dilation,0.00
74363,26,X-ray bile duct dilation,0.88
74400,,Urography iv +-kub tomog,0.49
74400,TC,Urography iv +-kub tomog,0.00
74400,26,Urography iv +-kub tomog,0.49
74410,,Urography nfs drip&/bolus,0.49
74410,TC,Urography nfs drip&/bolus,0.00
74410,26,Urography nfs drip&/bolus,0.49
74415,,Urography nfs drip&/bls w/nf,0.49
74415,TC,Urography nfs drip&/bls w/nf,0.00
74415,26,Urography nfs drip&/bls w/nf,0.49
74420,,Urography rtrgr +-kub,0.52
74420,TC,Urography rtrgr +-kub,0.00
74420,26,Urography rtrgr +-kub,0.52
74425,,Urography antegrade rs&i,0.51
74425,TC,Urography antegrade rs&i,0.00
74425,26,Urography antegrade rs&i,0.51
74430,,Contrast x-ray bladder,0.32
74430,TC,Contrast x-ray bladder,0.00
74430,26,Contrast x-ray bladder,0.32
74440,,X-ray male genital tract,0.38
74440,TC,X-ray male genital tract,0.00
74440,26,X-ray male genital tract,0.38
74445,,X-ray exam of penis,0.00
74445,TC,X-ray exam of penis,0.00
74445,26,X-ray exam of penis,1.14
74450,,X-ray urethra/bladder,0.00
74450,TC,X-ray urethra/bladder,0.00
74450,26,X-ray urethra/bladder,0.33
74455,,X-ray urethra/bladder,0.33
74455,TC,X-ray urethra/bladder,0.00
74455,26,X-ray urethra/bladder,0.33
74470,,X-ray exam of kidney lesion,0.00
74470,TC,X-ray exam of kidney lesion,0.00
74470,26,X-ray exam of kidney lesion,0.54
74485,,Dilation urtr/urt rs&i,0.83
74485,TC,Dilation urtr/urt rs&i,0.00
74485,26,Dilation urtr/urt rs&i,0.83
74712,,Mri fetal sngl/1st gestation,3.00
74712,TC,Mri fetal sngl/1st gestation,0.00
74712,26,Mri fetal sngl/1st gestation,3.00
74713,,Mri fetal ea addl gestation,1.85
74713,TC,Mri fetal ea addl gestation,0.00
74713,26,Mri fetal ea addl gestation,1.85
74740,,X-ray female genital tract,0.38
74740,TC,X-ray female genital tract,0.00
74740,26,X-ray female genital tract,0.38
74742,,X-ray fallopian tube,0.00
74742,TC,X-ray fallopian tube,0.00
74742,26,X-ray fallopian tube,0.61
74775,,X-ray exam of perineum,0.00
74775,TC,X-ray exam of perineum,0.00
74775,26,X-ray exam of perineum,0.62
75557,,Cardiac mri for morph,2.35
75557,TC,Cardiac mri for morph,0.00
75557,26,Cardiac mri for morph,2.35
75559,,Cardiac mri w/stress img,2.95
75559,TC,Cardiac mri w/stress img,0.00
75559,26,Cardiac mri w/stress img,2.95
75561,,Cardiac mri for morph w/dye,2.60
75561,TC,Cardiac mri for morph w/dye,0.00
75561,26,Cardiac mri for morph w/dye,2.60
75563,,Card mri w/stress img & dye,3.00
75563,TC,Card mri w/stress img & dye,0.00
75563,26,Card mri w/stress img & dye,3.00
75565,,Card mri veloc flow mapping,0.25
75565,TC,Card mri veloc flow mapping,0.00
75565,26,Card mri veloc flow mapping,0.25
75571,,Ct hrt w/o dye w/ca test,0.58
75571,TC,Ct hrt w/o dye w/ca test,0.00
75571,26,Ct hrt w/o dye w/ca test,0.58
75572,,Ct hrt w/3d image,1.75
75572,TC,Ct hrt w/3d image,0.00
75572,26,Ct hrt w/3d image,1.75
75573,,Ct hrt c+ strux cgen hrt ds,2.55
75573,TC,Ct hrt c+ strux cgen hrt ds,0.00
75573,26,Ct hrt c+ strux cgen hrt ds,2.55
75574,,Ct angio hrt w/3d image,2.40
75574,TC,Ct angio hrt w/3d image,0.00
75574,26,Ct angio hrt w/3d image,2.40
75580,,N-invas est c ffr sw aly cta,0.75
75580,TC,N-invas est c ffr sw aly cta,0.00
75580,26,N-invas est c ffr sw aly cta,0.75
75600,,Contrast exam thoracic aorta,0.49
75600,TC,Contrast exam thoracic aorta,0.00
75600,26,Contrast exam thoracic aorta,0.49
75605,,Contrast exam thoracic aorta,1.14
75605,TC,Contrast exam thoracic aorta,0.00
75605,26,Contrast exam thoracic aorta,1.14
75625,,Contrast exam abdominl aorta,1.44
75625,TC,Contrast exam abdominl aorta,0.00
75625,26,Contrast exam abdominl aorta,1.44
75630,,X-ray aorta leg arteries,2.00
75630,TC,X-ray aorta leg arteries,0.00
75630,26,X-ray aorta leg arteries,2.00
75635,,Ct angio abdominal arteries,2.40
75635,TC,Ct angio abdominal arteries,0.00
75635,26,Ct angio abdominal arteries,2.40
75705,,Artery x-rays spine,2.18
75705,TC,Artery x-rays spine,0.00
75705,26,Artery x-rays spine,2.18
75710,,Artery x-rays arm/leg,1.75
75710,TC,Artery x-rays arm/leg,0.00
75710,26,Artery x-rays arm/leg,1.75
75716,,Artery x-rays arms/legs,1.97
75716,TC,Artery x-rays arms/legs,0.00
75716,26,Artery x-rays arms/legs,1.97
75726,,Artery x-rays abdomen,2.05
75726,TC,Artery x-rays abdomen,0.00
75726,26,Artery x-rays abdomen,2.05
75731,,Artery x-rays adrenal gland,1.14
75731,TC,Artery x-rays adrenal gland,0.00
75731,26,Artery x-rays adrenal gland,1.14
75733,,Artery x-rays adrenals,1.31
75733,TC,Artery x-rays adrenals,0.00
75733,26,Artery x-rays adrenals,1.31
75736,,Artery x-rays pelvis,1.14
75736,TC,Artery x-rays pelvis,0.00
75736,26,Artery x-rays pelvis,1.14
75741,,Artery x-rays lung,1.31
75741,TC,Artery x-rays lung,0.00
75741,26,Artery x-rays lung,1.31
75743,,Artery x-rays lungs,1.66
75743,TC,Artery x-rays lungs,0.00
75743,26,Artery x-rays lungs,1.66
75746,,Artery x-rays lung,1.14
75746,TC,Artery x-rays lung,0.00
75746,26,Artery x-rays lung,1.14
75756,,Artery x-rays chest,1.14
75756,TC,Artery x-rays chest,0.00
75756,26,Artery x-rays chest,1.14
75774,,Artery x-ray each vessel,1.01
75774,TC,Artery x-ray each vessel,0.00
75774,26,Artery x-ray each vessel,1.01
75801,,Lymph vessel x-ray arm/leg,0.00
75801,TC,Lymph vessel x-ray arm/leg,0.00
75801,26,Lymph vessel x-ray arm/leg,0.81
75803,,Lymph vessel x-ray arms/legs,0.00
75803,TC,Lymph vessel x-ray arms/legs,0.00
75803,26,Lymph vessel x-ray arms/legs,1.17
75805,,Lymph vessel x-ray trunk,0.00
75805,TC,Lymph vessel x-ray trunk,0.00
75805,26,Lymph vessel x-ray trunk,0.81
75807,,Lymph vessel x-ray trunk,0.00
75807,TC,Lymph vessel x-ray trunk,0.00
75807,26,Lymph vessel x-ray trunk,1.17
75809,,Nonvascular shunt x-ray,0.47
75809,TC,Nonvascular shunt x-ray,0.00
75809,26,Nonvascular shunt x-ray,0.47
75810,,Vein x-ray spleen/liver,0.00
75810,TC,Vein x-ray spleen/liver,0.00
75810,26,Vein x-ray spleen/liver,1.14
75820,,Vein x-ray arm/leg,1.05
75820,TC,Vein x-ray arm/leg,0.00
75820,26,Vein x-ray arm/leg,1.05
75822,,Vein x-ray arms/legs,1.48
75822,TC,Vein x-ray arms/legs,0.00
75822,26,Vein x-ray arms/legs,1.48
75825,,Vein x-ray trunk,1.14
75825,TC,Vein x-ray trunk,0.00
75825,26,Vein x-ray trunk,1.14
75827,,Vein x-ray chest,1.14
75827,TC,Vein x-ray chest,0.00
75827,26,Vein x-ray chest,1.14
75831,,Vein x-ray kidney,1.14
75831,TC,Vein x-ray kidney,0.00
75831,26,Vein x-ray kidney,1.14
75833,,Vein x-ray kidneys,1.49
75833,TC,Vein x-ray kidneys,0.00
75833,26,Vein x-ray kidneys,1.49
75840,,Vein x-ray adrenal gland,1.14
75840,TC,Vein x-ray adrenal gland,0.00
75840,26,Vein x-ray adrenal gland,1.14
75842,,Vein x-ray adrenal glands,1.49
75842,TC,Vein x-ray adrenal glands,0.00
75842,26,Vein x-ray adrenal glands,1.49
75860,,Vein x-ray neck,1.14
75860,TC,Vein x-ray neck,0.00
75860,26,Vein x-ray neck,1.14
75870,,Vein x-ray skull,1.14
75870,TC,Vein x-ray skull,0.00
75870,26,Vein x-ray skull,1.14
75872,,Vein x-ray skull epidural,1.14
75872,TC,Vein x-ray skull epidural,0.00
75872,26,Vein x-ray skull epidural,1.14
75880,,Vein x-ray eye socket,0.70
75880,TC,Vein x-ray eye socket,0.00
75880,26,Vein x-ray eye socket,0.70
75885,,Vein x-ray liver w/hemodynam,1.44
75885,TC,Vein x-ray liver w/hemodynam,0.00
75885,26,Vein x-ray liver w/hemodynam,1.44
75887,,Vein x-ray liver w/o hemodyn,1.44
75887,TC,Vein x-ray liver w/o hemodyn,0.00
75887,26,Vein x-ray liver w/o hemodyn,1.44
75889,,Vein x-ray liver w/hemodynam,1.14
75889,TC,Vein x-ray liver w/hemodynam,0.00
75889,26,Vein x-ray liver w/hemodynam,1.14
75891,,Vein x-ray liver,1.14
75891,TC,Vein x-ray liver,0.00
75891,26,Vein x-ray liver,1.14
75893,,Venous sampling by catheter,0.54
75893,TC,Venous sampling by catheter,0.00
75893,26,Venous sampling by catheter,0.54
75894,,X-rays transcath therapy,0.00
75894,TC,X-rays transcath therapy,0.00
75894,26,X-rays transcath therapy,1.31
75898,,Follow-up angiography,0.00
75898,TC,Follow-up angiography,0.00
75898,26,Follow-up angiography,1.65
75901,,Remove cva device obstruct,0.49
75901,TC,Remove cva device obstruct,0.00
75901,26,Remove cva device obstruct,0.49
75902,,Remove cva lumen obstruct,0.39
75902,TC,Remove cva lumen obstruct,0.00
75902,26,Remove cva lumen obstruct,0.39
75956,,Xray endovasc thor ao repr,0.00
75956,TC,Xray endovasc thor ao repr,0.00
75956,26,Xray endovasc thor ao repr,7.00
75957,,Xray endovasc thor ao repr,0.00
75957,TC,Xray endovasc thor ao repr,0.00
75957,26,Xray endovasc thor ao repr,6.00
75958,,Xray place prox ext thor ao,0.00
75958,TC,Xray place prox ext thor ao,0.00
75958,26,Xray place prox ext thor ao,4.00
75959,,Xray place dist ext thor ao,0.00
75959,TC,Xray place dist ext thor ao,0.00
75959,26,Xray place dist ext thor ao,3.50
75970,,Vascular biopsy,0.00
75970,TC,Vascular biopsy,0.00
75970,26,Vascular biopsy,0.83
75984,,Xray control catheter change,0.83
75984,TC,Xray control catheter change,0.00
75984,26,Xray control catheter change,0.83
75989,,Abscess drainage under x-ray,1.19
75989,TC,Abscess drainage under x-ray,0.00
75989,26,Abscess drainage under x-ray,1.19
76000,,Fluoroscopy <1 hr phys/qhp,0.30
76000,TC,Fluoroscopy <1 hr phys/qhp,0.00
76000,26,Fluoroscopy <1 hr phys/qhp,0.30
76010,,X-ray nose to rectum,0.18
76010,TC,X-ray nose to rectum,0.00
76010,26,X-ray nose to rectum,0.18
76014,,Mr sfty implt&/fb asmt stf 1,0.00
76015,,Mr sfty mplt&/fb asmt stf ea,0.00
76016,,Mr safety deter phys/qhp,0.60
76016,TC,Mr safety deter phys/qhp,0.00
76016,26,Mr safety deter phys/qhp,0.60
76017,,Mr sfty med physics xm cstmz,0.76
76017,TC,Mr sfty med physics xm cstmz,0.00
76017,26,Mr sfty med physics xm cstmz,0.76
76018,,Mr safety implant elec prepj,0.75
76018,TC,Mr safety implant elec prepj,0.00
76018,26,Mr safety implant elec prepj,0.75
76019,,Mr safety implt pos&/immoblj,0.60
76019,TC,Mr safety implt pos&/immoblj,0.00
76019,26,Mr safety implt pos&/immoblj,0.60
76080,,X-ray exam of fistula,0.54
76080,TC,X-ray exam of fistula,0.00
76080,26,X-ray exam of fistula,0.54
76098,,X-ray exam surgical specimen,0.31
76098,TC,X-ray exam surgical specimen,0.00
76098,26,X-ray exam surgical specimen,0.31
76100,,X-ray exam of body section,0.58
76100,TC,X-ray exam of body section,0.00
76100,26,X-ray exam of body section,0.58
76120,,Cine/video x-rays,0.38
76120,TC,Cine/video x-rays,0.00
76120,26,Cine/video x-rays,0.38
76125,,Cine/video x-rays add-on,0.00
76125,TC,Cine/video x-rays add-on,0.00
76125,26,Cine/video x-rays add-on,0.27
76140,,X-ray consultation,0.00
76145,,Med physic dos eval rad exps,0.00
76376,,3d render w/intrp postproces,0.20
76376,TC,3d render w/intrp postproces,0.00
76376,26,3d render w/intrp postproces,0.20
76377,,3d render w/intrp postproces,0.79
76377,TC,3d render w/intrp postproces,0.00
76377,26,3d render w/intrp postproces,0.79
76380,,Cat scan follow-up study,0.98
76380,TC,Cat scan follow-up study,0.00
76380,26,Cat scan follow-up study,0.98
76390,,Mr spectroscopy,0.00
76390,TC,Mr spectroscopy,0.00
76390,26,Mr spectroscopy,0.00
76391,,Mr elastography,1.10
76391,TC,Mr elastography,0.00
76391,26,Mr elastography,1.10
76496,,Unlisted fluoroscopic px,0.00
76496,TC,Unlisted fluoroscopic px,0.00
76496,26,Unlisted fluoroscopic px,0.00
76497,,Unlisted ct procedure,0.00
76497,TC,Unlisted ct procedure,0.00
76497,26,Unlisted ct procedure,0.00
76498,,Unlisted mr procedure,0.00
76498,TC,Unlisted mr procedure,0.00
76498,26,Unlisted mr procedure,0.00
76499,,Unlisted dx radiographic px,0.00
76499,TC,Unlisted dx radiographic px,0.00
76499,26,Unlisted dx radiographic px,0.00
76506,,Echo exam of head,0.63
76506,TC,Echo exam of head,0.00
76506,26,Echo exam of head,0.63
76510,,Oph us dx b-scan&quan a-scan,0.70
76510,TC,Oph us dx b-scan&quan a-scan,0.00
76510,26,Oph us dx b-scan&quan a-scan,0.70
76511,,Oph us dx quan a-scan only,0.64
76511,TC,Oph us dx quan a-scan only,0.00
76511,26,Oph us dx quan a-scan only,0.64
76512,,Oph us dx b-scan,0.56
76512,TC,Oph us dx b-scan,0.00
76512,26,Oph us dx b-scan,0.56
76513,,Oph us dx ant sgm us uni/bi,0.60
76513,TC,Oph us dx ant sgm us uni/bi,0.00
76513,26,Oph us dx ant sgm us uni/bi,0.60
76514,,Echo exam of eye thickness,0.14
76514,TC,Echo exam of eye thickness,0.00
76514,26,Echo exam of eye thickness,0.14
76516,,Echo exam of eye,0.40
76516,TC,Echo exam of eye,0.00
76516,26,Echo exam of eye,0.40
76519,,Echo exam of eye,0.54
76519,TC,Echo exam of eye,0.00
76519,26,Echo exam of eye,0.54
76529,,Echo exam of eye,0.57
76529,TC,Echo exam of eye,0.00
76529,26,Echo exam of eye,0.57
76536,,Us exam of head and neck,0.56
76536,TC,Us exam of head and neck,0.00
76536,26,Us exam of head and neck,0.56
76604,,Us exam chest,0.59
76604,TC,Us exam chest,0.00
76604,26,Us exam chest,0.59
76641,,Ultrasound breast complete,0.73
76641,TC,Ultrasound breast complete,0.00
76641,26,Ultrasound breast complete,0.73
76642,,Ultrasound breast limited,0.68
76642,TC,Ultrasound breast limited,0.00
76642,26,Ultrasound breast limited,0.68
76700,,Us exam abdom complete,0.81
76700,TC,Us exam abdom complete,0.00
76700,26,Us exam abdom complete,0.81
76705,,Echo exam of abdomen,0.59
76705,TC,Echo exam of abdomen,0.00
76705,26,Echo exam of abdomen,0.59
76706,,Us abdl aorta screen aaa,0.55
76706,TC,Us abdl aorta screen aaa,0.00
76706,26,Us abdl aorta screen aaa,0.55
76770,,Us exam abdo back wall comp,0.74
76770,TC,Us exam abdo back wall comp,0.00
76770,26,Us exam abdo back wall comp,0.74
76775,,Us exam abdo back wall lim,0.58
76775,TC,Us exam abdo back wall lim,0.00
76775,26,Us exam abdo back wall lim,0.58
76776,,Us exam k transpl w/doppler,0.76
76776,TC,Us exam k transpl w/doppler,0.00
76776,26,Us exam k transpl w/doppler,0.76
76800,,Us exam spinal canal,1.13
76800,TC,Us exam spinal canal,0.00
76800,26,Us exam spinal canal,1.13
76801,,Ob us < 14 wks single fetus,0.99
76801,TC,Ob us < 14 wks single fetus,0.00
76801,26,Ob us < 14 wks single fetus,0.99
76802,,Ob us < 14 wks addl fetus,0.83
76802,TC,Ob us < 14 wks addl fetus,0.00
76802,26,Ob us < 14 wks addl fetus,0.83
76805,,Ob us >= 14 wks sngl fetus,0.99
76805,TC,Ob us >= 14 wks sngl fetus,0.00
76805,26,Ob us >= 14 wks sngl fetus,0.99
76810,,Ob us >= 14 wks addl fetus,0.98
76810,TC,Ob us >= 14 wks addl fetus,0.00
76810,26,Ob us >= 14 wks addl fetus,0.98
76811,,Ob us detailed sngl fetus,1.90
76811,TC,Ob us detailed sngl fetus,0.00
76811,26,Ob us detailed sngl fetus,1.90
76812,,Ob us detailed addl fetus,1.78
76812,TC,Ob us detailed addl fetus,0.00
76812,26,Ob us detailed addl fetus,1.78
76813,,Ob us nuchal meas 1 gest,1.18
76813,TC,Ob us nuchal meas 1 gest,0.00
76813,26,Ob us nuchal meas 1 gest,1.18
76814,,Ob us nuchal meas add-on,0.99
76814,TC,Ob us nuchal meas add-on,0.00
76814,26,Ob us nuchal meas add-on,0.99
76815,,Ob us limited fetus(s),0.65
76815,TC,Ob us limited fetus(s),0.00
76815,26,Ob us limited fetus(s),0.65
76816,,Ob us follow-up per fetus,0.85
76816,TC,Ob us follow-up per fetus,0.00
76816,26,Ob us follow-up per fetus,0.85
76817,,Transvaginal us obstetric,0.75
76817,TC,Transvaginal us obstetric,0.00
76817,26,Transvaginal us obstetric,0.75
76818,,Fetal biophys profile w/nst,1.05
76818,TC,Fetal biophys profile w/nst,0.00
76818,26,Fetal biophys profile w/nst,1.05
76819,,Fetal biophys profil w/o nst,0.77
76819,TC,Fetal biophys profil w/o nst,0.00
76819,26,Fetal biophys profil w/o nst,0.77
76820,,Umbilical artery echo,0.50
76820,TC,Umbilical artery echo,0.00
76820,26,Umbilical artery echo,0.50
76821,,Middle cerebral artery echo,0.70
76821,TC,Middle cerebral artery echo,0.00
76821,26,Middle cerebral artery echo,0.70
76825,,Echo exam of fetal heart,1.67
76825,TC,Echo exam of fetal heart,0.00
76825,26,Echo exam of fetal heart,1.67
76826,,Echo exam of fetal heart,0.83
76826,TC,Echo exam of fetal heart,0.00
76826,26,Echo exam of fetal heart,0.83
76827,,Echo exam of fetal heart,0.58
76827,TC,Echo exam of fetal heart,0.00
76827,26,Echo exam of fetal heart,0.58
76828,,Echo exam of fetal heart,0.56
76828,TC,Echo exam of fetal heart,0.00
76828,26,Echo exam of fetal heart,0.56
76830,,Transvaginal us non-ob,0.69
76830,TC,Transvaginal us non-ob,0.00
76830,26,Transvaginal us non-ob,0.69
76831,,Echo exam uterus,0.72
76831,TC,Echo exam uterus,0.00
76831,26,Echo exam uterus,0.72
76856,,Us exam pelvic complete,0.69
76856,TC,Us exam pelvic complete,0.00
76856,26,Us exam pelvic complete,0.69
76857,,Us exam pelvic limited,0.50
76857,TC,Us exam pelvic limited,0.00
76857,26,Us exam pelvic limited,0.50
76870,,Us exam scrotum,0.64
76870,TC,Us exam scrotum,0.00
76870,26,Us exam scrotum,0.64
76872,,Us transrectal,0.69
76872,TC,Us transrectal,0.00
76872,26,Us transrectal,0.69
76873,,Echograp trans r pros study,1.55
76873,TC,Echograp trans r pros study,0.00
76873,26,Echograp trans r pros study,1.55
76881,,Us compl joint r-t w/img,0.90
76881,TC,Us compl joint r-t w/img,0.00
76881,26,Us compl joint r-t w/img,0.90
76882,,Us lmtd jt/fcl evl nvasc xtr,0.69
76882,TC,Us lmtd jt/fcl evl nvasc xtr,0.00
76882,26,Us lmtd jt/fcl evl nvasc xtr,0.69
76883,,Us nrv&acc strux 1xtr compre,1.21
76883,TC,Us nrv&acc strux 1xtr compre,0.00
76883,26,Us nrv&acc strux 1xtr compre,1.21
76885,,Us exam infant hips dynamic,0.74
76885,TC,Us exam infant hips dynamic,0.00
76885,26,Us exam infant hips dynamic,0.74
76886,,Us exam infant hips static,0.62
76886,TC,Us exam infant hips static,0.00
76886,26,Us exam infant hips static,0.62
76932,,Echo guide for heart biopsy,0.00
76932,TC,Echo guide for heart biopsy,0.00
76932,26,Echo guide for heart biopsy,0.67
76936,,Echo guide for artery repair,1.99
76936,TC,Echo guide for artery repair,0.00
76936,26,Echo guide for artery repair,1.99
76937,,Us guide vascular access,0.30
76937,TC,Us guide vascular access,0.00
76937,26,Us guide vascular access,0.30
76940,,Us guide tissue ablation,0.00
76940,TC,Us guide tissue ablation,0.00
76940,26,Us guide tissue ablation,2.00
76941,,Echo guide for transfusion,0.00
76941,TC,Echo guide for transfusion,0.00
76941,26,Echo guide for transfusion,1.34
76942,,Echo guide for biopsy,0.67
76942,TC,Echo guide for biopsy,0.00
76942,26,Echo guide for biopsy,0.67
76945,,Echo guide villus sampling,0.00
76945,TC,Echo guide villus sampling,0.00
76945,26,Echo guide villus sampling,0.67
76946,,Echo guide for amniocentesis,0.38
76946,TC,Echo guide for amniocentesis,0.00
76946,26,Echo guide for amniocentesis,0.38
76948,,Echo guide ova aspiration,0.67
76948,TC,Echo guide ova aspiration,0.00
76948,26,Echo guide ova aspiration,0.67
76965,,Echo guidance radiotherapy,1.34
76965,TC,Echo guidance radiotherapy,0.00
76965,26,Echo guidance radiotherapy,1.34
76975,,Gi endoscopic ultrasound,0.00
76975,TC,Gi endoscopic ultrasound,0.00
76975,26,Gi endoscopic ultrasound,0.81
76977,,Us bone density measure,0.05
76977,TC,Us bone density measure,0.00
76977,26,Us bone density measure,0.05
76978,,Us trgt dyn mbubb 1st les,1.62
76978,TC,Us trgt dyn mbubb 1st les,0.00
76978,26,Us trgt dyn mbubb 1st les,1.62
76979,,Us trgt dyn mbubb ea addl,0.85
76979,TC,Us trgt dyn mbubb ea addl,0.00
76979,26,Us trgt dyn mbubb ea addl,0.85
76981,,Use parenchyma,0.59
76981,TC,Use parenchyma,0.00
76981,26,Use parenchyma,0.59
76982,,Use 1st target lesion,0.59
76982,TC,Use 1st target lesion,0.00
76982,26,Use 1st target lesion,0.59
76983,,Use ea addl target lesion,0.47
76983,TC,Use ea addl target lesion,0.00
76983,26,Use ea addl target lesion,0.47
76984,,Dx intraop thoracic aorta us,0.00
76984,TC,Dx intraop thoracic aorta us,0.00
76984,26,Dx intraop thoracic aorta us,0.60
76987,,Dx intraop epicar car us chd,0.00
76987,TC,Dx intraop epicar car us chd,0.00
76987,26,Dx intraop epicar car us chd,1.90
76988,,Dx ntrop epcr us chd img acq,0.00
76988,TC,Dx ntrop epcr us chd img acq,0.00
76988,26,Dx ntrop epcr us chd img acq,1.20
76989,,Dx intraop epcar us chd i&r,0.00
76989,TC,Dx intraop epcar us chd i&r,0.00
76989,26,Dx intraop epcar us chd i&r,0.70
76998,,Us guide intraop,0.00
76998,TC,Us guide intraop,0.00
76998,26,Us guide intraop,0.91
76999,,Echo examination procedure,0.00
76999,TC,Echo examination procedure,0.00
76999,26,Echo examination procedure,0.00
77001,,Fluoroguide for vein device,0.38
77001,TC,Fluoroguide for vein device,0.00
77001,26,Fluoroguide for vein device,0.38
77002,,Needle localization by xray,0.54
77002,TC,Needle localization by xray,0.00
77002,26,Needle localization by xray,0.54
77003,,Fluoroguide for spine inject,0.60
77003,TC,Fluoroguide for spine inject,0.00
77003,26,Fluoroguide for spine inject,0.60
77011,,Ct scan for localization,1.21
77011,TC,Ct scan for localization,0.00
77011,26,Ct scan for localization,1.21
77012,,Ct scan for needle biopsy,1.50
77012,TC,Ct scan for needle biopsy,0.00
77012,26,Ct scan for needle biopsy,1.50
77013,,Ct guide for tissue ablation,0.00
77013,TC,Ct guide for tissue ablation,0.00
77013,26,Ct guide for tissue ablation,3.99
77014,,Ct scan for therapy guide,0.85
77014,TC,Ct scan for therapy guide,0.00
77014,26,Ct scan for therapy guide,0.85
77021,,Mri guidance ndl plmt rs&i,1.50
77021,TC,Mri guidance ndl plmt rs&i,0.00
77021,26,Mri guidance ndl plmt rs&i,1.50
77022,,Mri gdn parnchyma tiss abltj,0.00
77022,TC,Mri gdn parnchyma tiss abltj,0.00
77022,26,Mri gdn parnchyma tiss abltj,4.24
77046,,Mri breast c- unilateral,1.45
77046,TC,Mri breast c- unilateral,0.00
77046,26,Mri breast c- unilateral,1.45
77047,,Mri breast c- bilateral,1.60
77047,TC,Mri breast c- bilateral,0.00
77047,26,Mri breast c- bilateral,1.60
77048,,Mri breast c-+ w/cad uni,2.10
77048,TC,Mri breast c-+ w/cad uni,0.00
77048,26,Mri breast c-+ w/cad uni,2.10
77049,,Mri breast c-+ w/cad bi,2.30
77049,TC,Mri breast c-+ w/cad bi,0.00
77049,26,Mri breast c-+ w/cad bi,2.30
77053,,X-ray of mammary duct,0.36
77053,TC,X-ray of mammary duct,0.00
77053,26,X-ray of mammary duct,0.36
77054,,X-ray of mammary ducts,0.45
77054,TC,X-ray of mammary ducts,0.00
77054,26,X-ray of mammary ducts,0.45
77061,,Breast tomosynthesis uni,0.00
77061,TC,Breast tomosynthesis uni,0.00
77061,26,Breast tomosynthesis uni,0.00
77062,,Breast tomosynthesis bi,0.00
77062,TC,Breast tomosynthesis bi,0.00
77062,26,Breast tomosynthesis bi,0.00
77063,,Breast tomosynthesis bi,0.60
77063,TC,Breast tomosynthesis bi,0.00
77063,26,Breast tomosynthesis bi,0.60
77065,,Dx mammo incl cad uni,0.81
77065,TC,Dx mammo incl cad uni,0.00
77065,26,Dx mammo incl cad uni,0.81
77066,,Dx mammo incl cad bi,1.00
77066,TC,Dx mammo incl cad bi,0.00
77066,26,Dx mammo incl cad bi,1.00
77067,,Scr mammo bi incl cad,0.76
77067,TC,Scr mammo bi incl cad,0.00
77067,26,Scr mammo bi incl cad,0.76
77071,,Mnl appl strs jt radiography,0.41
77072,,Bone age studies,0.19
77072,TC,Bone age studies,0.00
77072,26,Bone age studies,0.19
77073,,Bone length studies,0.26
77073,TC,Bone length studies,0.00
77073,26,Bone length studies,0.26
77074,,Radex osseous survey lmtd,0.44
77074,TC,Radex osseous survey lmtd,0.00
77074,26,Radex osseous survey lmtd,0.44
77075,,Radex osseous survey compl,0.55
77075,TC,Radex osseous survey compl,0.00
77075,26,Radex osseous survey compl,0.55
77076,,Radex osseous survey infant,0.70
77076,TC,Radex osseous survey infant,0.00
77076,26,Radex osseous survey infant,0.70
77077,,Joint survey single view,0.33
77077,TC,Joint survey single view,0.00
77077,26,Joint survey single view,0.33
77078,,Ct bone density axial,0.25
77078,TC,Ct bone density axial,0.00
77078,26,Ct bone density axial,0.25
77080,,Dxa bone density axial,0.20
77080,TC,Dxa bone density axial,0.00
77080,26,Dxa bone density axial,0.20
77081,,Dxa bone density appendiculr,0.20
77081,TC,Dxa bone density appendiculr,0.00
77081,26,Dxa bone density appendiculr,0.20
77084,,Mri bone marrow blood supply,1.60
77084,TC,Mri bone marrow blood supply,0.00
77084,26,Mri bone marrow blood supply,1.60
77085,,Dxa bone density axl vrt fx,0.30
77085,TC,Dxa bone density axl vrt fx,0.00
77085,26,Dxa bone density axl vrt fx,0.30
77086,,Vrt fracture assmt via dxa,0.17
77086,TC,Vrt fracture assmt via dxa,0.00
77086,26,Vrt fracture assmt via dxa,0.17
77089,,Tbs dxa cal w/i&r fx risk,0.20
77090,,Tbs techl prep&transmis data,0.00
77091,,Tbs techl calculation only,0.00
77092,,Tbs i&r fx rsk qhp,0.20
77261,,Ther radiology tx plng smpl,1.30
77262,,Ther radiology tx plng intrm,2.00
77263,,Ther radiology tx plng cplx,3.14
77280,,Ther rad simulaj field smpl,0.70
77280,TC,Ther rad simulaj field smpl,0.00
77280,26,Ther rad simulaj field smpl,0.70
77285,,Ther rad simulaj field intrm,1.05
77285,TC,Ther rad simulaj field intrm,0.00
77285,26,Ther rad simulaj field intrm,1.05
77290,,Ther rad simulaj field cplx,1.56
77290,TC,Ther rad simulaj field cplx,0.00
77290,26,Ther rad simulaj field cplx,1.56
77293,,Respirator motion mgmt simul,2.00
77293,TC,Respirator motion mgmt simul,0.00
77293,26,Respirator motion mgmt simul,2.00
77295,,3-d radiotherapy plan,4.29
77295,TC,3-d radiotherapy plan,0.00
77295,26,3-d radiotherapy plan,4.29
77299,,Unlisted px ther rad tx plng,0.00
77299,TC,Unlisted px ther rad tx plng,0.00
77299,26,Unlisted px ther rad tx plng,0.00
77300,,Radiation therapy dose plan,0.62
77300,TC,Radiation therapy dose plan,0.00
77300,26,Radiation therapy dose plan,0.62
77301,,Radiotherapy dose plan imrt,7.99
77301,TC,Radiotherapy dose plan imrt,0.00
77301,26,Radiotherapy dose plan imrt,7.99
77306,,Telethx isodose plan simple,1.40
77306,TC,Telethx isodose plan simple,0.00
77306,26,Telethx isodose plan simple,1.40
77307,,Telethx isodose plan cplx,2.90
77307,TC,Telethx isodose plan cplx,0.00
77307,26,Telethx isodose plan cplx,2.90
77316,,Brachytx isodose plan simple,1.40
77316,TC,Brachytx isodose plan simple,0.00
77316,26,Brachytx isodose plan simple,1.40
77317,,Brachytx isodose intermed,1.83
77317,TC,Brachytx isodose intermed,0.00
77317,26,Brachytx isodose intermed,1.83
77318,,Brachytx isodose complex,2.90
77318,TC,Brachytx isodose complex,0.00
77318,26,Brachytx isodose complex,2.90
77321,,Special teletx port plan,0.95
77321,TC,Special teletx port plan,0.00
77321,26,Special teletx port plan,0.95
77331,,Special radiation dosimetry,0.87
77331,TC,Special radiation dosimetry,0.00
77331,26,Special radiation dosimetry,0.87
77332,,Radiation treatment aid(s),0.45
77332,TC,Radiation treatment aid(s),0.00
77332,26,Radiation treatment aid(s),0.45
77333,,Radiation treatment aid(s),0.75
77333,TC,Radiation treatment aid(s),0.00
77333,26,Radiation treatment aid(s),0.75
77334,,Radiation treatment aid(s),1.15
77334,TC,Radiation treatment aid(s),0.00
77334,26,Radiation treatment aid(s),1.15
77336,,Radiation physics consult,0.00
77338,,Design mlc device for imrt,4.29
77338,TC,Design mlc device for imrt,0.00
77338,26,Design mlc device for imrt,4.29
77370,,Radiation physics consult,0.00
77371,,Srs multisource,0.00
77372,,Srs linear based,0.00
77373,,Strtctc bdy rad ther tx dlvr,0.00
77385,,Ntsty modul rad tx dlvr smpl,0.00
77386,,Ntsty modul rad tx dlvr cplx,0.00
77387,,Guidance for radj tx dlvr,0.00
77399,,Unlisted px med radj physics,0.00
77399,TC,Unlisted px med radj physics,0.00
77399,26,Unlisted px med radj physics,0.00
77401,,Radiation tx delivery supfc,0.00
77402,,Radiation tx delivery simple,0.00
77407,,Radiation tx delivery intrm,0.00
77412,,Radiation tx delivery complx,0.00
77417,,Ther radiology port image(s),0.00
77423,,Neutron beam tx complex,0.00
77424,,Io rad tx delivery by x-ray,0.00
77425,,Io rad tx deliver by elctrns,0.00
77427,,Radiation tx management x5,3.37
77431,,Radiation therapy management,1.81
77432,,Stereotactic radiation trmt,7.92
77435,,Sbrt management,11.87
77469,,Io radiation tx management,5.75
77470,,Special radiation treatment,2.03
77470,TC,Special radiation treatment,0.00
77470,26,Special radiation treatment,2.03
77499,,Unlisted px ther rad tx mgmt,0.00
77499,TC,Unlisted px ther rad tx mgmt,0.00
77499,26,Unlisted px ther rad tx mgmt,0.00
77520,,Proton trmt simple w/o comp,0.00
77522,,Proton trmt simple w/comp,0.00
77523,,Proton trmt intermediate,0.00
77525,,Proton treatment complex,0.00
77600,,Hyperthermia ext gen supfc,1.31
77600,TC,Hyperthermia ext gen supfc,0.00
77600,26,Hyperthermia ext gen supfc,1.31
77605,,Hyperthermia ext gen deep,1.84
77605,TC,Hyperthermia ext gen deep,0.00
77605,26,Hyperthermia ext gen deep,1.84
77610,,Hyperthermia ntrstl prb 5/<,1.31
77610,TC,Hyperthermia ntrstl prb 5/<,0.00
77610,26,Hyperthermia ntrstl prb 5/<,1.31
77615,,Hyperthermia ntrstl prb>5,1.84
77615,TC,Hyperthermia ntrstl prb>5,0.00
77615,26,Hyperthermia ntrstl prb>5,1.84
77620,,Hyperthermia gen intrcv prb,1.56
77620,TC,Hyperthermia gen intrcv prb,0.00
77620,26,Hyperthermia gen intrcv prb,1.56
77750,,Infuse radioactive materials,5.00
77750,TC,Infuse radioactive materials,0.00
77750,26,Infuse radioactive materials,5.00
77761,,Apply intrcav radiat simple,3.85
77761,TC,Apply intrcav radiat simple,0.00
77761,26,Apply intrcav radiat simple,3.85
77762,,Apply intrcav radiat interm,5.76
77762,TC,Apply intrcav radiat interm,0.00
77762,26,Apply intrcav radiat interm,5.76
77763,,Apply intrcav radiat compl,8.66
77763,TC,Apply intrcav radiat compl,0.00
77763,26,Apply intrcav radiat compl,8.66
77767,,Hdr rdncl skn surf brachytx,1.05
77767,TC,Hdr rdncl skn surf brachytx,0.00
77767,26,Hdr rdncl skn surf brachytx,1.05
77768,,Hdr rdncl skn surf brachytx,1.40
77768,TC,Hdr rdncl skn surf brachytx,0.00
77768,26,Hdr rdncl skn surf brachytx,1.40
77770,,Hdr rdncl ntrstl/icav brchtx,1.95
77770,TC,Hdr rdncl ntrstl/icav brchtx,0.00
77770,26,Hdr rdncl ntrstl/icav brchtx,1.95
77771,,Hdr rdncl ntrstl/icav brchtx,3.80
77771,TC,Hdr rdncl ntrstl/icav brchtx,0.00
77771,26,Hdr rdncl ntrstl/icav brchtx,3.80
77772,,Hdr rdncl ntrstl/icav brchtx,5.40
77772,TC,Hdr rdncl ntrstl/icav brchtx,0.00
77772,26,Hdr rdncl ntrstl/icav brchtx,5.40
77778,,Apply interstit radiat compl,8.78
77778,TC,Apply interstit radiat compl,0.00
77778,26,Apply interstit radiat compl,8.78
77789,,Apply surf ldr radionuclide,1.14
77789,TC,Apply surf ldr radionuclide,0.00
77789,26,Apply surf ldr radionuclide,1.14
77790,,Radiation handling,0.00
77799,,Unlisted px clin brachytx,0.00
77799,TC,Unlisted px clin brachytx,0.00
77799,26,Unlisted px clin brachytx,0.00
78012,,Thyroid uptake measurement,0.19
78012,TC,Thyroid uptake measurement,0.00
78012,26,Thyroid uptake measurement,0.19
78013,,Thyroid imaging w/blood flow,0.37
78013,TC,Thyroid imaging w/blood flow,0.00
78013,26,Thyroid imaging w/blood flow,0.37
78014,,Thyroid imaging w/blood flow,0.50
78014,TC,Thyroid imaging w/blood flow,0.00
78014,26,Thyroid imaging w/blood flow,0.50
78015,,Thyroid met imaging,0.67
78015,TC,Thyroid met imaging,0.00
78015,26,Thyroid met imaging,0.67
78016,,Thyroid met imaging/studies,0.82
78016,TC,Thyroid met imaging/studies,0.00
78016,26,Thyroid met imaging/studies,0.82
78018,,Thyroid met imaging body,0.86
78018,TC,Thyroid met imaging body,0.00
78018,26,Thyroid met imaging body,0.86
78020,,Thyroid met uptake,0.60
78020,TC,Thyroid met uptake,0.00
78020,26,Thyroid met uptake,0.60
78070,,Parathyroid planar imaging,0.80
78070,TC,Parathyroid planar imaging,0.00
78070,26,Parathyroid planar imaging,0.80
78071,,Parathyrd planar w/wo subtrj,1.20
78071,TC,Parathyrd planar w/wo subtrj,0.00
78071,26,Parathyrd planar w/wo subtrj,1.20
78072,,Parathyrd planar w/spect&ct,1.60
78072,TC,Parathyrd planar w/spect&ct,0.00
78072,26,Parathyrd planar w/spect&ct,1.60
78075,,Adrenal cortex & medulla img,0.74
78075,TC,Adrenal cortex & medulla img,0.00
78075,26,Adrenal cortex & medulla img,0.74
78099,,Unlisted endocrine px dx nuc,0.00
78099,TC,Unlisted endocrine px dx nuc,0.00
78099,26,Unlisted endocrine px dx nuc,0.00
78102,,Bone marrow imaging ltd,0.55
78102,TC,Bone marrow imaging ltd,0.00
78102,26,Bone marrow imaging ltd,0.55
78103,,Bone marrow imaging mult,0.75
78103,TC,Bone marrow imaging mult,0.00
78103,26,Bone marrow imaging mult,0.75
78104,,Bone marrow imaging body,0.80
78104,TC,Bone marrow imaging body,0.00
78104,26,Bone marrow imaging body,0.80
78110,,Plasma volume single,0.19
78110,TC,Plasma volume single,0.00
78110,26,Plasma volume single,0.19
78111,,Plasma volume multiple,0.22
78111,TC,Plasma volume multiple,0.00
78111,26,Plasma volume multiple,0.22
78120,,Red cell mass single,0.23
78120,TC,Red cell mass single,0.00
78120,26,Red cell mass single,0.23
78121,,Red cell mass multiple,0.32
78121,TC,Red cell mass multiple,0.00
78121,26,Red cell mass multiple,0.32
78122,,Whl bld volume determination,0.45
78122,TC,Whl bld volume determination,0.00
78122,26,Whl bld volume determination,0.45
78130,,Red cell survival study,0.61
78130,TC,Red cell survival study,0.00
78130,26,Red cell survival study,0.61
78140,,Red cell sequestration,0.61
78140,TC,Red cell sequestration,0.00
78140,26,Red cell sequestration,0.61
78185,,Spleen imaging,0.40
78185,TC,Spleen imaging,0.00
78185,26,Spleen imaging,0.40
78191,,Platelet survival study,0.61
78191,TC,Platelet survival study,0.00
78191,26,Platelet survival study,0.61
78195,,Lymph system imaging,1.20
78195,TC,Lymph system imaging,0.00
78195,26,Lymph system imaging,1.20
78199,,Unlstd hematop ret/endo lymp,0.00
78199,TC,Unlstd hematop ret/endo lymp,0.00
78199,26,Unlstd hematop ret/endo lymp,0.00
78201,,Liver imaging static only,0.44
78201,TC,Liver imaging static only,0.00
78201,26,Liver imaging static only,0.44
78202,,Liver imaging with vasc flow,0.51
78202,TC,Liver imaging with vasc flow,0.00
78202,26,Liver imaging with vasc flow,0.51
78215,,Lvr&spleen img static only,0.49
78215,TC,Lvr&spleen img static only,0.00
78215,26,Lvr&spleen img static only,0.49
78216,,Lvr&spleen img w/vasc flow,0.57
78216,TC,Lvr&spleen img w/vasc flow,0.00
78216,26,Lvr&spleen img w/vasc flow,0.57
78226,,Hepatobiliary system imaging,0.74
78226,TC,Hepatobiliary system imaging,0.00
78226,26,Hepatobiliary system imaging,0.74
78227,,Hepatobil syst image w/drug,0.90
78227,TC,Hepatobil syst image w/drug,0.00
78227,26,Hepatobil syst image w/drug,0.90
78230,,Salivary gland imaging,0.45
78230,TC,Salivary gland imaging,0.00
78230,26,Salivary gland imaging,0.45
78231,,Salivary glnd img serial img,0.52
78231,TC,Salivary glnd img serial img,0.00
78231,26,Salivary glnd img serial img,0.52
78232,,Salivary gland function std,0.47
78232,TC,Salivary gland function std,0.00
78232,26,Salivary gland function std,0.47
78258,,Esophageal motility,0.74
78258,TC,Esophageal motility,0.00
78258,26,Esophageal motility,0.74
78261,,Gastric mucosa imaging,0.69
78261,TC,Gastric mucosa imaging,0.00
78261,26,Gastric mucosa imaging,0.69
78262,,Gastroesophageal reflux std,0.68
78262,TC,Gastroesophageal reflux std,0.00
78262,26,Gastroesophageal reflux std,0.68
78264,,Gastric emptying imag study,0.79
78264,TC,Gastric emptying imag study,0.00
78264,26,Gastric emptying imag study,0.79
78265,,Gastric emptying imag study,0.98
78265,TC,Gastric emptying imag study,0.00
78265,26,Gastric emptying imag study,0.98
78266,,Gastric emptying imag study,1.08
78266,TC,Gastric emptying imag study,0.00
78266,26,Gastric emptying imag study,1.08
78267,,Breath tst attain/anal c-14,0.00
78268,,Breath test analysis c-14,0.00
78278,,Acute gi blood loss imaging,0.99
78278,TC,Acute gi blood loss imaging,0.00
78278,26,Acute gi blood loss imaging,0.99
78282,,Gi protein loss exam,0.00
78282,TC,Gi protein loss exam,0.00
78282,26,Gi protein loss exam,0.38
78290,,Meckels divert exam,0.68
78290,TC,Meckels divert exam,0.00
78290,26,Meckels divert exam,0.68
78291,,Leveen/shunt patency exam,0.88
78291,TC,Leveen/shunt patency exam,0.00
78291,26,Leveen/shunt patency exam,0.88
78299,,Unlisted gi px dx nuc med,0.00
78299,TC,Unlisted gi px dx nuc med,0.00
78299,26,Unlisted gi px dx nuc med,0.00
78300,,Bone imaging limited area,0.62
78300,TC,Bone imaging limited area,0.00
78300,26,Bone imaging limited area,0.62
78305,,Bone imaging multiple areas,0.83
78305,TC,Bone imaging multiple areas,0.00
78305,26,Bone imaging multiple areas,0.83
78306,,Bone imaging whole body,0.86
78306,TC,Bone imaging whole body,0.00
78306,26,Bone imaging whole body,0.86
78315,,Bone imaging 3 phase,1.02
78315,TC,Bone imaging 3 phase,0.00
78315,26,Bone imaging 3 phase,1.02
78350,,Bone mineral single photon,0.22
78350,TC,Bone mineral single photon,0.00
78350,26,Bone mineral single photon,0.22
78351,,Bone mineral dual photon,0.30
78399,,Unlisted muscskel px dx nuc,0.00
78399,TC,Unlisted muscskel px dx nuc,0.00
78399,26,Unlisted muscskel px dx nuc,0.00
78414,,Non-imaging heart function,0.00
78414,TC,Non-imaging heart function,0.00
78414,26,Non-imaging heart function,0.45
78428,,Cardiac shunt imaging,0.78
78428,TC,Cardiac shunt imaging,0.00
78428,26,Cardiac shunt imaging,0.78
78429,,Myocrd img pet 1 std w/ct,0.00
78429,TC,Myocrd img pet 1 std w/ct,0.00
78429,26,Myocrd img pet 1 std w/ct,1.76
78430,,Myocrd img pet rst/strs w/ct,0.00
78430,TC,Myocrd img pet rst/strs w/ct,0.00
78430,26,Myocrd img pet rst/strs w/ct,1.67
78431,,Myocrd img pet rst&strs ct,0.00
78431,TC,Myocrd img pet rst&strs ct,0.00
78431,26,Myocrd img pet rst&strs ct,1.90
78432,,Myocrd img pet 2rtracer,0.00
78432,TC,Myocrd img pet 2rtracer,0.00
78432,26,Myocrd img pet 2rtracer,2.07
78433,,Myocrd img pet 2rtracer ct,0.00
78433,TC,Myocrd img pet 2rtracer ct,0.00
78433,26,Myocrd img pet 2rtracer ct,2.26
78434,,Aqmbf pet rest & rx stress,0.00
78434,TC,Aqmbf pet rest & rx stress,0.00
78434,26,Aqmbf pet rest & rx stress,0.63
78445,,Vascular flow imaging,0.49
78445,TC,Vascular flow imaging,0.00
78445,26,Vascular flow imaging,0.49
78451,,Ht muscle image spect sing,1.38
78451,TC,Ht muscle image spect sing,0.00
78451,26,Ht muscle image spect sing,1.38
78452,,Ht muscle image spect mult,1.62
78452,TC,Ht muscle image spect mult,0.00
78452,26,Ht muscle image spect mult,1.62
78453,,Ht muscle image planar sing,1.00
78453,TC,Ht muscle image planar sing,0.00
78453,26,Ht muscle image planar sing,1.00
78454,,Ht musc image planar mult,1.34
78454,TC,Ht musc image planar mult,0.00
78454,26,Ht musc image planar mult,1.34
78456,,Acute venous thrombus image,1.00
78456,TC,Acute venous thrombus image,0.00
78456,26,Acute venous thrombus image,1.00
78457,,Venous thrombosis imaging,0.77
78457,TC,Venous thrombosis imaging,0.00
78457,26,Venous thrombosis imaging,0.77
78458,,Ven thrombosis images bilat,0.90
78458,TC,Ven thrombosis images bilat,0.00
78458,26,Ven thrombosis images bilat,0.90
78459,,Myocrd img pet single study,0.00
78459,TC,Myocrd img pet single study,0.00
78459,26,Myocrd img pet single study,1.61
78466,,Heart infarct image,0.69
78466,TC,Heart infarct image,0.00
78466,26,Heart infarct image,0.69
78468,,Heart infarct image (ef),0.80
78468,TC,Heart infarct image (ef),0.00
78468,26,Heart infarct image (ef),0.80
78469,,Heart infarct image (3d),0.92
78469,TC,Heart infarct image (3d),0.00
78469,26,Heart infarct image (3d),0.92
78472,,Gated heart planar single,0.98
78472,TC,Gated heart planar single,0.00
78472,26,Gated heart planar single,0.98
78473,,Gated heart multiple,1.47
78473,TC,Gated heart multiple,0.00
78473,26,Gated heart multiple,1.47
78481,,Heart first pass single,0.98
78481,TC,Heart first pass single,0.00
78481,26,Heart first pass single,0.98
78483,,Heart first pass multiple,1.47
78483,TC,Heart first pass multiple,0.00
78483,26,Heart first pass multiple,1.47
78491,,Myocrd img pet 1std rst/strs,0.00
78491,TC,Myocrd img pet 1std rst/strs,0.00
78491,26,Myocrd img pet 1std rst/strs,1.56
78492,,Myocrd img pet mlt rst&strs,0.00
78492,TC,Myocrd img pet mlt rst&strs,0.00
78492,26,Myocrd img pet mlt rst&strs,1.80
78494,,Heart image spect,1.19
78494,TC,Heart image spect,0.00
78494,26,Heart image spect,1.19
78496,,Heart first pass add-on,0.50
78496,TC,Heart first pass add-on,0.00
78496,26,Heart first pass add-on,0.50
78499,,Unlisted cv px dx nuc med,0.00
78499,TC,Unlisted cv px dx nuc med,0.00
78499,26,Unlisted cv px dx nuc med,0.00
78579,,Lung ventilation imaging,0.49
78579,TC,Lung ventilation imaging,0.00
78579,26,Lung ventilation imaging,0.49
78580,,Lung perfusion imaging,0.74
78580,TC,Lung perfusion imaging,0.00
78580,26,Lung perfusion imaging,0.74
78582,,Lung ventilat&perfus imaging,1.07
78582,TC,Lung ventilat&perfus imaging,0.00
78582,26,Lung ventilat&perfus imaging,1.07
78597,,Lung perfusion differential,0.75
78597,TC,Lung perfusion differential,0.00
78597,26,Lung perfusion differential,0.75
78598,,Lung perf&ventilat diferentl,0.85
78598,TC,Lung perf&ventilat diferentl,0.00
78598,26,Lung perf&ventilat diferentl,0.85
78599,,Unlisted resp px dx nuc med,0.00
78599,TC,Unlisted resp px dx nuc med,0.00
78599,26,Unlisted resp px dx nuc med,0.00
78600,,Brain image < 4 views,0.44
78600,TC,Brain image < 4 views,0.00
78600,26,Brain image < 4 views,0.44
78601,,Brain image w/flow < 4 views,0.51
78601,TC,Brain image w/flow < 4 views,0.00
78601,26,Brain image w/flow < 4 views,0.51
78605,,Brain image 4+ views,0.53
78605,TC,Brain image 4+ views,0.00
78605,26,Brain image 4+ views,0.53
78606,,Brain image w/flow 4 + views,0.64
78606,TC,Brain image w/flow 4 + views,0.00
78606,26,Brain image w/flow 4 + views,0.64
78608,,Brain imaging (pet),0.00
78608,TC,Brain imaging (pet),0.00
78608,26,Brain imaging (pet),1.50
78609,,Brain imaging (pet),1.50
78609,TC,Brain imaging (pet),0.00
78609,26,Brain imaging (pet),1.50
78610,,Brain flow imaging only,0.30
78610,TC,Brain flow imaging only,0.00
78610,26,Brain flow imaging only,0.30
78630,,Cerebrospinal fluid scan,0.68
78630,TC,Cerebrospinal fluid scan,0.00
78630,26,Cerebrospinal fluid scan,0.68
78635,,Csf ventriculography,0.61
78635,TC,Csf ventriculography,0.00
78635,26,Csf ventriculography,0.61
78645,,Csf shunt evaluation,0.57
78645,TC,Csf shunt evaluation,0.00
78645,26,Csf shunt evaluation,0.57
78650,,Csf leakage imaging,0.61
78650,TC,Csf leakage imaging,0.00
78650,26,Csf leakage imaging,0.61
78660,,Nuclear exam of tear flow,0.53
78660,TC,Nuclear exam of tear flow,0.00
78660,26,Nuclear exam of tear flow,0.53
78699,,Unlisted nrvs sys px dx nuc,0.00
78699,TC,Unlisted nrvs sys px dx nuc,0.00
78699,26,Unlisted nrvs sys px dx nuc,0.00
78700,,Kidney imaging morphol,0.45
78700,TC,Kidney imaging morphol,0.00
78700,26,Kidney imaging morphol,0.45
78701,,Kidney imaging with flow,0.49
78701,TC,Kidney imaging with flow,0.00
78701,26,Kidney imaging with flow,0.49
78707,,K flow/funct image w/o drug,0.96
78707,TC,K flow/funct image w/o drug,0.00
78707,26,K flow/funct image w/o drug,0.96
78708,,K flow/funct image w/drug,1.21
78708,TC,K flow/funct image w/drug,0.00
78708,26,K flow/funct image w/drug,1.21
78709,,K flow/funct image multiple,1.41
78709,TC,K flow/funct image multiple,0.00
78709,26,K flow/funct image multiple,1.41
78725,,Kidney function study,0.38
78725,TC,Kidney function study,0.00
78725,26,Kidney function study,0.38
78730,,Urinary bladder retention,0.15
78730,TC,Urinary bladder retention,0.00
78730,26,Urinary bladder retention,0.15
78740,,Ureteral reflux study,0.57
78740,TC,Ureteral reflux study,0.00
78740,26,Ureteral reflux study,0.57
78761,,Testicular imaging w/flow,0.71
78761,TC,Testicular imaging w/flow,0.00
78761,26,Testicular imaging w/flow,0.71
78799,,Unlisted gu px dx nuc med,0.00
78799,TC,Unlisted gu px dx nuc med,0.00
78799,26,Unlisted gu px dx nuc med,0.00
78800,,Rp loclzj tum 1 area 1 d img,0.64
78800,TC,Rp loclzj tum 1 area 1 d img,0.00
78800,26,Rp loclzj tum 1 area 1 d img,0.64
78801,,Rp loclzj tum 2+area 1+d img,0.73
78801,TC,Rp loclzj tum 2+area 1+d img,0.00
78801,26,Rp loclzj tum 2+area 1+d img,0.73
78802,,Rp loclzj tum whbdy 1 d img,0.80
78802,TC,Rp loclzj tum whbdy 1 d img,0.00
78802,26,Rp loclzj tum whbdy 1 d img,0.80
78803,,Rp loclzj tum spect 1 area,1.09
78803,TC,Rp loclzj tum spect 1 area,0.00
78803,26,Rp loclzj tum spect 1 area,1.09
78804,,Rp loclzj tum whbdy 2+d img,1.01
78804,TC,Rp loclzj tum whbdy 2+d img,0.00
78804,26,Rp loclzj tum whbdy 2+d img,1.01
78808,,Iv inj ra drug dx study,0.18
78811,,Pet image ltd area,0.00
78811,TC,Pet image ltd area,0.00
78811,26,Pet image ltd area,1.54
78812,,Pet image skull-thigh,0.00
78812,TC,Pet image skull-thigh,0.00
78812,26,Pet image skull-thigh,1.93
78813,,Pet image full body,0.00
78813,TC,Pet image full body,0.00
78813,26,Pet image full body,2.00
78814,,Pet image w/ct lmtd,0.00
78814,TC,Pet image w/ct lmtd,0.00
78814,26,Pet image w/ct lmtd,2.20
78815,,Pet image w/ct skull-thigh,0.00
78815,TC,Pet image w/ct skull-thigh,0.00
78815,26,Pet image w/ct skull-thigh,2.44
78816,,Pet image w/ct full body,0.00
78816,TC,Pet image w/ct full body,0.00
78816,26,Pet image w/ct full body,2.50
78830,,Rp loclzj tum spect w/ct 1,1.49
78830,TC,Rp loclzj tum spect w/ct 1,0.00
78830,26,Rp loclzj tum spect w/ct 1,1.49
78831,,Rp loclzj tum spect 2 areas,1.82
78831,TC,Rp loclzj tum spect 2 areas,0.00
78831,26,Rp loclzj tum spect 2 areas,1.82
78832,,Rp loclzj tum spect w/ct 2,2.12
78832,TC,Rp loclzj tum spect w/ct 2,0.00
78832,26,Rp loclzj tum spect w/ct 2,2.12
78835,,Rp quan meas single area,0.47
78835,TC,Rp quan meas single area,0.00
78835,26,Rp quan meas single area,0.47
78999,,Unlisted misc px dx nuc med,0.00
78999,TC,Unlisted misc px dx nuc med,0.00
78999,26,Unlisted misc px dx nuc med,0.00
79005,,Nuclear rx oral admin,1.80
79005,TC,Nuclear rx oral admin,0.00
79005,26,Nuclear rx oral admin,1.80
79101,,Nuclear rx iv admin,1.96
79101,TC,Nuclear rx iv admin,0.00
79101,26,Nuclear rx iv admin,1.96
79200,,Nuclear rx intracav admin,1.99
79200,TC,Nuclear rx intracav admin,0.00
79200,26,Nuclear rx intracav admin,1.99
79300,,Nuclr rx interstit colloid,0.00
79300,TC,Nuclr rx interstit colloid,0.00
79300,26,Nuclr rx interstit colloid,1.60
79403,,Hematopoietic nuclear tx,2.25
79403,TC,Hematopoietic nuclear tx,0.00
79403,26,Hematopoietic nuclear tx,2.25
79440,,Nuclear rx intra-articular,1.99
79440,TC,Nuclear rx intra-articular,0.00
79440,26,Nuclear rx intra-articular,1.99
79445,,Nuclear rx intra-arterial,0.00
79445,TC,Nuclear rx intra-arterial,0.00
79445,26,Nuclear rx intra-arterial,2.40
79999,,Rp therapy unlisted px,0.00
79999,TC,Rp therapy unlisted px,0.00
79999,26,Rp therapy unlisted px,0.00
80047,,Metabolic panel ionized ca,0.00
80048,,Metabolic panel total ca,0.00
80050,,General health panel,0.00
80051,,Electrolyte panel,0.00
80053,,Comprehen metabolic panel,0.00
80055,,Obstetric panel,0.00
80061,,Lipid panel,0.00
80069,,Renal function panel,0.00
80074,,Acute hepatitis panel,0.00
80076,,Hepatic function panel,0.00
80081,,Obstetric panel inc hiv tstg,0.00
80143,,Drug assay acetaminophen,0.00
80145,,Drug assay adalimumab,0.00
80150,,Assay of amikacin,0.00
80151,,Drug assay amiodarone,0.00
80155,,Drug assay caffeine,0.00
80156,,Assay carbamazepine total,0.00
80157,,Assay carbamazepine free,0.00
80158,,Drug assay cyclosporine,0.00
80159,,Drug assay clozapine,0.00
80161,,"Asy carbamazepin 10,11-epxid",0.00
80162,,Assay of digoxin total,0.00
80163,,Assay of digoxin free,0.00
80164,,Assay dipropylacetic acd tot,0.00
80165,,Dipropylacetic acid free,0.00
80167,,Drug assay felbamate,0.00
80168,,Assay of ethosuximide,0.00
80169,,Drug assay everolimus,0.00
80170,,Assay of gentamicin,0.00
80171,,Drug screen quant gabapentin,0.00
80173,,Assay of haloperidol,0.00
80175,,Drug screen quan lamotrigine,0.00
80176,,Assay of lidocaine,0.00
80177,,Drug scrn quan levetiracetam,0.00
80178,,Assay of lithium,0.00
80179,,Drug assay salicylate,0.00
80180,,Drug scrn quan mycophenolate,0.00
80181,,Drug assay flecainide,0.00
80183,,Drug scrn quant oxcarbazepin,0.00
80184,,Assay of phenobarbital,0.00
80185,,Assay of phenytoin total,0.00
80186,,Assay of phenytoin free,0.00
80187,,Drug assay posaconazole,0.00
80188,,Assay of primidone,0.00
80189,,Drug assay itraconazole,0.00
80190,,Assay of procainamide,0.00
80192,,Assay of procainamide,0.00
80193,,Drug assay leflunomide,0.00
80194,,Assay of quinidine,0.00
80195,,Assay of sirolimus,0.00
80197,,Assay of tacrolimus,0.00
80198,,Assay of theophylline,0.00
80199,,Drug screen quant tiagabine,0.00
80200,,Assay of tobramycin,0.00
80201,,Assay of topiramate,0.00
80202,,Assay of vancomycin,0.00
80203,,Drug screen quant zonisamide,0.00
80204,,Drug assay methotrexate,0.00
80210,,Drug assay rufinamide,0.00
80220,,Drug asy hydroxychloroquine,0.00
80230,,Drug assay infliximab,0.00
80235,,Drug assay lacosamide,0.00
80280,,Drug assay vedolizumab,0.00
80285,,Drug assay voriconazole,0.00
80299,,Quantitative assay drug,0.00
80305,,Drug test prsmv dir opt obs,0.00
80306,,Drug test prsmv instrmnt,0.00
80307,,Drug test prsmv chem anlyzr,0.00
80320,,Drug screen quantalcohols,0.00
80321,,Alcohols biomarkers 1or 2,0.00
80322,,Alcohols biomarkers 3/more,0.00
80323,,Alkaloids nos,0.00
80324,,Drug screen amphetamines 1/2,0.00
80325,,Amphetamines 3or 4,0.00
80326,,Amphetamines 5 or more,0.00
80327,,Anabolic steroid 1 or 2,0.00
80328,,Anabolic steroid 3 or more,0.00
80329,,Analgesics non-opioid 1 or 2,0.00
80330,,Analgesics non-opioid 3-5,0.00
80331,,Analgesics non-opioid 6/more,0.00
80332,,Antidepressants class 1 or 2,0.00
80333,,Antidepressants class 3-5,0.00
80334,,Antidepressants class 6/more,0.00
80335,,Antidepressant tricyclic 1/2,0.00
80336,,Antidepressant tricyclic 3-5,0.00
80337,,Tricyclic & cyclicals 6/more,0.00
80338,,Antidepressant not specified,0.00
80339,,Antiepileptics nos 1-3,0.00
80340,,Antiepileptics nos 4-6,0.00
80341,,Antiepileptics nos 7/more,0.00
80342,,Antipsychotics nos 1-3,0.00
80343,,Antipsychotics nos 4-6,0.00
80344,,Antipsychotics nos 7/more,0.00
80345,,Drug screening barbiturates,0.00
80346,,Benzodiazepines1-12,0.00
80347,,Benzodiazepines 13 or more,0.00
80348,,Drug screening buprenorphine,0.00
80349,,Cannabinoids natural,0.00
80350,,Cannabinoids synthetic 1-3,0.00
80351,,Cannabinoids synthetic 4-6,0.00
80352,,Cannabinoid synthetic 7/more,0.00
80353,,Drug screening cocaine,0.00
80354,,Drug screening fentanyl,0.00
80355,,Gabapentin non-blood,0.00
80356,,Heroin metabolite,0.00
80357,,Ketamine and norketamine,0.00
80358,,Drug screening methadone,0.00
80359,,Methylenedioxyamphetamines,0.00
80360,,Methylphenidate,0.00
80361,,Opiates 1 or more,0.00
80362,,Opioids & opiate analogs 1/2,0.00
80363,,Opioids & opiate analogs 3/4,0.00
80364,,Opioid &opiate analog 5/more,0.00
80365,,Drug screening oxycodone,0.00
80366,,Drug screening pregabalin,0.00
80367,,Drug screening propoxyphene,0.00
80368,,Sedative hypnotics,0.00
80369,,Skeletal muscle relaxant 1/2,0.00
80370,,Skel musc relaxant 3 or more,0.00
80371,,Stimulants synthetic,0.00
80372,,Drug screening tapentadol,0.00
80373,,Drug screening tramadol,0.00
80374,,Stereoisomer analysis,0.00
80375,,Drug/substance nos 1-3,0.00
80376,,Drug/substance nos 4-6,0.00
80377,,Drug/substance nos 7/more,0.00
80400,,Acth stimulation panel,0.00
80402,,Acth stimulation panel,0.00
80406,,Acth stimulation panel,0.00
80408,,Aldosterone suppression eval,0.00
80410,,Calcitonin stimul panel,0.00
80412,,Crh stimulation panel,0.00
80414,,Testosterone response panel,0.00
80415,,Tot estradiol response panel,0.00
80416,,Renin stimulation panel,0.00
80417,,Renin stimulation panel,0.00
80418,,Pituitary evaluation panel,0.00
80420,,Dexamethasone panel,0.00
80422,,Glucagon tolerance panel,0.00
80424,,Glucagon tolerance panel,0.00
80426,,Gonadotropin hormone panel,0.00
80428,,Growth hormone panel,0.00
80430,,Growth hormone panel,0.00
80432,,Insulin suppression panel,0.00
80434,,Insulin tolerance panel,0.00
80435,,Insulin tolerance panel,0.00
80436,,Metyrapone panel,0.00
80438,,Trh stimulation panel,0.00
80439,,Trh stimulation panel,0.00
80503,,Path clin consltj sf 5-20,0.43
80504,,Path clin consltj mod 21-40,0.91
80505,,Path clin consltj high 41-60,1.71
80506,,Path clin consltj prolng svc,0.80
81000,,Urinalysis nonauto w/scope,0.00
81001,,Urinalysis auto w/scope,0.00
81002,,Urinalysis nonauto w/o scope,0.00
81003,,Urinalysis auto w/o scope,0.00
81005,,Urinalysis,0.00
81007,,Urine screen for bacteria,0.00
81015,,Microscopic exam of urine,0.00
81020,,Urinalysis glass test,0.00
81025,,Urine pregnancy test,0.00
81050,,Urinalysis volume measure,0.00
81099,,Unlisted urinalysis px,0.00
81105,,Hpa-1 genotyping,0.00
81106,,Hpa-2 genotyping,0.00
81107,,Hpa-3 genotyping,0.00
81108,,Hpa-4 genotyping,0.00
81109,,Hpa-5 genotyping,0.00
81110,,Hpa-6 genotyping,0.00
81111,,Hpa-9 genotyping,0.00
81112,,Hpa-15 genotyping,0.00
81120,,Idh1 common variants,0.00
81121,,Idh2 common variants,0.00
81161,,Dmd dup/delet analysis,0.00
81162,,Brca1&2 gen full seq dup/del,0.00
81163,,Brca1&2 gene full seq alys,0.00
81164,,Brca1&2 gen ful dup/del alys,0.00
81165,,Brca1 gene full seq alys,0.00
81166,,Brca1 gene full dup/del alys,0.00
81167,,Brca2 gene full dup/del alys,0.00
81168,,Ccnd1/igh translocation alys,0.00
81170,,Abl1 gene,0.00
81171,,Aff2 gen aly detc abnl allel,0.00
81172,,Aff2 gen alys charac alleles,0.00
81173,,Ar gene full gene sequence,0.00
81174,,Ar gene known famil variant,0.00
81175,,Asxl1 full gene sequence,0.00
81176,,Asxl1 gene target seq alys,0.00
81177,,Atn1 gene detc abnor alleles,0.00
81178,,Atxn1 gene detc abnor allele,0.00
81179,,Atxn2 gene detc abnor allele,0.00
81180,,Atxn3 gene detc abnor allele,0.00
81181,,Atxn7 gene detc abnor allele,0.00
81182,,Atxn8os gen detc abnor allel,0.00
81183,,Atxn10 gene detc abnor allel,0.00
81184,,Cacna1a gen detc abnor allel,0.00
81185,,Cacna1a gene full gene seq,0.00
81186,,Cacna1a gen known famil vrnt,0.00
81187,,Cnbp gene detc abnor allele,0.00
81188,,Cstb gene detc abnor allele,0.00
81189,,Cstb gene full gene sequence,0.00
81190,,Cstb gene known famil vrnt,0.00
81191,,Ntrk1 translocation analysis,0.00
81192,,Ntrk2 translocation analysis,0.00
81193,,Ntrk3 translocation analysis,0.00
81194,,Ntrk translocation analysis,0.00
81195,,Cytog genom-wid alys hem mal,0.00
81200,,Aspa gene,0.00
81201,,Apc gene full sequence,0.00
81202,,Apc gene known fam variants,0.00
81203,,Apc gene dup/delet variants,0.00
81204,,Ar gene charac alleles,0.00
81205,,Bckdhb gene,0.00
81206,,Bcr/abl1 gene major bp,0.00
81207,,Bcr/abl1 gene minor bp,0.00
81208,,Bcr/abl1 gene other bp,0.00
81209,,Blm gene,0.00
81210,,Braf gene,0.00
81212,,Brca1&2 185&5385&6174 vrnt,0.00
81215,,Brca1 gene known famil vrnt,0.00
81216,,Brca2 gene full seq alys,0.00
81217,,Brca2 gene known famil vrnt,0.00
81218,,Cebpa gene full sequence,0.00
81219,,Calr gene com variants,0.00
81220,,Cftr gene com variants,0.00
81221,,Cftr gene known fam variants,0.00
81222,,Cftr gene dup/delet variants,0.00
81223,,Cftr gene full sequence,0.00
81224,,Cftr gene intron poly t,0.00
81225,,Cyp2c19 gene com variants,0.00
81226,,Cyp2d6 gene com variants,0.00
81227,,Cyp2c9 gene com variants,0.00
81228,,Cytog alys chrml abnr cgh,0.00
81229,,Cytog alys chrml abnr snpcgh,0.00
81230,,Cyp3a4 gene common variants,0.00
81231,,Cyp3a5 gene common variants,0.00
81232,,Dpyd gene common variants,0.00
81233,,Btk gene common variants,0.00
81234,,Dmpk gene detc abnor allele,0.00
81235,,Egfr gene com variants,0.00
81236,,Ezh2 gene full gene sequence,0.00
81237,,Ezh2 gene common variants,0.00
81238,,F9 full gene sequence,0.00
81239,,Dmpk gene charac alleles,0.00
81240,,F2 gene,0.00
81241,,F5 gene,0.00
81242,,Fancc gene,0.00
81243,,Fmr1 gen aly detc abnl allel,0.00
81244,,Fmr1 gen alys charac alleles,0.00
81245,,Flt3 gene,0.00
81246,,Flt3 gene analysis,0.00
81247,,G6pd gene alys cmn variant,0.00
81248,,G6pd known familial variant,0.00
81249,,G6pd full gene sequence,0.00
81250,,G6pc gene,0.00
81251,,Gba gene,0.00
81252,,Gjb2 gene full sequence,0.00
81253,,Gjb2 gene known fam variants,0.00
81254,,Gjb6 gene com variants,0.00
81255,,Hexa gene,0.00
81256,,Hfe gene,0.00
81257,,Hba1/hba2 gene,0.00
81258,,Hba1/hba2 gene fam vrnt,0.00
81259,,Hba1/hba2 full gene sequence,0.00
81260,,Ikbkap gene,0.00
81261,,Igh gene rearrange amp meth,0.00
81262,,Igh gene rearrang dir probe,0.00
81263,,Igh vari regional mutation,0.00
81264,,Igk rearrangeabn clonal pop,0.00
81265,,Str markers specimen anal,0.00
81266,,Str markers spec anal addl,0.00
81267,,Chimerism anal no cell selec,0.00
81268,,Chimerism anal w/cell select,0.00
81269,,Hba1/hba2 gene dup/del vrnts,0.00
81270,,Jak2 gene,0.00
81271,,Htt gene detc abnor alleles,0.00
81272,,Kit gene targeted seq analys,0.00
81273,,Kit gene analys d816 variant,0.00
81274,,Htt gene charac alleles,0.00
81275,,Kras gene variants exon 2,0.00
81276,,Kras gene addl variants,0.00
81277,,Cytogenomic neo microra alys,0.00
81278,,Igh@/bcl2 translocation alys,0.00
81279,,Jak2 gene trgt sequence alys,0.00
81283,,Ifnl3 gene,0.00
81284,,Fxn gene detc abnor alleles,0.00
81285,,Fxn gene charac alleles,0.00
81286,,Fxn gene full gene sequence,0.00
81287,,Mgmt gene prmtr mthyltn alys,0.00
81288,,Mlh1 gene,0.00
81289,,Fxn gene known famil variant,0.00
81290,,Mcoln1 gene,0.00
81291,,Mthfr gene,0.00
81292,,Mlh1 gene full seq,0.00
81293,,Mlh1 gene known variants,0.00
81294,,Mlh1 gene dup/delete variant,0.00
81295,,Msh2 gene full seq,0.00
81296,,Msh2 gene known variants,0.00
81297,,Msh2 gene dup/delete variant,0.00
81298,,Msh6 gene full seq,0.00
81299,,Msh6 gene known variants,0.00
81300,,Msh6 gene dup/delete variant,0.00
81301,,Microsatellite instability,0.00
81302,,Mecp2 gene full seq,0.00
81303,,Mecp2 gene known variant,0.00
81304,,Mecp2 gene dup/delet variant,0.00
81305,,Myd88 gene p.leu265pro vrnt,0.00
81306,,Nudt15 gene common variants,0.00
81307,,Palb2 gene full gene seq,0.00
81308,,Palb2 gene known famil vrnt,0.00
81309,,Pik3ca gene trgt seq alys,0.00
81310,,Npm1 gene,0.00
81311,,Nras gene variants exon 2&3,0.00
81312,,Pabpn1 gene detc abnor allel,0.00
81313,,Pca3/klk3 antigen,0.00
81314,,Pdgfra gene,0.00
81315,,Pml/raralpha com breakpoints,0.00
81316,,Pml/raralpha 1 breakpoint,0.00
81317,,Pms2 gene full seq analysis,0.00
81318,,Pms2 known familial variants,0.00
81319,,Pms2 gene dup/delet variants,0.00
81320,,Plcg2 gene common variants,0.00
81321,,Pten gene full sequence,0.00
81322,,Pten gene known fam variant,0.00
81323,,Pten gene dup/delet variant,0.00
81324,,Pmp22 gene dup/delet,0.00
81325,,Pmp22 gene full sequence,0.00
81326,,Pmp22 gene known fam variant,0.00
81327,,Sept9 gen prmtr mthyltn alys,0.00
81328,,Slco1b1 gene com variants,0.00
81329,,Smn1 gene dos/deletion alys,0.00
81330,,Smpd1 gene common variants,0.00
81331,,Snrpn/ube3a gene,0.00
81332,,Serpina1 gene,0.00
81333,,Tgfbi gene common variants,0.00
81334,,Runx1 gene targeted seq alys,0.00
81335,,Tpmt gene com variants,0.00
81336,,Smn1 gene full gene sequence,0.00
81337,,Smn1 gen nown famil seq vrnt,0.00
81338,,Mpl gene common variants,0.00
81339,,Mpl gene seq alys exon 10,0.00
81340,,Trb@ gene rearrange amplify,0.00
81341,,Trb@ gene rearrange dirprobe,0.00
81342,,Trg gene rearrangement anal,0.00
81343,,Ppp2r2b gen detc abnor allel,0.00
81344,,Tbp gene detc abnor alleles,0.00
81345,,Tert gene targeted seq alys,0.00
81346,,Tyms gene com variants,0.00
81347,,Sf3b1 gene common variants,0.00
81348,,Srsf2 gene common variants,0.00
81349,,Cytog alys chrml abnr lw-ps,0.00
81350,,Ugt1a1 gene common variants,0.00
81351,,Tp53 gene full gene sequence,0.00
81352,,Tp53 gene trgt sequence alys,0.00
81353,,Tp53 gene known famil vrnt,0.00
81355,,Vkorc1 gene,0.00
81357,,U2af1 gene common variants,0.00
81360,,Zrsr2 gene common variants,0.00
81361,,Hbb gene com variants,0.00
81362,,Hbb gene known fam variant,0.00
81363,,Hbb gene dup/del variants,0.00
81364,,Hbb full gene sequence,0.00
81370,,Hla i & ii typing lr,0.00
81371,,Hla i & ii type verify lr,0.00
81372,,Hla i typing complete lr,0.00
81373,,Hla i typing 1 locus lr,0.00
81374,,Hla i typing 1 antigen lr,0.00
81375,,Hla ii typing ag equiv lr,0.00
81376,,Hla ii typing 1 locus lr,0.00
81377,,Hla ii type 1 ag equiv lr,0.00
81378,,Hla i & ii typing hr,0.00
81379,,Hla i typing complete hr,0.00
81380,,Hla i typing 1 locus hr,0.00
81381,,Hla i typing 1 allele hr,0.00
81382,,Hla ii typing 1 loc hr,0.00
81383,,Hla ii typing 1 allele hr,0.00
81400,,Mopath procedure level 1,0.00
81401,,Mopath procedure level 2,0.00
81402,,Mopath procedure level 3,0.00
81403,,Mopath procedure level 4,0.00
81404,,Mopath procedure level 5,0.00
81405,,Mopath procedure level 6,0.00
81406,,Mopath procedure level 7,0.00
81407,,Mopath procedure level 8,0.00
81408,,Mopath procedure level 9,0.00
81410,,Aortic dysfunction/dilation,0.00
81411,,Aortic dysfunction/dilation,0.00
81412,,Ashkenazi jewish assoc dis,0.00
81413,,Car ion chnnlpath inc 10 gns,0.00
81414,,Car ion chnnlpath inc 2 gns,0.00
81415,,Exome sequence analysis,0.00
81416,,Exome sequence analysis,0.00
81417,,Exome re-evaluation,0.00
81418,,Rx metab gen seq alys pnl 6,0.00
81419,,Epilepsy gen seq alys panel,0.00
81420,,Fetal chrmoml aneuploidy,0.00
81422,,Fetal chrmoml microdeltj,0.00
81425,,Genome sequence analysis,0.00
81426,,Genome sequence analysis,0.00
81427,,Genome re-evaluation,0.00
81430,,Hearing loss sequence analys,0.00
81431,,Hearing loss dup/del analys,0.00
81432,,Hrdtry brst ca-rlatd do 5+,0.00
81434,,Hered rta do gen seq 15,0.00
81435,,Hered colon ca-rlatd do 5+,0.00
81437,,Hered neuroend tum-rlt do 5+,0.00
81439,,Hrdtry cardmypy gene panel,0.00
81440,,Mitochondrial gene,0.00
81441,,Ibmfs seq alys pnl 30 genes,0.00
81442,,Noonan spectrum disorders,0.00
81443,,Genetic tstg severe inh cond,0.00
81445,,So neo gsap 5-50dna/dna&rna,0.00
81448,,Hrdtry perph neurphy panel,0.00
81449,,So neo gsap 5-50 rna alys,0.00
81450,,Hl neo gsap 5-50dna/dna&rna,0.00
81451,,Hl neo gsap 5-50 rna alys,0.00
81455,,So/hl 51/>gsap dna/dna&rna,0.00
81456,,So/hl 51/>gsap rna alys,0.00
81457,,So neo gsap dna mcrstl ins,0.00
81458,,So gsap dna cpy nmbr&mcrstl,0.00
81459,,So neo gsap dna/dna&rna,0.00
81460,,Whole mitochondrial genome,0.00
81462,,So gsap cll fr dna/dna&rna,0.00
81463,,So gsap cl fr cpy nmbr&mcrst,0.00
81464,,So gsap cll fr mcrstl ins,0.00
81465,,Whole mitochondrial genome,0.00
81470,,X-linked intellectual dblt,0.00
81471,,X-linked intellectual dblt,0.00
81479,,Unlisted molecular pathology,0.00
81490,,Autoimmune ra alys 12 bmrk,0.00
81493,,Cor artery disease mrna,0.00
81500,,Onco (ovar) two proteins,0.00
81503,,Onco (ovar) five proteins,0.00
81504,,Oncology tissue of origin,0.00
81506,,Endo assay seven anal,0.00
81507,,Fetal aneuploidy trisom risk,0.00
81508,,Ftl cgen abnor two proteins,0.00
81509,,Ftl cgen abnor 3 proteins,0.00
81510,,Ftl cgen abnor three anal,0.00
81511,,Ftl cgen abnor four anal,0.00
81512,,Ftl cgen abnor five anal,0.00
81513,,Nfct ds bv rna vag flu alg,0.00
81514,,Nfct ds bv&vaginitis dna alg,0.00
81515,,Nfct ds bv&vaginitis dna alg,0.00
81517,,Liver ds alys 3 bmrk srm alg,0.00
81518,,Onc brst mrna 11 genes,0.00
81519,,Oncology breast mrna,0.00
81520,,Onc breast mrna 58 genes,0.00
81521,,Onc breast mrna 70 genes,0.00
81522,,Onc breast mrna 12 genes,0.00
81523,,Onc brst mrna 70 cnt 31 gene,0.00
81525,,Oncology colon mrna,0.00
81528,,Oncology colorectal scr,0.00
81529,,Onc cutan mlnma mrna 31 gene,0.00
81535,,Oncology gynecologic,0.00
81536,,Oncology gynecologic,0.00
81538,,Oncology lung,0.00
81539,,Oncology prostate prob score,0.00
81540,,Oncology tum unknown origin,0.00
81541,,Onc prostate mrna 46 genes,0.00
81542,,Onc prostate mrna 22 cnt gen,0.00
81546,,"Onc thyr mrna 10,196 gen alg",0.00
81551,,Onc prostate 3 genes,0.00
81552,,Onc uveal mlnma mrna 15 gene,0.00
81554,,Pulm ds ipf mrna 190 gen alg,0.00
81558,,Trnspl rej kdn mrna qpcr 139,0.00
81560,,Trnsplj pd lvr&bwl cd154+cll,0.00
81595,,Cardiology hrt trnspl mrna,0.00
81596,,Nfct ds chrnc hcv 6 assays,0.00
81599,,Unlisted maaa,0.00
82009,,Ketone bodys qual,0.00
82010,,Ketone bodys quan,0.00
82013,,Acetylcholinesterase assay,0.00
82016,,Acylcarnitines qual,0.00
82017,,Acylcarnitines quant,0.00
82024,,Assay of acth,0.00
82030,,Assay of adp & amp,0.00
82040,,Assay of serum albumin,0.00
82042,,Other source albumin quan ea,0.00
82043,,Ur albumin quantitative,0.00
82044,,Ur albumin semiquantitative,0.00
82045,,Albumin ischemia modified,0.00
82075,,Assay of breath ethanol,0.00
82077,,Assay spec xcp ur&breath ia,0.00
82085,,Assay of aldolase,0.00
82088,,Assay of aldosterone,0.00
82103,,Alpha-1-antitrypsin total,0.00
82104,,Alpha-1-antitrypsin pheno,0.00
82105,,Alpha-fetoprotein serum,0.00
82106,,Alpha-fetoprotein amniotic,0.00
82107,,Alpha-fetoprotein l3,0.00
82108,,Assay of aluminum,0.00
82120,,Amines vaginal fluid qual,0.00
82127,,Amino acid single qual,0.00
82128,,Amino acids mult qual,0.00
82131,,Amino acids single quant,0.00
82135,,Assay aminolevulinic acid,0.00
82136,,Amino acids quant 2-5,0.00
82139,,Amino acids quan 6 or more,0.00
82140,,Assay of ammonia,0.00
82143,,Amniotic fluid scan,0.00
82150,,Assay of amylase,0.00
82154,,Androstanediol glucuronide,0.00
82157,,Assay of androstenedione,0.00
82160,,Assay of androsterone,0.00
82163,,Assay of angiotensin ii,0.00
82164,,Angiotensin i enzyme test,0.00
82166,,Assay anti-mullerian horm,0.00
82172,,Assay of apolipoprotein,0.00
82175,,Assay of arsenic,0.00
82180,,Assay of ascorbic acid,0.00
82190,,Atomic absorption,0.00
82232,,Assay of beta-2 protein,0.00
82233,,Beta-amyloid 1-40 (abeta 40),0.00
82234,,Beta-amyloid 1-42 (abeta 42),0.00
82239,,Bile acids total,0.00
82240,,Bile acids cholylglycine,0.00
82247,,Bilirubin total,0.00
82248,,Bilirubin direct,0.00
82252,,Fecal bilirubin test,0.00
82261,,Assay of biotinidase,0.00
82270,,Occult blood feces,0.00
82271,,Occult blood other sources,0.00
82272,,Occult bld feces 1-3 tests,0.00
82274,,Assay test for blood fecal,0.00
82286,,Assay of bradykinin,0.00
82300,,Assay of cadmium,0.00
82306,,Vitamin d 25 hydroxy,0.00
82308,,Assay of calcitonin,0.00
82310,,Assay of calcium,0.00
82330,,Assay of calcium,0.00
82331,,Calcium infusion test,0.00
82340,,Assay of calcium in urine,0.00
82355,,Calculus analysis qual,0.00
82360,,Calculus assay quant,0.00
82365,,Calculus spectroscopy,0.00
82370,,X-ray assay calculus,0.00
82373,,Assay c-d transfer measure,0.00
82374,,Assay blood carbon dioxide,0.00
82375,,Assay carboxyhb quant,0.00
82376,,Assay carboxyhb qual,0.00
82378,,Carcinoembryonic antigen,0.00
82379,,Assay of carnitine,0.00
82380,,Assay of carotene,0.00
82382,,Assay urine catecholamines,0.00
82383,,Assay blood catecholamines,0.00
82384,,Assay three catecholamines,0.00
82387,,Assay of cathepsin-d,0.00
82390,,Assay of ceruloplasmin,0.00
82397,,Chemiluminescent assay,0.00
82415,,Assay of chloramphenicol,0.00
82435,,Assay of blood chloride,0.00
82436,,Assay of urine chloride,0.00
82438,,Assay other fluid chlorides,0.00
82441,,Test for chlorohydrocarbons,0.00
82465,,Assay bld/serum cholesterol,0.00
82480,,Assay serum cholinesterase,0.00
82482,,Assay rbc cholinesterase,0.00
82485,,Assay chondroitin sulfate,0.00
82495,,Assay of chromium,0.00
82507,,Assay of citrate,0.00
82523,,Collagen crosslinks,0.00
82525,,Assay of copper,0.00
82528,,Assay of corticosterone,0.00
82530,,Cortisol free,0.00
82533,,Total cortisol,0.00
82540,,Assay of creatine,0.00
82542,,Col chromotography qual/quan,0.00
82550,,Assay of ck (cpk),0.00
82552,,Assay of cpk in blood,0.00
82553,,Creatine mb fraction,0.00
82554,,Creatine isoforms,0.00
82565,,Assay of creatinine,0.00
82570,,Assay of urine creatinine,0.00
82575,,Creatinine clearance test,0.00
82585,,Assay of cryofibrinogen,0.00
82595,,Assay of cryoglobulin,0.00
82600,,Assay of cyanide,0.00
82607,,Vitamin b-12,0.00
82608,,B-12 binding capacity,0.00
82610,,Cystatin c,0.00
82615,,Test for urine cystines,0.00
82626,,Dehydroepiandrosterone,0.00
82627,,Dehydroepiandrosterone,0.00
82633,,Desoxycorticosterone,0.00
82634,,Deoxycortisol,0.00
82638,,Assay of dibucaine number,0.00
82642,,Dihydrotestosterone,0.00
82652,,Vit d 1 25-dihydroxy,0.00
82653,,El-1 fecal quantitative,0.00
82656,,El-1 fecal qual/semiq,0.00
82657,,Enzyme cell activity,0.00
82658,,Enzyme cell activity ra,0.00
82664,,Electrophoretic test,0.00
82668,,Assay of erythropoietin,0.00
82670,,Assay of total estradiol,0.00
82671,,Assay of estrogens,0.00
82672,,Assay of estrogen,0.00
82677,,Assay of estriol,0.00
82679,,Assay of estrone,0.00
82681,,Assay dir meas fr estradiol,0.00
82693,,Assay of ethylene glycol,0.00
82696,,Assay of etiocholanolone,0.00
82705,,Fats/lipids feces qual,0.00
82710,,Fats/lipids feces quant,0.00
82715,,Assay of fecal fat,0.00
82725,,Assay of blood fatty acids,0.00
82726,,Long chain fatty acids,0.00
82728,,Assay of ferritin,0.00
82731,,Assay of fetal fibronectin,0.00
82735,,Assay of fluoride,0.00
82746,,Assay of folic acid serum,0.00
82747,,Assay of folic acid rbc,0.00
82757,,Assay of semen fructose,0.00
82759,,Assay of rbc galactokinase,0.00
82760,,Assay of galactose,0.00
82775,,Assay galactose transferase,0.00
82776,,Galactose transferase test,0.00
82777,,Galectin-3,0.00
82784,,Assay iga/igd/igg/igm each,0.00
82785,,Assay of ige,0.00
82787,,Igg 1 2 3 or 4 each,0.00
82800,,Blood ph,0.00
82803,,Blood gases any combination,0.00
82805,,Blood gases w/o2 saturation,0.00
82810,,Blood gases o2 sat only,0.00
82820,,Hemoglobin-oxygen affinity,0.00
82930,,Gastric analy w/ph ea spec,0.00
82938,,Gastrin test,0.00
82941,,Assay of gastrin,0.00
82943,,Assay of glucagon,0.00
82945,,Glucose other fluid,0.00
82946,,Glucagon tolerance test,0.00
82947,,Assay glucose blood quant,0.00
82948,,Reagent strip/blood glucose,0.00
82950,,Glucose test,0.00
82951,,Glucose tolerance test (gtt),0.00
82952,,Gtt-added samples,0.00
82955,,Assay of g6pd enzyme,0.00
82960,,Test for g6pd enzyme,0.00
82962,,Glucose blood test,0.00
82963,,Assay of glucosidase,0.00
82965,,Assay of gdh enzyme,0.00
82977,,Assay of ggt,0.00
82978,,Assay of glutathione,0.00
82979,,Assay rbc glutathione,0.00
82985,,Assay of glycated protein,0.00
83001,,Assay of gonadotropin (fsh),0.00
83002,,Assay of gonadotropin (lh),0.00
83003,,Assay growth hormone (hgh),0.00
83006,,Growth stimulation gene 2,0.00
83009,,H pylori (c-13) blood,0.00
83010,,Assay of haptoglobin quant,0.00
83012,,Assay of haptoglobins,0.00
83013,,H pylori (c-13) breath,0.00
83014,,H pylori drug admin,0.00
83015,,Heavy metal qual any anal,0.00
83018,,Heavy metal quant each nes,0.00
83020,,Hemoglobin electrophoresis,0.00
83020,26,Hemoglobin electrophoresis,0.37
83021,,Hemoglobin chromotography,0.00
83026,,Hemoglobin copper sulfate,0.00
83030,,Hemoglobin f fetal chemical,0.00
83033,,Hemoglobin ftl f assay qual,0.00
83036,,Hemoglobin glycosylated a1c,0.00
83037,,Hb glycosylated a1c home dev,0.00
83045,,Hgb methemoglobin qual,0.00
83050,,Hgb methemoglobin quan,0.00
83051,,Hemoglobin plasma,0.00
83060,,Hgb sulfhemoglobin quan,0.00
83065,,Hemoglobin thermolabile,0.00
83068,,Hemoglobin unstable screen,0.00
83069,,Hemoglobin urine,0.00
83070,,Assay of hemosiderin qual,0.00
83080,,Assay of b hexosaminidase ea,0.00
83088,,Assay of histamine,0.00
83090,,Assay of homocysteine,0.00
83150,,Assay of homovanillic acid,0.00
83491,,Asy hydroxycorticosteroids17,0.00
83497,,Assay of 5-hiaa,0.00
83498,,Asy hydroxyprogesterone 17-d,0.00
83500,,Assay free hydroxyproline,0.00
83505,,Assay total hydroxyproline,0.00
83516,,Immunoassay nonantibody,0.00
83518,,Immunoassay dipstick,0.00
83519,,Ria nonantibody,0.00
83520,,Immunoassay quant nos nonab,0.00
83521,,Ig light chains free each,0.00
83525,,Assay of insulin,0.00
83527,,Assay of insulin,0.00
83528,,Assay of intrinsic factor,0.00
83529,,Asay of interleukin-6 (il-6),0.00
83540,,Assay of iron,0.00
83550,,Iron binding test,0.00
83570,,Assay of idh enzyme,0.00
83582,,Assay of ketogenic steroids,0.00
83586,,Assay 17- ketosteroids,0.00
83593,,Fractionation ketosteroids,0.00
83605,,Assay of lactic acid,0.00
83615,,Lactate (ld) (ldh) enzyme,0.00
83625,,Assay of ldh enzymes,0.00
83630,,Lactoferrin fecal (qual),0.00
83631,,Lactoferrin fecal (quant),0.00
83632,,Placental lactogen,0.00
83633,,Test urine for lactose,0.00
83655,,Assay of lead,0.00
83661,,L/s ratio fetal lung,0.00
83662,,Foam stability fetal lung,0.00
83663,,Fluoro polarize fetal lung,0.00
83664,,Lamellar bdy fetal lung,0.00
83670,,Assay of lap enzyme,0.00
83690,,Assay of lipase,0.00
83695,,Assay of lipoprotein(a),0.00
83698,,Assay lipoprotein pla2,0.00
83700,,Lipopro bld electrophoretic,0.00
83701,,Lipoprotein bld hr fraction,0.00
83704,,Lipoprotein bld quan part,0.00
83718,,Assay of lipoprotein,0.00
83719,,Assay of blood lipoprotein,0.00
83721,,Assay of blood lipoprotein,0.00
83722,,Lipoprtn dir meas sd ldl chl,0.00
83727,,Assay of lrh hormone,0.00
83735,,Assay of magnesium,0.00
83775,,Assay malate dehydrogenase,0.00
83785,,Assay of manganese,0.00
83789,,Mass spectrometry qual/quan,0.00
83825,,Assay of mercury,0.00
83835,,Assay of metanephrines,0.00
83857,,Assay of methemalbumin,0.00
83861,,Microfluid analy tears,0.00
83864,,Mucopolysaccharides,0.00
83872,,Assay synovial fluid mucin,0.00
83873,,Assay of csf protein,0.00
83874,,Assay of myoglobin,0.00
83876,,Assay myeloperoxidase,0.00
83880,,Assay of natriuretic peptide,0.00
83883,,Assay nephelometry not spec,0.00
83884,,Assay neurflmnt light chain,0.00
83885,,Assay of nickel,0.00
83915,,Assay of nucleotidase,0.00
83916,,Oligoclonal bands,0.00
83918,,Organic acids total quant,0.00
83919,,Organic acids qual each,0.00
83921,,Organic acid single quant,0.00
83930,,Assay of blood osmolality,0.00
83935,,Assay of urine osmolality,0.00
83937,,Assay of osteocalcin,0.00
83945,,Assay of oxalate,0.00
83950,,Oncoprotein her-2/neu,0.00
83951,,Oncoprotein dcp,0.00
83970,,Assay of parathormone,0.00
83986,,Assay ph body fluid nos,0.00
83987,,Exhaled breath condensate,0.00
83992,,Assay for phencyclidine,0.00
83993,,Assay for calprotectin fecal,0.00
84030,,Assay of blood pku,0.00
84035,,Assay of phenylketones,0.00
84060,,Assay acid phosphatase,0.00
84066,,Assay prostate phosphatase,0.00
84075,,Assay alkaline phosphatase,0.00
84078,,Assay alkaline phosphatase,0.00
84080,,Assay alkaline phosphatases,0.00
84081,,Assay phosphatidylglycerol,0.00
84085,,Assay of rbc pg6d enzyme,0.00
84087,,Assay phosphohexose enzymes,0.00
84100,,Assay of phosphorus,0.00
84105,,Assay of urine phosphorus,0.00
84106,,Test for porphobilinogen,0.00
84110,,Assay of porphobilinogen,0.00
84112,,Eval amniotic fluid protein,0.00
84119,,Test urine for porphyrins,0.00
84120,,Assay of urine porphyrins,0.00
84126,,Assay of feces porphyrins,0.00
84132,,Assay of serum potassium,0.00
84133,,Assay of urine potassium,0.00
84134,,Assay of prealbumin,0.00
84135,,Assay of pregnanediol,0.00
84138,,Assay of pregnanetriol,0.00
84140,,Assay of pregnenolone,0.00
84143,,Assay of 17-hydroxypregneno,0.00
84144,,Assay of progesterone,0.00
84145,,Procalcitonin (pct),0.00
84146,,Assay of prolactin,0.00
84150,,Assay of prostaglandin,0.00
84152,,Assay of psa complexed,0.00
84153,,Assay of psa total,0.00
84154,,Assay of psa free,0.00
84155,,Assay of protein serum,0.00
84156,,Assay of protein urine,0.00
84157,,Assay of protein other,0.00
84160,,Assay of protein any source,0.00
84163,,Pappa serum,0.00
84165,,Protein e-phoresis serum,0.00
84165,26,Protein e-phoresis serum,0.37
84166,,Protein e-phoresis/urine/csf,0.00
84166,26,Protein e-phoresis/urine/csf,0.37
84181,,Western blot test,0.00
84181,26,Western blot test,0.37
84182,,Protein western blot test,0.00
84182,26,Protein western blot test,0.37
84202,,Assay rbc protoporphyrin,0.00
84203,,Test rbc protoporphyrin,0.00
84206,,Assay of proinsulin,0.00
84207,,Assay of vitamin b-6,0.00
84210,,Assay of pyruvate,0.00
84220,,Assay of pyruvate kinase,0.00
84228,,Assay of quinine,0.00
84233,,Assay of estrogen,0.00
84234,,Assay of progesterone,0.00
84235,,Assay of endocrine hormone,0.00
84238,,Assay nonendocrine receptor,0.00
84244,,Assay of renin,0.00
84252,,Assay of vitamin b-2,0.00
84255,,Assay of selenium,0.00
84260,,Assay of serotonin,0.00
84270,,Assay of sex hormone globul,0.00
84275,,Assay of sialic acid,0.00
84285,,Assay of silica,0.00
84295,,Assay of serum sodium,0.00
84300,,Assay of urine sodium,0.00
84302,,Assay of sweat sodium,0.00
84305,,Assay of somatomedin,0.00
84307,,Assay of somatostatin,0.00
84311,,Spectrophotometry,0.00
84315,,Body fluid specific gravity,0.00
84375,,Chromatogram assay sugars,0.00
84376,,Sugars single qual,0.00
84377,,Sugars multiple qual,0.00
84378,,Sugars single quant,0.00
84379,,Sugars multiple quant,0.00
84392,,Assay of urine sulfate,0.00
84393,,Tau phosphorylated ea,0.00
84394,,Total tau,0.00
84402,,Assay of free testosterone,0.00
84403,,Assay of total testosterone,0.00
84410,,Testosterone bioavailable,0.00
84425,,Assay of vitamin b-1,0.00
84430,,Assay of thiocyanate,0.00
84431,,Thromboxane urine,0.00
84432,,Assay of thyroglobulin,0.00
84433,,Asy thiopurin s-mthyltrnsfrs,0.00
84436,,Assay of total thyroxine,0.00
84437,,Assay of neonatal thyroxine,0.00
84439,,Assay of free thyroxine,0.00
84442,,Assay of thyroid activity,0.00
84443,,Assay thyroid stim hormone,0.00
84445,,Assay of tsi globulin,0.00
84446,,Assay of vitamin e,0.00
84449,,Assay of transcortin,0.00
84450,,Transferase (ast) (sgot),0.00
84460,,Alanine amino (alt) (sgpt),0.00
84466,,Assay of transferrin,0.00
84478,,Assay of triglycerides,0.00
84479,,Assay of thyroid (t3 or t4),0.00
84480,,Assay triiodothyronine (t3),0.00
84481,,Free assay (ft-3),0.00
84482,,T3 reverse,0.00
84484,,Assay of troponin quant,0.00
84485,,Assay duodenal fluid trypsin,0.00
84488,,Test feces for trypsin,0.00
84490,,Assay of feces for trypsin,0.00
84510,,Assay of tyrosine,0.00
84512,,Assay of troponin qual,0.00
84520,,Assay of urea nitrogen,0.00
84525,,Urea nitrogen semi-quant,0.00
84540,,Assay of urine/urea-n,0.00
84545,,Urea-n clearance test,0.00
84550,,Assay of blood/uric acid,0.00
84560,,Assay of urine/uric acid,0.00
84577,,Assay of feces/urobilinogen,0.00
84578,,Test urine urobilinogen,0.00
84580,,Assay of urine urobilinogen,0.00
84583,,Assay of urine urobilinogen,0.00
84585,,Assay of urine vma,0.00
84586,,Assay of vip,0.00
84588,,Assay of vasopressin,0.00
84590,,Assay of vitamin a,0.00
84591,,Assay of nos vitamin,0.00
84597,,Assay of vitamin k,0.00
84600,,Assay of volatiles,0.00
84620,,Xylose tolerance test,0.00
84630,,Assay of zinc,0.00
84681,,Assay of c-peptide,0.00
84702,,Chorionic gonadotropin test,0.00
84703,,Chorionic gonadotropin assay,0.00
84704,,Hcg free betachain test,0.00
84830,,Ovulation tests,0.00
84999,,Unlisted chemistry procedure,0.00
85002,,Bleeding time test,0.00
85004,,Automated diff wbc count,0.00
85007,,Bl smear w/diff wbc count,0.00
85008,,Bl smear w/o diff wbc count,0.00
85009,,Manual diff wbc count b-coat,0.00
85013,,Spun microhematocrit,0.00
85014,,Hematocrit,0.00
85018,,Hemoglobin,0.00
85025,,Complete cbc w/auto diff wbc,0.00
85027,,Complete cbc automated,0.00
85032,,Manual cell count each,0.00
85041,,Automated rbc count,0.00
85044,,Manual reticulocyte count,0.00
85045,,Automated reticulocyte count,0.00
85046,,Reticyte/hgb concentrate,0.00
85048,,Automated leukocyte count,0.00
85049,,Automated platelet count,0.00
85055,,Reticulated platelet assay,0.00
85060,,Blood smear interpretation,0.45
85097,,Bone marrow interpretation,0.94
85130,,Chromogenic substrate assay,0.00
85170,,Blood clot retraction,0.00
85175,,Blood clot lysis time,0.00
85210,,Clot factor ii prothrom spec,0.00
85220,,Blooc clot factor v test,0.00
85230,,Clot factor vii proconvertin,0.00
85240,,Clot factor viii ahg 1 stage,0.00
85244,,Clot factor viii reltd antgn,0.00
85245,,Clot factor viii vw ristoctn,0.00
85246,,Clot factor viii vw antigen,0.00
85247,,Clot factor viii multimetric,0.00
85250,,Clot factor ix ptc/chrstmas,0.00
85260,,Clot factor x stuart-power,0.00
85270,,Clot factor xi pta,0.00
85280,,Clot factor xii hageman,0.00
85290,,Clot factor xiii fibrin stab,0.00
85291,,Clot factor xiii fibrin scrn,0.00
85292,,Clot factor fletcher fact,0.00
85293,,Clot factor wght kininogen,0.00
85300,,Antithrombin iii activity,0.00
85301,,Antithrombin iii antigen,0.00
85302,,Clot inhibit prot c antigen,0.00
85303,,Clot inhibit prot c activity,0.00
85305,,Clot inhibit prot s total,0.00
85306,,Clot inhibit prot s free,0.00
85307,,Assay activated protein c,0.00
85335,,Factor inhibitor test,0.00
85337,,Thrombomodulin,0.00
85345,,Coagulation time lee & white,0.00
85347,,Coagulation time activated,0.00
85348,,Coagulation time otr method,0.00
85360,,Euglobulin lysis,0.00
85362,,Fibrin degradation products,0.00
85366,,Fibrinogen test,0.00
85370,,Fibrinogen test,0.00
85378,,Fibrin degrade semiquant,0.00
85379,,Fibrin degradation quant,0.00
85380,,Fibrin degradj d-dimer,0.00
85384,,Fibrinogen activity,0.00
85385,,Fibrinogen antigen,0.00
85390,,Fibrinolysins screen i&r,0.00
85390,26,Fibrinolysins screen i&r,0.75
85396,,Clotting assay whole blood,0.37
85397,,Clotting funct activity,0.00
85400,,Fibrinolytic plasmin,0.00
85410,,Fibrinolytic antiplasmin,0.00
85415,,Fibrinolytic plasminogen,0.00
85420,,Fibrinolytic plasminogen,0.00
85421,,Fibrinolytic plasminogen,0.00
85441,,Heinz bodies direct,0.00
85445,,Heinz bodies induced,0.00
85460,,Hemoglobin fetal,0.00
85461,,Hemoglobin fetal,0.00
85475,,Hemolysin acid,0.00
85520,,Heparin assay,0.00
85525,,Heparin neutralization,0.00
85530,,Heparin-protamine tolerance,0.00
85536,,Iron stain peripheral blood,0.00
85540,,Wbc alkaline phosphatase,0.00
85547,,Rbc mechanical fragility,0.00
85549,,Muramidase,0.00
85555,,Rbc osmotic fragility,0.00
85557,,Rbc osmotic fragility,0.00
85576,,Blood platelet aggregation,0.00
85576,26,Blood platelet aggregation,0.37
85597,,Phospholipid pltlt neutraliz,0.00
85598,,Hexagnal phosph pltlt neutrl,0.00
85610,,Prothrombin time,0.00
85611,,Prothrombin test,0.00
85612,,Viper venom prothrombin time,0.00
85613,,Russell viper venom diluted,0.00
85635,,Reptilase test,0.00
85651,,Rbc sed rate nonautomated,0.00
85652,,Rbc sed rate automated,0.00
85660,,Rbc sickle cell test,0.00
85670,,Thrombin time plasma,0.00
85675,,Thrombin time titer,0.00
85705,,Thromboplastin inhibition,0.00
85730,,Thromboplastin time partial,0.00
85732,,Thromboplastin time partial,0.00
85810,,Blood viscosity examination,0.00
85999,,Unlisted hematology&coagj px,0.00
86000,,Agglutinins febrile antigen,0.00
86001,,Allergen specific igg,0.00
86003,,Allg spec ige crude xtrc ea,0.00
86005,,Allg spec ige multiallg scr,0.00
86008,,Allg spec ige recomb ea,0.00
86015,,Actin antibody each,0.00
86021,,Wbc antibody identification,0.00
86022,,Platelet antibodies,0.00
86023,,Immunoglobulin assay,0.00
86036,,Anca screen each antibody,0.00
86037,,Anca titer each antibody,0.00
86038,,Antinuclear antibodies,0.00
86039,,Antinuclear antibodies (ana),0.00
86041,,Acetylcholn rcptr bndng antb,0.00
86042,,Acetylcholn rcptr blckg antb,0.00
86043,,Acetylcholn rcptr modlg antb,0.00
86051,,Aquaporin-4 antb elisa,0.00
86052,,Aquaporin-4 antb cba each,0.00
86053,,Aqaprn-4 antb flo cytmtry ea,0.00
86060,,Antistreptolysin o titer,0.00
86063,,Antistreptolysin o screen,0.00
86077,,Phys blood bank serv xmatch,0.94
86078,,Phys blood bank serv reactj,0.94
86079,,Phys blood bank serv authrj,0.94
86140,,C-reactive protein,0.00
86141,,C-reactive protein hs,0.00
86146,,Beta-2 glycoprotein antibody,0.00
86147,,Cardiolipin antibody ea ig,0.00
86148,,Anti-phospholipid antibody,0.00
86152,,Cell enumeration & id,0.00
86153,26,Cell enumeration phys interp,0.69
86155,,Chemotaxis assay,0.00
86156,,Cold agglutinin screen,0.00
86157,,Cold agglutinin titer,0.00
86160,,Complement antigen,0.00
86161,,Complement/function activity,0.00
86162,,Complement total (ch50),0.00
86171,,Complement fixation each,0.00
86200,,Ccp antibody,0.00
86215,,Deoxyribonuclease antibody,0.00
86225,,Dna antibody native,0.00
86226,,Dna antibody single strand,0.00
86231,,Ema each ig class,0.00
86235,,Nuclear antigen antibody,0.00
86255,,Fluorescent antibody screen,0.00
86255,26,Fluorescent antibody screen,0.37
86256,,Fluorescent antibody titer,0.00
86256,26,Fluorescent antibody titer,0.37
86258,,Dgp antibody each ig class,0.00
86277,,Growth hormone antibody,0.00
86280,,Hemagglutination inhibition,0.00
86294,,Immunoassay tumor qual,0.00
86300,,Immunoassay tumor ca 15-3,0.00
86301,,Immunoassay tumor ca 19-9,0.00
86304,,Immunoassay tumor ca 125,0.00
86305,,Human epididymis protein 4,0.00
86308,,Heterophile antibody screen,0.00
86309,,Heterophile antibody titer,0.00
86310,,Heterophile antibody absrbj,0.00
86316,,Immunoassay tumor other,0.00
86317,,Immunoassay infectious agent,0.00
86318,,Ia infectious agent antibody,0.00
86320,,Serum immunoelectrophoresis,0.00
86320,26,Serum immunoelectrophoresis,0.37
86325,,Other immunoelectrophoresis,0.00
86325,26,Other immunoelectrophoresis,0.37
86328,,Ia nfct ab sarscov2 covid19,0.00
86329,,Immunodiffusion nes,0.00
86331,,Immunodiffusion ouchterlony,0.00
86332,,Immune complex assay,0.00
86334,,Immunofix e-phoresis serum,0.00
86334,26,Immunofix e-phoresis serum,0.37
86335,,Immunfix e-phorsis/urine/csf,0.00
86335,26,Immunfix e-phorsis/urine/csf,0.37
86336,,Inhibin a,0.00
86337,,Insulin antibodies,0.00
86340,,Intrinsic factor antibody,0.00
86341,,Islet cell antibody,0.00
86343,,Leukocyte histamine release,0.00
86344,,Leukocyte phagocytosis,0.00
86352,,Cell function assay w/stim,0.00
86353,,Lymphocyte transformation,0.00
86355,,B cells total count,0.00
86356,,Mononuclear cell antigen,0.00
86357,,Nk cells total count,0.00
86359,,T cells total count,0.00
86360,,T cell absolute count/ratio,0.00
86361,,T cell absolute count,0.00
86362,,Mog-igg1 antb cba each,0.00
86363,,Mog-igg1 antb flo cytmtry ea,0.00
86364,,Tiss trnsgltmnase ea ig clas,0.00
86366,,Muscle-specific kinase antb,0.00
86367,,Stem cells total count,0.00
86376,,Microsomal antibody each,0.00
86381,,Mitochondrial antibody each,0.00
86382,,Neutralization test viral,0.00
86384,,Nitroblue tetrazolium dye,0.00
86386,,Nuclear matrix protein 22,0.00
86403,,Particle agglut antbdy scrn,0.00
86406,,Particle agglut antbdy titr,0.00
86408,,Neutrlzg antb sarscov2 scr,0.00
86409,,Neutrlzg antb sarscov2 titer,0.00
86413,,Sars-cov-2 antb quantitative,0.00
86430,,Rheumatoid factor test qual,0.00
86431,,Rheumatoid factor quant,0.00
86480,,Tb test cell immun measure,0.00
86481,,Tb ag response t-cell susp,0.00
86485,,Skin test candida,0.00
86486,,Skin test unlisted antign ea,0.00
86510,,Histoplasmosis skin test,0.00
86580,,Tb intradermal test,0.00
86581,,Strptcs pneum antb serot ia,0.00
86590,,Streptokinase antibody,0.00
86592,,Syphilis test non-trep qual,0.00
86593,,Syphilis test non-trep quant,0.00
86596,,Voltage-gtd ca chnl antb ea,0.00
86602,,Antinomyces antibody,0.00
86603,,Adenovirus antibody,0.00
86606,,Aspergillus antibody,0.00
86609,,Bacterium antibody,0.00
86611,,Bartonella antibody,0.00
86612,,Blastomyces antibody,0.00
86615,,Bordetella antibody,0.00
86617,,Lyme disease antibody,0.00
86618,,Lyme disease antibody,0.00
86619,,Borrelia antibody,0.00
86622,,Brucella antibody,0.00
86625,,Campylobacter antibody,0.00
86628,,Candida antibody,0.00
86631,,Chlamydia antibody,0.00
86632,,Chlamydia igm antibody,0.00
86635,,Coccidioides antibody,0.00
86638,,Q fever antibody,0.00
86641,,Cryptococcus antibody,0.00
86644,,Cmv antibody,0.00
86645,,Cmv antibody igm,0.00
86648,,Diphtheria antibody,0.00
86651,,Encephalitis californ antbdy,0.00
86652,,Encephaltis east eqne anbdy,0.00
86653,,Encephaltis st louis antbody,0.00
86654,,Encephaltis west eqne antbdy,0.00
86658,,Enterovirus antibody,0.00
86663,,Epstein-barr antibody,0.00
86664,,Epstein-barr nuclear antigen,0.00
86665,,Epstein-barr capsid vca,0.00
86666,,Ehrlichia antibody,0.00
86668,,Francisella tularensis,0.00
86671,,Fungus nes antibody,0.00
86674,,Giardia lamblia antibody,0.00
86677,,Helicobacter pylori antibody,0.00
86682,,Helminth antibody,0.00
86684,,Hemophilus influenza antibdy,0.00
86687,,Htlv-i antibody,0.00
86688,,Htlv-ii antibody,0.00
86689,,Htlv/hiv confirmj antibody,0.00
86692,,Hepatitis delta agent antbdy,0.00
86694,,Herpes simplex nes antbdy,0.00
86695,,Herpes simplex type 1 test,0.00
86696,,Herpes simplex type 2 test,0.00
86698,,Histoplasma antibody,0.00
86701,,Hiv-1antibody,0.00
86702,,Hiv-2 antibody,0.00
86703,,Hiv-1/hiv-2 1 result antbdy,0.00
86704,,Hep b core antibody total,0.00
86705,,Hep b core antibody igm,0.00
86706,,Hep b surface antibody,0.00
86707,,Hepatitis be antibody,0.00
86708,,Hepatitis a antibody,0.00
86709,,Hepatitis a igm antibody,0.00
86710,,Influenza virus antibody,0.00
86711,,John cunningham antibody,0.00
86713,,Legionella antibody,0.00
86717,,Leishmania antibody,0.00
86720,,Leptospira antibody,0.00
86723,,Listeria monocytogenes,0.00
86727,,Lymph choriomeningitis ab,0.00
86732,,Mucormycosis antibody,0.00
86735,,Mumps antibody,0.00
86738,,Mycoplasma antibody,0.00
86741,,Neisseria meningitidis,0.00
86744,,Nocardia antibody,0.00
86747,,Parvovirus antibody,0.00
86750,,Malaria antibody,0.00
86753,,Protozoa antibody nos,0.00
86756,,Respiratory virus antibody,0.00
86757,,Rickettsia antibody,0.00
86759,,Rotavirus antibody,0.00
86762,,Rubella antibody,0.00
86765,,Rubeola antibody,0.00
86768,,Salmonella antibody,0.00
86769,,Sars-cov-2 covid-19 antibody,0.00
86771,,Shigella antibody,0.00
86774,,Tetanus antibody,0.00
86777,,Toxoplasma antibody,0.00
86778,,Toxoplasma antibody igm,0.00
86780,,Treponema pallidum,0.00
86784,,Trichinella antibody,0.00
86787,,Varicella-zoster antibody,0.00
86788,,West nile virus ab igm,0.00
86789,,West nile virus antibody,0.00
86790,,Virus antibody nos,0.00
86793,,Yersinia antibody,0.00
86794,,Zika virus igm antibody,0.00
86800,,Thyroglobulin antibody,0.00
86803,,Hepatitis c ab test,0.00
86804,,Hep c ab test confirm,0.00
86805,,Lymphocytotoxicity assay,0.00
86806,,Lymphocytotoxicity assay,0.00
86807,,Cytotoxic antibody screening,0.00
86808,,Cytotoxic antibody screening,0.00
86812,,Hla typing a b or c,0.00
86813,,Hla typing a b or c,0.00
86816,,Hla typing dr/dq,0.00
86817,,Hla typing dr/dq,0.00
86821,,Lymphocyte culture mixed,0.00
86825,,Hla x-math non-cytotoxic,0.00
86826,,Hla x-match noncytotoxc addl,0.00
86828,,Hla class i&ii antibody qual,0.00
86829,,Hla class i/ii antibody qual,0.00
86830,,Hla class i phenotype qual,0.00
86831,,Hla class ii phenotype qual,0.00
86832,,Hla class i high defin qual,0.00
86833,,Hla class ii high defin qual,0.00
86834,,Hla class i semiquant panel,0.00
86835,,Hla class ii semiquant panel,0.00
86849,,Immunology procedure,0.00
86850,,Rbc antibody screen,0.00
86860,,Rbc antibody elution,0.00
86870,,Rbc antibody identification,0.00
86880,,Coombs test direct,0.00
86885,,Coombs test indirect qual,0.00
86886,,Coombs test indirect titer,0.00
86890,,Autologous blood process,0.00
86891,,Autologous blood op salvage,0.00
86900,,Blood typing serologic abo,0.00
86901,,Blood typing serologic rh(d),0.00
86902,,Blood type antigen donor ea,0.00
86904,,Blood typing patient serum,0.00
86905,,Blood typing rbc antigens,0.00
86906,,Bld typing serologic rh phnt,0.00
86910,,Blood typing paternity test,0.00
86911,,Blood typing antigen system,0.00
86920,,Compatibility test spin,0.00
86921,,Compatibility test incubate,0.00
86922,,Compatibility test antiglob,0.00
86923,,Compatibility test electric,0.00
86927,,Plasma fresh frozen,0.00
86930,,Frozen blood prep,0.00
86931,,Frozen blood thaw,0.00
86932,,Frozen blood freeze/thaw,0.00
86940,,Hemolysins/agglutinins auto,0.00
86941,,Hemolysins/agglutinins,0.00
86945,,Blood product/irradiation,0.00
86950,,Leukacyte transfusion,0.00
86960,,Vol reduction of blood/prod,0.00
86965,,Pooling blood platelets,0.00
86970,,Rbc pretx incubatj w/chemicl,0.00
86971,,Rbc pretx incubatj w/enzymes,0.00
86972,,Rbc pretx incubatj w/density,0.00
86975,,Rbc serum pretx incubj drugs,0.00
86976,,Rbc serum pretx id dilution,0.00
86977,,Rbc serum pretx incubj/inhib,0.00
86978,,Rbc pretreatment serum,0.00
86985,,Split blood or products,0.00
86999,,Unlisted transfusion med px,0.00
87003,,Small animal inoculation,0.00
87015,,Specimen infect agnt concntj,0.00
87040,,Blood culture for bacteria,0.00
87045,,Feces culture aerobic bact,0.00
87046,,Stool cultr aerobic bact ea,0.00
87070,,Culture othr specimn aerobic,0.00
87071,,Culture aerobic quant other,0.00
87073,,Culture bacteria anaerobic,0.00
87075,,Cultr bacteria except blood,0.00
87076,,Culture anaerobe ident each,0.00
87077,,Culture aerobic identify,0.00
87081,,Culture screen only,0.00
87084,,Culture of specimen by kit,0.00
87086,,Urine culture/colony count,0.00
87088,,Urine bacteria culture,0.00
87101,,Skin fungi culture,0.00
87102,,Fungus isolation culture,0.00
87103,,Blood fungus culture,0.00
87106,,Fungi identification yeast,0.00
87107,,Fungi identification mold,0.00
87109,,Mycoplasma,0.00
87110,,Chlamydia culture,0.00
87116,,Mycobacteria culture,0.00
87118,,Mycobacteric identification,0.00
87140,,Culture type immunofluoresc,0.00
87143,,Culture typing glc/hplc,0.00
87147,,Culture type immunologic,0.00
87149,,Dna/rna direct probe,0.00
87150,,Dna/rna amplified probe,0.00
87152,,Culture type pulse field gel,0.00
87153,,Dna/rna sequencing,0.00
87154,,Cul typ id bld pthgn 6+ trgt,0.00
87158,,Culture typing added method,0.00
87164,,Dark field exam spec collj,0.00
87164,26,Dark field exam spec collj,0.37
87166,,Dark field exam w/o collj,0.00
87168,,Macroscopic exam arthropod,0.00
87169,,Macroscopic exam parasite,0.00
87172,,Pinworm exam,0.00
87176,,Tissue homogenization cultr,0.00
87177,,Ova and parasites smears,0.00
87181,,Microbe susceptible diffuse,0.00
87184,,Microbe susceptible disk,0.00
87185,,Microbe susceptible enzyme,0.00
87186,,Microbe susceptible mic,0.00
87187,,Microbe susceptible mlc,0.00
87188,,Microbe suscept macrobroth,0.00
87190,,Microbe suscept mycobacteri,0.00
87197,,Bactericidal level serum,0.00
87205,,Smear gram stain,0.00
87206,,Smear fluorescent/acid stai,0.00
87207,,Smear special stain,0.00
87207,26,Smear special stain,0.37
87209,,Smear complex stain,0.00
87210,,Smear wet mount saline/ink,0.00
87220,,Tissue exam for fungi,0.00
87230,,Assay toxin or antitoxin,0.00
87250,,Virus inoculate eggs/animal,0.00
87252,,Virus inoculation tissue,0.00
87253,,Virus inoculate tissue addl,0.00
87254,,Virus inoculation shell via,0.00
87255,,Genet virus isolate hsv,0.00
87260,,Adenovirus ag if,0.00
87265,,Pertussis ag if,0.00
87267,,Enterovirus antibody dfa,0.00
87269,,Giardia ag if,0.00
87270,,Chlamydia trachomatis ag if,0.00
87271,,Cytomegalovirus dfa,0.00
87272,,Cryptosporidium ag if,0.00
87273,,Herpes simplex 2 ag if,0.00
87274,,Herpes simplex 1 ag if,0.00
87275,,Influenza b ag if,0.00
87276,,Influenza a ag if,0.00
87278,,Legion pneumophilia ag if,0.00
87279,,Parainfluenza ag if,0.00
87280,,Respiratory syncytial ag if,0.00
87281,,Pneumocystis carinii ag if,0.00
87283,,Rubeola ag if,0.00
87285,,Treponema pallidum ag if,0.00
87290,,Varicella zoster ag if,0.00
87299,,Antibody detection nos if,0.00
87300,,Ag detection polyval if,0.00
87301,,Adenovirus ag ia,0.00
87305,,Aspergillus ag ia,0.00
87320,,Chlmyd trach ag ia,0.00
87324,,Clostridium ag ia,0.00
87327,,Cryptococcus neoform ag ia,0.00
87328,,Cryptosporidium ag ia,0.00
87329,,Giardia ag ia,0.00
87332,,Cytomegalovirus ag ia,0.00
87335,,E coli 0157 ag ia,0.00
87336,,Entamoeb hist dispr ag ia,0.00
87337,,Entamoeb hist group ag ia,0.00
87338,,Hpylori stool ag ia,0.00
87339,,H pylori ag ia,0.00
87340,,Hepatitis b surface ag ia,0.00
87341,,Hep b surface ag neutrlzj ia,0.00
87350,,Hepatitis be ag ia,0.00
87380,,Hepatitis delta agent ag ia,0.00
87385,,Histoplasma capsul ag ia,0.00
87389,,Hiv-1 ag w/hiv-1&-2 ab ag ia,0.00
87390,,Hiv-1 ag ia,0.00
87391,,Hiv-2 ag ia,0.00
87400,,Influenza a/b each ag ia,0.00
87420,,Resp syncytial virus ag ia,0.00
87425,,Rotavirus ag ia,0.00
87426,,Sarscov coronavirus ag ia,0.00
87427,,Shiga-like toxin ag ia,0.00
87428,,Sarscov & inf vir a&b ag ia,0.00
87430,,Strep a ag ia,0.00
87449,,Nos each organism ag ia,0.00
87451,,Polyvalent mult org ea ag ia,0.00
87467,,Hepatitis b surface ag quan,0.00
87468,,Anaplsma phgcytophlm amp prb,0.00
87469,,Babesia microti amp prb,0.00
87471,,Bartonella dna amp probe,0.00
87472,,Bartonella dna quant,0.00
87475,,Lyme dis dna dir probe,0.00
87476,,Lyme dis dna amp probe,0.00
87478,,Borrelia miyamotoi amp prb,0.00
87480,,Candida dna dir probe,0.00
87481,,Candida dna amp probe,0.00
87482,,Candida dna quant,0.00
87483,,Cns dna amp probe type 12-25,0.00
87484,,Ehrlicha chaffeensis amp prb,0.00
87485,,Chlmyd pneum dna dir probe,0.00
87486,,Chlmyd pneum dna amp probe,0.00
87487,,Chlmyd pneum dna quant,0.00
87490,,Chlmyd trach dna dir probe,0.00
87491,,Chlmyd trach dna amp probe,0.00
87492,,Chlmyd trach dna quant,0.00
87493,,C diff amplified probe,0.00
87495,,Cytomeg dna dir probe,0.00
87496,,Cytomeg dna amp probe,0.00
87497,,Cytomeg dna quant,0.00
87498,,Enterovirus probe&revrs trns,0.00
87500,,Vanomycin dna amp probe,0.00
87501,,Influenza dna amp prob 1+,0.00
87502,,Influenza dna amp probe,0.00
87503,,Influenza dna amp prob addl,0.00
87505,,Nfct agent detection gi,0.00
87506,,Iadna-dna/rna probe tq 6-11,0.00
87507,,Iadna-dna/rna probe tq 12-25,0.00
87510,,Gardner vag dna dir probe,0.00
87511,,Gardner vag dna amp probe,0.00
87512,,Gardner vag dna quant,0.00
87513,,H pylri clrthmcn rst amp prb,0.00
87516,,Hepatitis b dna amp probe,0.00
87517,,Hepatitis b dna quant,0.00
87520,,Hepatitis c rna dir probe,0.00
87521,,Hepatitis c probe&rvrs trnsc,0.00
87522,,Hepatitis c revrs trnscrpj,0.00
87523,,Hepatitis d quantification,0.00
87525,,Hepatitis g dna dir probe,0.00
87526,,Hepatitis g dna amp probe,0.00
87527,,Hepatitis g dna quant,0.00
87528,,Hsv dna dir probe,0.00
87529,,Hsv dna amp probe,0.00
87530,,Hsv dna quant,0.00
87531,,Hhv-6 dna dir probe,0.00
87532,,Hhv-6 dna amp probe,0.00
87533,,Hhv-6 dna quant,0.00
87534,,Hiv-1 dna dir probe,0.00
87535,,Hiv-1 probe&reverse trnscrpj,0.00
87536,,Hiv-1 quant&revrse trnscrpj,0.00
87537,,Hiv-2 dna dir probe,0.00
87538,,Hiv-2 probe&revrse trnscripj,0.00
87539,,Hiv-2 quant&revrse trnscripj,0.00
87540,,Legion pneumo dna dir prob,0.00
87541,,Legion pneumo dna amp prob,0.00
87542,,Legion pneumo dna quant,0.00
87550,,Mycobacteria dna dir probe,0.00
87551,,Mycobacteria dna amp probe,0.00
87552,,Mycobacteria dna quant,0.00
87555,,M.tuberculo dna dir probe,0.00
87556,,M.tuberculo dna amp probe,0.00
87557,,M.tuberculo dna quant,0.00
87560,,M.avium-intra dna dir prob,0.00
87561,,M.avium-intra dna amp prob,0.00
87562,,M.avium-intra dna quant,0.00
87563,,M. genitalium amp probe,0.00
87564,,Mtb rifampin rst amp prb tq,0.00
87580,,M.pneumon dna dir probe,0.00
87581,,M.pneumon dna amp probe,0.00
87582,,M.pneumon dna quant,0.00
87590,,N.gonorrhoeae dna dir prob,0.00
87591,,N.gonorrhoeae dna amp prob,0.00
87592,,N.gonorrhoeae dna quant,0.00
87593,,Orthopoxvirus amp prb each,0.00
87594,,Pneumcysts jirovecii amp prb,0.00
87623,,Hpv low-risk types,0.00
87624,,Hpv hi-risk typ pooled rslt,0.00
87625,,Hpv types 16 & 18 only,0.00
87626,,Hpv sep hi-rsk typ&pool rslt,0.00
87631,,Resp virus 3-5 targets,0.00
87632,,Resp virus 6-11 targets,0.00
87633,,Resp virus 12-25 targets,0.00
87634,,Rsv dna/rna amp probe,0.00
87635,,Sars-cov-2 covid-19 amp prb,0.00
87636,,Sarscov2 & inf a&b amp prb,0.00
87637,,Sarscov2&inf a&b&rsv amp prb,0.00
87640,,Staph a dna amp probe,0.00
87641,,Mr-staph dna amp probe,0.00
87650,,Strep a dna dir probe,0.00
87651,,Strep a dna amp probe,0.00
87652,,Strep a dna quant,0.00
87653,,Strep b dna amp probe,0.00
87660,,Trichomonas vagin dir probe,0.00
87661,,Trichomonas vaginalis amplif,0.00
87662,,Zika virus dna/rna amp probe,0.00
87797,,Detect agent nos dna dir,0.00
87798,,Detect agent nos dna amp,0.00
87799,,Detect agent nos dna quant,0.00
87800,,Detect agnt mult dna direc,0.00
87801,,Detect agnt mult dna ampli,0.00
87802,,Strep b assay w/optic,0.00
87803,,Clostridium toxin a w/optic,0.00
87804,,Influenza assay w/optic,0.00
87806,,Hiv ag w/hiv1&2 antb w/optic,0.00
87807,,Rsv assay w/optic,0.00
87808,,Trichomonas assay w/optic,0.00
87809,,Adenovirus assay w/optic,0.00
87810,,Chlmyd trach assay w/optic,0.00
87811,,Sars-cov-2 covid19 w/optic,0.00
87850,,N. gonorrhoeae assay w/optic,0.00
87880,,Strep a assay w/optic,0.00
87899,,Agent nos assay w/optic,0.00
87900,,Phenotype infect agent drug,0.00
87901,,Nfct agt gntyp alys hiv1 rev,0.00
87902,,Nfct agt gntyp alys hep c,0.00
87903,,Phenotype dna hiv w/culture,0.00
87904,,Phenotype dna hiv w/clt add,0.00
87905,,Sialidase enzyme assay,0.00
87906,,Nfct agt gntyp alys hiv1,0.00
87910,,Nfct agt gntyp alys cmv,0.00
87912,,Nfct agt gntyp alys hep b,0.00
87913,,Nfct agt gntyp alys sarscov2,0.00
87999,,Unlisted microbiology px,0.00
88000,,Autopsy (necropsy) gross,0.00
88005,,Autopsy (necropsy) gross,0.00
88007,,Autopsy (necropsy) gross,0.00
88012,,Autopsy (necropsy) gross,0.00
88014,,Autopsy (necropsy) gross,0.00
88016,,Autopsy (necropsy) gross,0.00
88020,,Autopsy (necropsy) complete,0.00
88025,,Autopsy (necropsy) complete,0.00
88027,,Autopsy (necropsy) complete,0.00
88028,,Autopsy (necropsy) complete,0.00
88029,,Autopsy (necropsy) complete,0.00
88036,,Limited autopsy,0.00
88037,,Limited autopsy,0.00
88040,,Forensic autopsy (necropsy),0.00
88045,,Coroners autopsy (necropsy),0.00
88099,,Unlisted necropsy (autopsy),0.00
88104,,Cytopath fl nongyn smears,0.56
88104,TC,Cytopath fl nongyn smears,0.00
88104,26,Cytopath fl nongyn smears,0.56
88106,,Cytopath fl nongyn filter,0.37
88106,TC,Cytopath fl nongyn filter,0.00
88106,26,Cytopath fl nongyn filter,0.37
88108,,Cytopath concentrate tech,0.44
88108,TC,Cytopath concentrate tech,0.00
88108,26,Cytopath concentrate tech,0.44
88112,,Cytopath cell enhance tech,0.56
88112,TC,Cytopath cell enhance tech,0.00
88112,26,Cytopath cell enhance tech,0.56
88120,,Cytp urne 3-5 probes ea spec,1.20
88120,TC,Cytp urne 3-5 probes ea spec,0.00
88120,26,Cytp urne 3-5 probes ea spec,1.20
88121,,Cytp urine 3-5 probes cmptr,1.00
88121,TC,Cytp urine 3-5 probes cmptr,0.00
88121,26,Cytp urine 3-5 probes cmptr,1.00
88125,,Forensic cytopathology,0.26
88125,TC,Forensic cytopathology,0.00
88125,26,Forensic cytopathology,0.26
88130,,Sex chromatin identification,0.00
88140,,Sex chromatin identification,0.00
88141,,Cytopath c/v interpret,0.26
88142,,Cytopath c/v thin layer,0.00
88143,,Cytopath c/v thin layer redo,0.00
88147,,Cytopath c/v automated,0.00
88148,,Cytopath c/v auto rescreen,0.00
88150,,Cytopath c/v manual,0.00
88152,,Cytopath c/v auto redo,0.00
88153,,Cytopath c/v redo,0.00
88155,,Cytopath c/v index add-on,0.00
88160,,Cytopath smear other source,0.50
88160,TC,Cytopath smear other source,0.00
88160,26,Cytopath smear other source,0.50
88161,,Cytopath smear other source,0.50
88161,TC,Cytopath smear other source,0.00
88161,26,Cytopath smear other source,0.50
88162,,Cytopath smear other source,0.76
88162,TC,Cytopath smear other source,0.00
88162,26,Cytopath smear other source,0.76
88164,,Cytopath tbs c/v manual,0.00
88165,,Cytopath tbs c/v redo,0.00
88166,,Cytopath tbs c/v auto redo,0.00
88167,,Cytopath tbs c/v select,0.00
88172,,Cytp dx eval fna 1st ea site,0.69
88172,TC,Cytp dx eval fna 1st ea site,0.00
88172,26,Cytp dx eval fna 1st ea site,0.69
88173,,Cytopath eval fna report,1.39
88173,TC,Cytopath eval fna report,0.00
88173,26,Cytopath eval fna report,1.39
88174,,Cytopath c/v auto in fluid,0.00
88175,,Cytopath c/v auto fluid redo,0.00
88177,,Cytp fna eval ea addl,0.42
88177,TC,Cytp fna eval ea addl,0.00
88177,26,Cytp fna eval ea addl,0.42
88182,,Cell marker study,0.77
88182,TC,Cell marker study,0.00
88182,26,Cell marker study,0.77
88184,,Flowcytometry/ tc 1 marker,0.00
88185,,Flowcytometry/tc add-on,0.00
88187,,Flowcytometry/read 2-8,0.74
88188,,Flowcytometry/read 9-15,1.20
88189,,Flowcytometry/read 16 & >,1.70
88199,,Unlisted cytopathology px,0.00
88199,TC,Unlisted cytopathology px,0.00
88199,26,Unlisted cytopathology px,0.00
88230,,Tissue culture lymphocyte,0.00
88233,,Tissue culture skin/biopsy,0.00
88235,,Tissue culture placenta,0.00
88237,,Tissue culture bone marrow,0.00
88239,,Tissue culture tumor,0.00
88240,,Cell cryopreserve/storage,0.00
88241,,Frozen cell preparation,0.00
88245,,Chromosome analysis 20-25,0.00
88248,,Chromosome analysis 50-100,0.00
88249,,Chromosome analysis 100,0.00
88261,,Chromosome analysis 5,0.00
88262,,Chromosome analysis 15-20,0.00
88263,,Chromosome analysis 45,0.00
88264,,Chromosome analysis 20-25,0.00
88267,,Chromosome analys placenta,0.00
88269,,Chromosome analys amniotic,0.00
88271,,Cytogenetics dna probe,0.00
88272,,Cytogenetics 3-5,0.00
88273,,Cytogenetics 10-30,0.00
88274,,Cytogenetics 25-99,0.00
88275,,Cytogenetics 100-300,0.00
88280,,Chromosome karyotype study,0.00
88283,,Chromosome banding study,0.00
88285,,Chromosome count additional,0.00
88289,,Chromosome study additional,0.00
88291,,Cyto/molecular report,0.52
88299,,Unlisted cytogenetic study,0.00
88300,,Surgical path gross,0.08
88300,TC,Surgical path gross,0.00
88300,26,Surgical path gross,0.08
88302,,Tissue exam by pathologist,0.13
88302,TC,Tissue exam by pathologist,0.00
88302,26,Tissue exam by pathologist,0.13
88304,,Tissue exam by pathologist,0.22
88304,TC,Tissue exam by pathologist,0.00
88304,26,Tissue exam by pathologist,0.22
88305,,Tissue exam by pathologist,0.75
88305,TC,Tissue exam by pathologist,0.00
88305,26,Tissue exam by pathologist,0.75
88307,,Tissue exam by pathologist,1.59
88307,TC,Tissue exam by pathologist,0.00
88307,26,Tissue exam by pathologist,1.59
88309,,Tissue exam by pathologist,2.80
88309,TC,Tissue exam by pathologist,0.00
88309,26,Tissue exam by pathologist,2.80
88311,,Decalcify tissue,0.24
88311,TC,Decalcify tissue,0.00
88311,26,Decalcify tissue,0.24
88312,,Special stains group 1,0.54
88312,TC,Special stains group 1,0.00
88312,26,Special stains group 1,0.54
88313,,Special stains group 2,0.24
88313,TC,Special stains group 2,0.00
88313,26,Special stains group 2,0.24
88314,,Histochemical stains add-on,0.45
88314,TC,Histochemical stains add-on,0.00
88314,26,Histochemical stains add-on,0.45
88319,,Enzyme histochemistry,0.53
88319,TC,Enzyme histochemistry,0.00
88319,26,Enzyme histochemistry,0.53
88321,,Consltj&reprt sld prep elswr,1.63
88323,,Consltj&reprt matrl prep sld,1.83
88323,TC,Consltj&reprt matrl prep sld,0.00
88323,26,Consltj&reprt matrl prep sld,1.83
88325,,Consltj compre rvw rec reprt,2.85
88329,,Path consltj drg surg,0.67
88331,,Path consltj surg 1 blk 1spc,1.19
88331,TC,Path consltj surg 1 blk 1spc,0.00
88331,26,Path consltj surg 1 blk 1spc,1.19
88332,,Path consltj surg ea add blk,0.59
88332,TC,Path consltj surg ea add blk,0.00
88332,26,Path consltj surg ea add blk,0.59
88333,,Path consltj surg cyto xm 1,1.20
88333,TC,Path consltj surg cyto xm 1,0.00
88333,26,Path consltj surg cyto xm 1,1.20
88334,,Path consltj surg cyto xm ea,0.73
88334,TC,Path consltj surg cyto xm ea,0.00
88334,26,Path consltj surg cyto xm ea,0.73
88341,,Imhchem/imcytchm ea add antb,0.56
88341,TC,Imhchem/imcytchm ea add antb,0.00
88341,26,Imhchem/imcytchm ea add antb,0.56
88342,,Imhchem/imcytchm 1st antb,0.70
88342,TC,Imhchem/imcytchm 1st antb,0.00
88342,26,Imhchem/imcytchm 1st antb,0.70
88344,,Imhchem/imcytchm ea mlt antb,0.77
88344,TC,Imhchem/imcytchm ea mlt antb,0.00
88344,26,Imhchem/imcytchm ea mlt antb,0.77
88346,,Imfluor 1st 1antb stain px,0.74
88346,TC,Imfluor 1st 1antb stain px,0.00
88346,26,Imfluor 1st 1antb stain px,0.74
88348,,Electron microscopy dx,1.51
88348,TC,Electron microscopy dx,0.00
88348,26,Electron microscopy dx,1.51
88350,,Imfluor ea addl 1antb stn px,0.59
88350,TC,Imfluor ea addl 1antb stn px,0.00
88350,26,Imfluor ea addl 1antb stn px,0.59
88355,,M/phmtrc alys skeletal musc,1.85
88355,TC,M/phmtrc alys skeletal musc,0.00
88355,26,M/phmtrc alys skeletal musc,1.85
88356,,Analysis nerve,2.80
88356,TC,Analysis nerve,0.00
88356,26,Analysis nerve,2.80
88358,,Analysis tumor,0.95
88358,TC,Analysis tumor,0.00
88358,26,Analysis tumor,0.95
88360,,Tumor immunohistochem/manual,0.85
88360,TC,Tumor immunohistochem/manual,0.00
88360,26,Tumor immunohistochem/manual,0.85
88361,,Tumor immunohistochem/comput,0.95
88361,TC,Tumor immunohistochem/comput,0.00
88361,26,Tumor immunohistochem/comput,0.95
88362,,Nerve teasing preparations,2.17
88362,TC,Nerve teasing preparations,0.00
88362,26,Nerve teasing preparations,2.17
88363,,Xm archive tissue molec anal,0.37
88364,,Insitu hybridization (fish),0.70
88364,TC,Insitu hybridization (fish),0.00
88364,26,Insitu hybridization (fish),0.70
88365,,Insitu hybridization (fish),0.88
88365,TC,Insitu hybridization (fish),0.00
88365,26,Insitu hybridization (fish),0.88
88366,,Insitu hybridization (fish),1.24
88366,TC,Insitu hybridization (fish),0.00
88366,26,Insitu hybridization (fish),1.24
88367,,Insitu hybridization auto,0.73
88367,TC,Insitu hybridization auto,0.00
88367,26,Insitu hybridization auto,0.73
88368,,Insitu hybridization manual,0.88
88368,TC,Insitu hybridization manual,0.00
88368,26,Insitu hybridization manual,0.88
88369,,M/phmtrc alysishquant/semiq,0.70
88369,TC,M/phmtrc alysishquant/semiq,0.00
88369,26,M/phmtrc alysishquant/semiq,0.70
88371,,Protein western blot tissue,0.00
88371,26,Protein western blot tissue,0.37
88372,,Protein analysis w/probe,0.00
88372,26,Protein analysis w/probe,0.37
88373,,M/phmtrc alys ishquant/semiq,0.58
88373,TC,M/phmtrc alys ishquant/semiq,0.00
88373,26,M/phmtrc alys ishquant/semiq,0.58
88374,,M/phmtrc alys ishquant/semiq,0.93
88374,TC,M/phmtrc alys ishquant/semiq,0.00
88374,26,M/phmtrc alys ishquant/semiq,0.93
88375,,Optical endomicroscpy interp,0.91
88377,,M/phmtrc alys ishquant/semiq,1.40
88377,TC,M/phmtrc alys ishquant/semiq,0.00
88377,26,M/phmtrc alys ishquant/semiq,1.40
88380,,Microdissection laser,1.14
88380,TC,Microdissection laser,0.00
88380,26,Microdissection laser,1.14
88381,,Microdissection manual,0.53
88381,TC,Microdissection manual,0.00
88381,26,Microdissection manual,0.53
88387,,Macroscopic xm dsj&prep tiss,0.62
88387,TC,Macroscopic xm dsj&prep tiss,0.00
88387,26,Macroscopic xm dsj&prep tiss,0.62
88399,,Unlisted surgical path px,0.00
88399,TC,Unlisted surgical path px,0.00
88399,26,Unlisted surgical path px,0.00
88720,,Bilirubin total transcut,0.00
88738,,Hgb quant transcutaneous,0.00
88740,,Transcutaneous carboxyhb,0.00
88741,,Transcutaneous methb,0.00
88749,,Unlisted in vivo lab service,0.00
89049,,Chct for mal hyperthermia,1.40
89050,,Body fluid cell count,0.00
89051,,Body fluid cell count,0.00
89055,,Leukocyte assessment fecal,0.00
89060,,Exam synovial fluid crystals,0.00
89060,26,Exam synovial fluid crystals,0.37
89125,,Specimen fat stain,0.00
89160,,Exam feces for meat fibers,0.00
89190,,Nasal smear for eosinophils,0.00
89220,,Sputum specimen collection,0.00
89230,,Collect sweat for test,0.00
89240,,Unlisted misc path test,0.00
89250,,Cultr oocyte/embryo <4 days,0.00
89251,,Cultr oocyte/embryo <4 days,0.00
89253,,Embryo hatching,0.00
89254,,Oocyte identification,0.00
89255,,Prepare embryo for transfer,0.00
89257,,Sperm identification,0.00
89258,,Cryopreservation embryo(s),0.00
89259,,Cryopreservation sperm,0.00
89260,,Sperm isolation simple,0.00
89261,,Sperm isolation complex,0.00
89264,,Identify sperm tissue,0.00
89268,,Insemination of oocytes,0.00
89272,,Extended culture of oocytes,0.00
89280,,Assist oocyte fertilization,0.00
89281,,Assist oocyte fertilization,0.00
89290,,Biopsy oocyte polar body <=5,0.00
89291,,Biopsy oocyte polar body,0.00
89300,,Semen analysis w/huhner,0.00
89310,,Semen analysis w/count,0.00
89320,,Semen anal vol/count/mot,0.00
89321,,Semen anal sperm detection,0.00
89322,,Semen anal strict criteria,0.00
89325,,Sperm antibody test,0.00
89329,,Sperm evaluation test,0.00
89330,,Evaluation cervical mucus,0.00
89331,,Retrograde ejaculation anal,0.00
89335,,Cryopreserve testicular tiss,0.00
89337,,Cryopreservation oocyte(s),0.00
89342,,Storage/year embryo(s),0.00
89343,,Storage/year sperm/semen,0.00
89344,,Storage/year reprod tissue,0.00
89346,,Storage/year oocyte(s),0.00
89352,,Thawing cryopresrved embryo,0.00
89353,,Thawing cryopresrved sperm,0.00
89354,,Thaw cryoprsvrd reprod tiss,0.00
89356,,Thawing cryopresrved oocyte,0.00
89398,,Unlisted reprod med lab proc,0.00
9001F,,Aortic aneurysm<5cm diam ct,0.00
9002F,,Aortic aneurysm 5-5.4cm diam,0.00
9003F,,Aortic anrysm5.5-5.9cm diam,0.00
9004F,,Aortic anrysm 6/> cm diam,0.00
9005F,,Asympt carot/vrtbrbas sten,0.00
9006F,,Sympt sten-tia/strk<120days,0.00
9007F,,Other carot sten 120 days/>,0.00
90281,,Human ig im,0.00
90283,,Human ig iv,0.00
90284,,Human ig sc,0.00
90287,,Botulinum antitoxin,0.00
90288,,Botulism ig iv,0.00
90291,,Cmv ig iv,0.00
90296,,Diphtheria antitoxin,0.00
90371,,Hep b ig im,0.00
90375,,Rabies ig im/sc,0.00
90376,,Rabies ig heat treated,0.00
90377,,Rabies ig ht&sol human im/sc,0.00
90378,,Rsv mab im 50mg,0.00
90380,,Rsv monoc antb seasn .5ml im,0.00
90381,,Rsv monoc antb seasn 1 ml im,0.00
90384,,Rh ig full-dose im,0.00
90385,,Rh ig minidose im,0.00
90386,,Rh ig iv,0.00
90389,,Tetanus ig im,0.00
90393,,Vaccina ig im,0.00
90396,,Varicella-zoster ig im,0.00
90399,,Unlisted immune globulin,0.00
90460,,Im admin 1st/only component,0.24
90461,,Im admin each addl component,0.18
90471,,Immunization admin,0.17
90472,,Immunization admin each add,0.15
90473,,Immune admin oral/nasal,0.17
90474,,Immune admin oral/nasal addl,0.15
90476,,Adenovirus vaccine type 4,0.00
90477,,Adenovirus vaccine type 7,0.00
90480,,Admn sarscov2 vacc 1 dose,0.00
90581,,Anthrax vaccine sc or im,0.00
90584,,Dengue vacc quad 2 dose subq,0.00
90585,,Bcg vaccine percut,0.00
90586,,Bcg vaccine intravesical,0.00
90587,,Dengue vacc quad 3 dose subq,0.00
90589,,Chikungunya vaccine live im,0.00
90593,,Chikungunya vacc recomb im,0.00
90611,,Smallpox&monkeypox vac 0.5ml,0.00
90619,,Menacwy-tt vaccine im,0.00
90620,,Menb-4c vacc 2 dose im,0.00
90621,,Menb-fhbp vacc 2/3 dose im,0.00
90622,,Vaccinia vrs vac 0.3 ml perq,0.00
90623,,Menacwy-tt menb-fhbp vacc im,0.00
90624,,Menb-4c&menacwy vacc im,0.00
90625,,Cholera vaccine live oral,0.00
90626,,Tic-brn enceph vac 0.25ml im,0.00
90627,,Tic-brn enceph vac 0.5ml im,0.00
90632,,Hepa vaccine adult im,0.00
90633,,Hepa vacc ped/adol 2 dose im,0.00
90634,,Hepa vacc ped/adol 3 dose,0.00
90636,,Hep a/hep b vacc adult im,0.00
90637,,Vacc qirv mrna 30mcg/.5ml im,0.00
90638,,Vacc qirv mrna 60mcg/.5ml im,0.00
90644,,Hib-mency vacc 6wk-18m0 im,0.00
90647,,Hib prp-omp vacc 3 dose im,0.00
90648,,Hib prp-t vaccine 4 dose im,0.00
90649,,4vhpv vaccine 3 dose im,0.00
90650,,2vhpv vaccine 3 dose im,0.00
90651,,9vhpv vaccine 2/3 dose im,0.00
90653,,Iiv adjuvant vaccine im,0.00
90655,,Iiv3 vacc no prsv 0.25 ml im,0.00
90656,,Iiv3 vacc no prsv 0.5 ml im,0.00
90657,,Iiv3 vaccine splt 0.25 ml im,0.00
90658,,Iiv3 vaccine splt 0.5 ml im,0.00
90660,,Laiv3 vaccine intranasal,0.00
90661,,Cciiv3 vac abx fr 0.5 ml im,0.00
90662,,Iiv no prsv increased ag im,0.00
90664,,Laiv vacc pandemic intranasl,0.00
90666,,Flu vac pandem prsrv free im,0.00
90667,,Iiv vacc pandemic adjuvt im,0.00
90668,,Iiv vaccine pandemic im,0.00
90670,,Pcv13 vaccine im,0.00
90671,,Pcv15 vaccine im,0.00
90672,,Laiv4 vaccine intranasal,0.00
90673,,Riv3 vaccine no preserv im,0.00
90674,,Cciiv4 vac no prsv 0.5 ml im,0.00
90675,,Rabies vaccine im,0.00
90676,,Rabies vaccine id,0.00
90677,,Pcv20 vaccine im,0.00
90678,,Rsv vacc pref bivalent im,0.00
90679,,Rsv vacc pref recomb adjt im,0.00
90680,,Rv5 vacc 3 dose live oral,0.00
90681,,Rv1 vacc 2 dose live oral,0.00
90682,,Riv4 vacc recombinant dna im,0.00
90683,,Rsv vacc mrna lipid nano im,0.00
90684,,Pcv21 vaccine im,0.00
90685,,Iiv4 vacc no prsv 0.25 ml im,0.00
90686,,Iiv4 vacc no prsv 0.5 ml im,0.00
90687,,Iiv4 vaccine splt 0.25 ml im,0.00
90688,,Iiv4 vaccine splt 0.5 ml im,0.00
90689,,Vacc iiv4 no prsrv 0.25ml im,0.00
90690,,Typhoid vaccine oral,0.00
90691,,Typhoid vaccine im,0.00
90694,,Vacc aiiv4 no prsrv 0.5ml im,0.00
90696,,Dtap-ipv vaccine 4-6 yrs im,0.00
90697,,Dtap-ipv-hib-hepb vaccine im,0.00
90698,,Dtap-ipv/hib vaccine im,0.00
90700,,Dtap vaccine < 7 yrs im,0.00
90702,,Dt vaccine under 7 yrs im,0.00
90707,,Mmr vaccine sc,0.00
90710,,Mmrv vaccine sc,0.00
90713,,Poliovirus ipv sc/im,0.00
90714,,Td vacc no presv 7 yrs+ im,0.00
90715,,Tdap vaccine 7 yrs/> im,0.00
90716,,Var vaccine live subq,0.00
90717,,Yellow fever vaccine subq,0.00
90723,,Dtap-hep b-ipv vaccine im,0.00
90732,,Ppsv23 vacc 2 yrs+ subq/im,0.00
90733,,Mpsv4 vaccine subq,0.00
90734,,Menacwyd/menacwycrm vacc im,0.00
90736,,Hzv vaccine live subq,0.00
90738,,Inactivated je vacc im,0.00
90739,,Hepb vacc 2/4 dose adult im,0.00
90740,,Hepb vacc 3 dose immunsup im,0.00
90743,,Hepb vacc 2 dose adolesc im,0.00
90744,,Hepb vacc 3 dose ped/adol im,0.00
90746,,Hepb vaccine 3 dose adult im,0.00
90747,,Hepb vacc 4 dose immunsup im,0.00
90748,,Hib-hepb vaccine im,0.00
90749,,Unlisted vaccine/toxoid,0.00
90750,,Hzv vacc recombinant im,0.00
90756,,Cciiv4 vacc abx free im,0.00
90758,,Zaire ebolavirus vac live im,0.00
90759,,Hep b vac 3ag 10mcg 3 dos im,0.00
90785,,Psytx complex interactive,0.33
90791,,Psych diagnostic evaluation,3.84
90792,,Psych diag eval w/med srvcs,4.16
90832,,Psytx w pt 30 minutes,1.86
90833,,Psytx w pt w e/m 30 min,1.64
90834,,Psytx w pt 45 minutes,2.45
90836,,Psytx w pt w e/m 45 min,2.08
90837,,Psytx w pt 60 minutes,3.63
90838,,Psytx w pt w e/m 60 min,2.74
90839,,Psytx crisis initial 60 min,3.43
90840,,Psytx crisis ea addl 30 min,1.64
90845,,Psychoanalysis,2.30
90846,,Family psytx w/o pt 50 min,2.63
90847,,Family psytx w/pt 50 min,2.74
90849,,Multiple family group psytx,0.65
90853,,Group psychotherapy,0.65
90863,,Pharmacologic mgmt w/psytx,0.48
90865,,Narcosynthesis,2.84
90867,,Tcranial magn stim tx plan,0.00
90868,,Tcranial magn stim tx deli,0.00
90869,,Tcran magn stim redetemine,0.00
90870,,Electroconvulsive therapy,2.50
90875,,Psychophysiological therapy,1.20
90876,,Psychophysiological therapy,1.90
90880,,Hypnotherapy,2.19
90882,,Environmental manipulation,0.00
90885,,Psy evaluation of records,0.97
90887,,Consultation with family,1.48
90889,,Preparation of report,0.00
90899,,Unlisted psyc svc/therapy,0.00
90901,,Biofeedback train any meth,0.41
90912,,Bfb training 1st 15 min,0.90
90913,,Bfb training ea addl 15 min,0.50
90935,,Hemodialysis one evaluation,1.48
90937,,Hemodialysis repeated eval,2.11
90940,,Hemodialysis access study,0.00
90945,,Dialysis one evaluation,1.56
90947,,Dialysis repeated eval,2.52
90951,,Esrd serv 4 visits p mo <2yr,23.92
90952,,Esrd serv 2-3 vsts p mo <2yr,0.00
90953,,Esrd serv 1 visit p mo <2yrs,0.00
90954,,Esrd serv 4 vsts p mo 2-11,20.86
90955,,Esrd srv 2-3 vsts p mo 2-11,10.32
90956,,Esrd srv 1 visit p mo 2-11,6.64
90957,,Esrd srv 4 vsts p mo 12-19,15.46
90958,,Esrd srv 2-3 vsts p mo 12-19,9.87
90959,,Esrd serv 1 vst p mo 12-19,6.19
90960,,Esrd srv 4 visits p mo 20+,6.77
90961,,Esrd srv 2-3 vsts p mo 20+,5.52
90962,,Esrd serv 1 visit p mo 20+,3.57
90963,,Esrd home pt serv p mo <2yrs,12.09
90964,,Esrd home pt serv p mo 2-11,10.25
90965,,Esrd home pt serv p mo 12-19,9.80
90966,,Esrd home pt serv p mo 20+,5.52
90967,,Esrd svc pr day pt <2,0.35
90968,,Esrd svc pr day pt 2-11,0.34
90969,,Esrd svc pr day pt 12-19,0.33
90970,,Esrd svc pr day pt 20+,0.18
90989,,Dialysis training complete,0.00
90993,,Dialysis training incompl,0.00
90997,,Hemoperfusion,1.84
90999,,Unlisted dialysis procedure,0.00
91010,,Esophagus motility study,1.28
91010,TC,Esophagus motility study,0.00
91010,26,Esophagus motility study,1.28
91013,,Esophgl motil w/stim/perfus,0.18
91013,TC,Esophgl motil w/stim/perfus,0.00
91013,26,Esophgl motil w/stim/perfus,0.18
91020,,Gastric motility studies,1.44
91020,TC,Gastric motility studies,0.00
91020,26,Gastric motility studies,1.44
91022,,Duodenal motility study,1.44
91022,TC,Duodenal motility study,0.00
91022,26,Duodenal motility study,1.44
91030,,Acid perfusion of esophagus,0.91
91030,TC,Acid perfusion of esophagus,0.00
91030,26,Acid perfusion of esophagus,0.91
91034,,Gastroesophageal reflux test,0.97
91034,TC,Gastroesophageal reflux test,0.00
91034,26,Gastroesophageal reflux test,0.97
91035,,G-esoph reflx tst w/electrod,1.59
91035,TC,G-esoph reflx tst w/electrod,0.00
91035,26,G-esoph reflx tst w/electrod,1.59
91037,,Esoph imped function test,0.97
91037,TC,Esoph imped function test,0.00
91037,26,Esoph imped function test,0.97
91038,,Esoph imped funct test > 1hr,1.10
91038,TC,Esoph imped funct test > 1hr,0.00
91038,26,Esoph imped funct test > 1hr,1.10
91040,,Esoph balloon distension tst,0.97
91040,TC,Esoph balloon distension tst,0.00
91040,26,Esoph balloon distension tst,0.97
91065,,Breath hydrogen/methane test,0.20
91065,TC,Breath hydrogen/methane test,0.00
91065,26,Breath hydrogen/methane test,0.20
91110,,Gi trc img intral esoph-ile,2.24
91110,TC,Gi trc img intral esoph-ile,0.00
91110,26,Gi trc img intral esoph-ile,2.24
91111,,Gi trc img intral esophagus,0.90
91111,TC,Gi trc img intral esophagus,0.00
91111,26,Gi trc img intral esophagus,0.90
91112,,Gi wireless capsule measure,2.10
91112,TC,Gi wireless capsule measure,0.00
91112,26,Gi wireless capsule measure,2.10
91113,,Gi trc img intral colon i&r,2.41
91113,TC,Gi trc img intral colon i&r,0.00
91113,26,Gi trc img intral colon i&r,2.41
91117,,Colon motility 6 hr study,2.45
91120,,Rectal sensation test,0.97
91120,TC,Rectal sensation test,0.00
91120,26,Rectal sensation test,0.97
91122,,Anorectal manometry,1.77
91122,TC,Anorectal manometry,0.00
91122,26,Anorectal manometry,1.77
91132,,Electrogastrography,0.52
91132,TC,Electrogastrography,0.00
91132,26,Electrogastrography,0.52
91133,,Electrogastrography w/test,0.66
91133,TC,Electrogastrography w/test,0.00
91133,26,Electrogastrography w/test,0.66
91200,,Liver elastography,0.21
91200,TC,Liver elastography,0.00
91200,26,Liver elastography,0.21
91299,,Unlisted dx gi procedure,0.00
91299,TC,Unlisted dx gi procedure,0.00
91299,26,Unlisted dx gi procedure,0.00
91304,,Sarscov2 vac 5mcg/0.5ml im,0.00
91318,,Sarscov2 vac 3mcg trs-suc im,0.00
91319,,Sarscv2 vac 10mcg trs-suc im,0.00
91320,,Sarscv2 vac 30mcg trs-suc im,0.00
91321,,Sarscov2 vac 25 mcg/.25ml im,0.00
91322,,Sarscov2 vac 50 mcg/0.5ml im,0.00
92002,,Intrm oph exam new patient,0.88
92004,,Compre oph exam new pt 1/>,1.82
92012,,Intrm oph exam est patient,0.92
92014,,Compre oph exam est pt 1/>,1.42
92015,,Determine refractive state,0.38
92018,,Compl oph exam general anes,2.50
92019,,Lmtd oph exam general anes,1.31
92020,,Gonioscopy,0.37
92025,,Cptrized corneal topography,0.35
92025,TC,Cptrized corneal topography,0.00
92025,26,Cptrized corneal topography,0.35
92060,,Sensorimotor examination,0.69
92060,TC,Sensorimotor examination,0.00
92060,26,Sensorimotor examination,0.69
92065,,Orthop traing pfrmd phys/qhp,0.71
92066,,Orthop traing supvj phys/qhp,0.00
92071,,Contact lens fitting for tx,0.61
92072,,Fitg c-lens keratoconus 1st,1.97
92081,,Limited visual field xm,0.30
92081,TC,Limited visual field xm,0.00
92081,26,Limited visual field xm,0.30
92082,,Intermediate visual field xm,0.40
92082,TC,Intermediate visual field xm,0.00
92082,26,Intermediate visual field xm,0.40
92083,,Extended visual field xm,0.50
92083,TC,Extended visual field xm,0.00
92083,26,Extended visual field xm,0.50
92100,,Serial tonometry,0.61
92132,,Cptrzd oph dx img ant sgm,0.29
92132,TC,Cptrzd oph dx img ant sgm,0.00
92132,26,Cptrzd oph dx img ant sgm,0.29
92133,,Cptrzd oph dx img pst sgm on,0.31
92133,TC,Cptrzd oph dx img pst sgm on,0.00
92133,26,Cptrzd oph dx img pst sgm on,0.31
92134,,Cptrz oph dx img pst sgm rta,0.32
92134,TC,Cptrz oph dx img pst sgm rta,0.00
92134,26,Cptrz oph dx img pst sgm rta,0.32
92136,,Ophthalmic biometry,0.54
92136,TC,Ophthalmic biometry,0.00
92136,26,Ophthalmic biometry,0.54
92137,,Cptrz oph img pst sg rta oct,0.64
92137,TC,Cptrz oph img pst sg rta oct,0.00
92137,26,Cptrz oph img pst sg rta oct,0.64
92145,,Corneal hysteresis deter,0.10
92145,TC,Corneal hysteresis deter,0.00
92145,26,Corneal hysteresis deter,0.10
92201,,Opscpy extnd rta draw uni/bi,0.40
92202,,Opscpy extnd on/mac draw,0.26
92227,,Img rta detcj/mntr ds staff,0.00
92228,,Img rta detc/mntr ds phy/qhp,0.32
92228,TC,Img rta detc/mntr ds phy/qhp,0.00
92228,26,Img rta detc/mntr ds phy/qhp,0.32
92229,,Img rta detc/mntr ds poc aly,0.00
92230,,Fluorescein angioscopy i&r,0.60
92235,,Fluorescein angrph mltiframe,0.75
92235,TC,Fluorescein angrph mltiframe,0.00
92235,26,Fluorescein angrph mltiframe,0.75
92240,,Icg angiography i&r uni/bi,0.80
92240,TC,Icg angiography i&r uni/bi,0.00
92240,26,Icg angiography i&r uni/bi,0.80
92242,,Fluorescein&icg angiography,0.95
92242,TC,Fluorescein&icg angiography,0.00
92242,26,Fluorescein&icg angiography,0.95
92250,,Fundus photography w/i&r,0.40
92250,TC,Fundus photography w/i&r,0.00
92250,26,Fundus photography w/i&r,0.40
92260,,Ophthalmodynamometry,0.20
92265,,Ndl oculoelectromyography 1+,0.81
92265,TC,Ndl oculoelectromyography 1+,0.00
92265,26,Ndl oculoelectromyography 1+,0.81
92270,,Electro-oculography w/i&r,0.81
92270,TC,Electro-oculography w/i&r,0.00
92270,26,Electro-oculography w/i&r,0.81
92273,,Full field erg w/i&r,0.69
92273,TC,Full field erg w/i&r,0.00
92273,26,Full field erg w/i&r,0.69
92274,,Multifocal erg w/i&r,0.61
92274,TC,Multifocal erg w/i&r,0.00
92274,26,Multifocal erg w/i&r,0.61
92283,,Extnd color vision xm,0.17
92283,TC,Extnd color vision xm,0.00
92283,26,Extnd color vision xm,0.17
92284,,Dx dark adaptation exam i&r,0.00
92285,,External ocular photography,0.05
92285,TC,External ocular photography,0.00
92285,26,External ocular photography,0.05
92286,,Ant sgm img i&r speclr mic,0.40
92286,TC,Ant sgm img i&r speclr mic,0.00
92286,26,Ant sgm img i&r speclr mic,0.40
92287,,Ant sgm img ir flrscn angrph,0.40
92287,TC,Ant sgm img ir flrscn angrph,0.00
92287,26,Ant sgm img ir flrscn angrph,0.40
92310,,Contact lens fitting ou,1.17
92311,,Contact lens fitg aphakia 1,1.08
92312,,Contact lens fitg aphakia ou,1.26
92313,,C-lens fitg corneosclrl lens,0.92
92314,,C-lens fitg tech ou,0.69
92315,,C-lens fitg tech aphakia 1,0.45
92316,,C-lens fitg tech aphakia ou,0.68
92317,,C-lens fitg tech corneosclrl,0.45
92325,,Modification of contact lens,0.00
92326,,Replacement of contact lens,0.00
92340,,Fit spectacles monofocal,0.37
92341,,Fit spectacles bifocal,0.47
92342,,Fit spectacles multifocal,0.53
92352,,Fit aphakia spectcl monofocl,0.37
92353,,Fit aphakia spectcl multifoc,0.50
92354,,Fitg spect low vis 1system,0.00
92355,,Fitg spect lw vis cmpnd lens,0.00
92358,,Aphakia prosth service temp,0.00
92370,,Rpr&refitg spect xcp aphakia,0.32
92371,,Rpr&refit spct prsth aphakia,0.00
92499,,Unlisted oph svc/procedure,0.00
92499,TC,Unlisted oph svc/procedure,0.00
92499,26,Unlisted oph svc/procedure,0.00
92502,,Ear and throat examination,1.51
92504,,Ear microscopy examination,0.18
92507,,Tx sp lang voice comm indiv,1.30
92508,,Tx sp lang voice comm group,0.33
92511,,Nasopharyngoscopy,0.61
92512,,Nasal function studies,0.55
92516,,Facial nerve function test,0.43
92517,,Vemp test i&r cervical,0.80
92518,,Vemp test i&r ocular,0.80
92519,,Vemp tst i&r cervical&ocular,1.20
92520,,Laryngeal function studies,0.75
92521,,Evaluation of speech fluency,2.24
92522,,Evaluate speech production,1.92
92523,,Speech sound lang comprehen,3.84
92524,,Behavral qualit analys voice,1.92
92526,,Oral function therapy,1.34
92531,,Spontaneous nystagmus study,0.00
92532,,Positional nystagmus test,0.00
92533,,Caloric vestibular test,0.00
92534,,Optokinetic nystagmus test,0.00
92537,,Caloric vstblr test w/rec,0.60
92537,TC,Caloric vstblr test w/rec,0.00
92537,26,Caloric vstblr test w/rec,0.60
92538,,Caloric vstblr test w/rec,0.30
92538,TC,Caloric vstblr test w/rec,0.00
92538,26,Caloric vstblr test w/rec,0.30
92540,,Basic vestibular evaluation,1.50
92540,TC,Basic vestibular evaluation,0.00
92540,26,Basic vestibular evaluation,1.50
92541,,Spontaneous nystagmus test,0.40
92541,TC,Spontaneous nystagmus test,0.00
92541,26,Spontaneous nystagmus test,0.40
92542,,Positional nystagmus test,0.48
92542,TC,Positional nystagmus test,0.00
92542,26,Positional nystagmus test,0.48
92544,,Optokinetic nystagmus test,0.27
92544,TC,Optokinetic nystagmus test,0.00
92544,26,Optokinetic nystagmus test,0.27
92545,,Oscillating tracking test,0.25
92545,TC,Oscillating tracking test,0.00
92545,26,Oscillating tracking test,0.25
92546,,Sinusoidal rotational test,0.29
92546,TC,Sinusoidal rotational test,0.00
92546,26,Sinusoidal rotational test,0.29
92547,,Supplemental electrical test,0.00
92548,,Cdp-sot 6 cond w/i&r,0.67
92548,TC,Cdp-sot 6 cond w/i&r,0.00
92548,26,Cdp-sot 6 cond w/i&r,0.67
92549,,Cdp-sot 6 cond w/i&r mct&adt,0.87
92549,TC,Cdp-sot 6 cond w/i&r mct&adt,0.00
92549,26,Cdp-sot 6 cond w/i&r mct&adt,0.87
92550,,Tympanometry & reflex thresh,0.35
92551,,Pure tone hearing test air,0.00
92552,,Pure tone audiometry air,0.00
92553,,Audiometry air & bone,0.00
92555,,Speech threshold audiometry,0.00
92556,,Speech audiometry complete,0.00
92557,,Comprehensive hearing test,0.60
92558,,Evoked auditory test qual,0.17
92562,,Loudness balance test,0.00
92563,,Tone decay hearing test,0.00
92565,,Stenger test pure tone,0.00
92567,,Tympanometry,0.20
92568,,Acoustic refl threshold tst,0.29
92570,,Acoustic immitance testing,0.55
92571,,Filtered speech test,0.00
92572,,Staggered spondaic word test,0.00
92575,,Sensorineural acuity lvl tst,0.00
92576,,Synthetic sentence id test,0.00
92577,,Stenger test speech,0.00
92579,,Visual audiometry (vra),0.70
92582,,Conditioning play audiometry,0.00
92583,,Select picture audiometry,0.00
92584,,Electrocochleography,1.00
92587,,Evoked auditory test limited,0.35
92587,TC,Evoked auditory test limited,0.00
92587,26,Evoked auditory test limited,0.35
92588,,Evoked auditory tst complete,0.55
92588,TC,Evoked auditory tst complete,0.00
92588,26,Evoked auditory tst complete,0.55
92590,,Hearing aid xm&slctn monaurl,0.00
92591,,Hearing aid xm&slctn binaurl,0.00
92592,,Hearing aid check monaural,0.00
92593,,Hearing aid check binaural,0.00
92594,,Electro hearng aid test one,0.00
92595,,Electro hearng aid tst both,0.00
92596,,Ear protector evaluation,0.00
92597,,Oral speech device eval,1.26
92601,,Cochlear implt f/up exam <7,2.30
92602,,Reprogram cochlear implt <7,1.30
92603,,Cochlear implt f/up exam 7/>,2.25
92604,,Reprogram cochlear implt 7/>,1.25
92605,,Ex for nonspeech device rx,1.75
92606,,Non-speech device service,1.40
92607,,Ex for speech device rx 1hr,1.85
92608,,Ex for speech device rx addl,0.70
92609,,Use of speech device service,1.50
92610,,Evaluate swallowing function,1.30
92611,,Motion fluoroscopy/swallow,1.34
92612,,Endoscopy swallow (fees) vid,1.27
92613,,Endoscopy swallow (fees) i&r,0.71
92614,,Laryngoscopic sensory vid,1.27
92615,,Laryngoscopic sensory i&r,0.63
92616,,Fees w/laryngeal sense test,1.88
92617,,Fees w/laryngeal sense i&r,0.79
92618,,Ex for nonspeech dev rx add,0.65
92620,,Auditory function 60 min,1.50
92621,,Auditory function + 15 min,0.35
92622,,Dx aly aud oi snd prcsr 1st,1.25
92623,,Dx aly aud oi snd prcsr each,0.33
92625,,Tinnitus assessment,1.15
92626,,Eval aud funcj 1st hour,1.40
92627,,Eval aud funcj ea addl 15,0.33
92630,,Aud rehab pre-ling hear loss,0.00
92633,,Aud rehab postling hear loss,0.00
92640,,Aud brainstem implt programg,1.76
92650,,Aep scr auditory potential,0.25
92651,,Aep hearing status deter i&r,1.00
92652,,Aep thrshld est mlt freq i&r,1.50
92653,,Aep neurodiagnostic i&r,1.05
92700,,Unlisted orl service/px,0.00
92920,,Prq cardiac angioplast 1 art,9.85
92921,,Prq cardiac angio addl art,0.00
92924,,Prq card angio/athrect 1 art,11.74
92925,,Prq card angio/athrect addl,0.00
92928,,Prq card stent w/angio 1 vsl,10.96
92929,,Prq card stent w/angio addl,0.00
92933,,Prq card stent/ath/angio,12.29
92934,,Prq card stent/ath/angio,0.00
92937,,Prq revasc byp graft 1 vsl,10.95
92938,,Prq revasc byp graft addl,0.00
92941,,Prq card revasc mi 1 vsl,12.31
92943,,Prq card revasc chronic 1vsl,12.31
92944,,Prq card revasc chronic addl,0.00
92950,,Heart/lung resuscitation cpr,4.00
92953,,Temporary external pacing,0.01
92960,,Cardioversion electric ext,2.00
92961,,Cardioversion electric int,4.34
92970,,Cardioassist internal,3.51
92971,,Cardioassist external,1.77
92972,,Perq trluml coronry lithotrp,2.97
92973,,Prq coronary mech thrombect,3.28
92974,,Cath place cardio brachytx,3.00
92975,,Dissolve clot heart vessel,6.99
92977,,Dissolve clot heart vessel,0.00
92978,,Endoluminl ivus oct c 1st,0.00
92978,TC,Endoluminl ivus oct c 1st,0.00
92978,26,Endoluminl ivus oct c 1st,1.80
92979,,Endoluminl ivus oct c ea,0.00
92979,TC,Endoluminl ivus oct c ea,0.00
92979,26,Endoluminl ivus oct c ea,1.44
92986,,Revision of aortic valve,22.60
92987,,Revision of mitral valve,23.38
92990,,Revision of pulmonary valve,18.27
92997,,Pul art balloon repr percut,11.98
92998,,Pul art balloon repr percut,5.99
93000,,Electrocardiogram complete,0.17
93005,,Electrocardiogram tracing,0.00
93010,,Electrocardiogram report,0.17
93015,,Cardiovascular stress test,0.75
93016,,Cardiovascular stress test,0.45
93017,,Cardiovascular stress test,0.00
93018,,Cardiovascular stress test,0.30
93024,,Ergonovine provocation test,1.17
93024,TC,Ergonovine provocation test,0.00
93024,26,Ergonovine provocation test,1.17
93025,,Microvolt t-wave assess,0.75
93025,TC,Microvolt t-wave assess,0.00
93025,26,Microvolt t-wave assess,0.75
93040,,Rhythm ecg with report,0.15
93041,,Rhythm ecg tracing,0.00
93042,,Rhythm ecg report,0.15
93050,,Art pressure waveform analys,0.17
93050,TC,Art pressure waveform analys,0.00
93050,26,Art pressure waveform analys,0.17
93150,,Therapy activation ipnss,0.85
93151,,Interrog&prgrmg ipnss,0.80
93152,,Interrog&prgrmg ipnss polysm,1.82
93153,,Interrog w/o prgrmg ipnss,0.43
93224,,Xtrnl ecg rec up to 48 hrs,0.39
93225,,Xtrnl ecg rec<48 hrs rec,0.00
93226,,Xtrnl ecg rec<48 hr scan a/r,0.00
93227,,Xtrnl ecg rec<48 hr r&i,0.39
93228,,Remote 30 day ecg rev/report,0.48
93229,,Remote 30 day ecg tech supp,0.00
93241,,Xtrnl ecg rec>48hr<7d,0.50
93242,,Ext ecg>48hr<7d recording,0.00
93243,,Ext ecg>48hr<7d scan a/r,0.00
93244,,Ext ecg>48hr<7d rev&interpj,0.50
93245,,Ext ecg>7d<15d rec scan a/r,0.55
93246,,Ext ecg>7d<15d recording,0.00
93247,,Ext ecg>7d<15d scan a/r,0.00
93248,,Ext ecg>7d<15d rev&interpj,0.55
93260,,Prgrmg dev eval impltbl sys,0.85
93260,TC,Prgrmg dev eval impltbl sys,0.00
93260,26,Prgrmg dev eval impltbl sys,0.85
93261,,Interrogate subq defib,0.74
93261,TC,Interrogate subq defib,0.00
93261,26,Interrogate subq defib,0.74
93264,,Rem mntr wrls p-art prs snr,0.70
93268,,Ecg record/review,0.52
93270,,Remote 30 day ecg rev/report,0.00
93271,,Ecg/monitoring and analysis,0.00
93272,,Ecg/review interpret only,0.52
93278,,Ecg/signal-averaged,0.25
93278,TC,Ecg/signal-averaged,0.00
93278,26,Ecg/signal-averaged,0.25
93279,,Prgrmg dev eval pm/ldls pm,0.65
93279,TC,Prgrmg dev eval pm/ldls pm,0.00
93279,26,Prgrmg dev eval pm/ldls pm,0.65
93280,,Pm device progr eval dual,0.77
93280,TC,Pm device progr eval dual,0.00
93280,26,Pm device progr eval dual,0.77
93281,,Pm device progr eval multi,0.85
93281,TC,Pm device progr eval multi,0.00
93281,26,Pm device progr eval multi,0.85
93282,,Prgrmg eval implantable dfb,0.85
93282,TC,Prgrmg eval implantable dfb,0.00
93282,26,Prgrmg eval implantable dfb,0.85
93283,,Prgrmg eval implantable dfb,1.15
93283,TC,Prgrmg eval implantable dfb,0.00
93283,26,Prgrmg eval implantable dfb,1.15
93284,,Prgrmg eval implantable dfb,1.25
93284,TC,Prgrmg eval implantable dfb,0.00
93284,26,Prgrmg eval implantable dfb,1.25
93285,,Prgrmg dev eval scrms ip,0.52
93285,TC,Prgrmg dev eval scrms ip,0.00
93285,26,Prgrmg dev eval scrms ip,0.52
93286,,Peri-px eval pm/ldls pm ip,0.30
93286,TC,Peri-px eval pm/ldls pm ip,0.00
93286,26,Peri-px eval pm/ldls pm ip,0.30
93287,,Peri-px device eval & prgr,0.45
93287,TC,Peri-px device eval & prgr,0.00
93287,26,Peri-px device eval & prgr,0.45
93288,,Interrog evl pm/ldls pm ip,0.43
93288,TC,Interrog evl pm/ldls pm ip,0.00
93288,26,Interrog evl pm/ldls pm ip,0.43
93289,,Interrog device eval heart,0.75
93289,TC,Interrog device eval heart,0.00
93289,26,Interrog device eval heart,0.75
93290,,Interrog dev eval icpms ip,0.43
93290,TC,Interrog dev eval icpms ip,0.00
93290,26,Interrog dev eval icpms ip,0.43
93291,,Interrog dev eval scrms ip,0.37
93291,TC,Interrog dev eval scrms ip,0.00
93291,26,Interrog dev eval scrms ip,0.37
93292,,Wcd device interrogate,0.43
93292,TC,Wcd device interrogate,0.00
93292,26,Wcd device interrogate,0.43
93293,,Pm phone r-strip device eval,0.31
93293,TC,Pm phone r-strip device eval,0.00
93293,26,Pm phone r-strip device eval,0.31
93294,,Rem interrog evl pm/ldls pm,0.60
93295,,Dev interrog remote 1/2/mlt,0.74
93296,,Rem interrog evl pm/ids,0.00
93297,,Rem interrog dev eval icpms,0.52
93297,TC,Rem interrog dev eval icpms,0.00
93297,26,Rem interrog dev eval icpms,0.52
93298,,Rem interrog dev eval scrms,0.52
93298,TC,Rem interrog dev eval scrms,0.00
93298,26,Rem interrog dev eval scrms,0.52
93303,,Echo transthoracic,1.30
93303,TC,Echo transthoracic,0.00
93303,26,Echo transthoracic,1.30
93304,,Echo transthoracic,0.75
93304,TC,Echo transthoracic,0.00
93304,26,Echo transthoracic,0.75
93306,,Tte w/doppler complete,1.46
93306,TC,Tte w/doppler complete,0.00
93306,26,Tte w/doppler complete,1.46
93307,,Tte w/o doppler complete,0.92
93307,TC,Tte w/o doppler complete,0.00
93307,26,Tte w/o doppler complete,0.92
93308,,Tte f-up or lmtd,0.53
93308,TC,Tte f-up or lmtd,0.00
93308,26,Tte f-up or lmtd,0.53
93312,,Echo transesophageal,2.30
93312,TC,Echo transesophageal,0.00
93312,26,Echo transesophageal,2.30
93313,,Echo transesophageal,0.26
93314,,Echo transesophageal,1.85
93314,TC,Echo transesophageal,0.00
93314,26,Echo transesophageal,1.85
93315,,Echo transesophageal,0.00
93315,TC,Echo transesophageal,0.00
93315,26,Echo transesophageal,2.69
93316,,Echo transesophageal,0.60
93317,,Echo transesophageal,0.00
93317,TC,Echo transesophageal,0.00
93317,26,Echo transesophageal,1.84
93318,,Echo transesophageal intraop,0.00
93318,TC,Echo transesophageal intraop,0.00
93318,26,Echo transesophageal intraop,2.15
93319,,3d echo img cgen car anomal,0.50
93320,,Doppler echo complete,0.38
93320,TC,Doppler echo complete,0.00
93320,26,Doppler echo complete,0.38
93321,,Doppler echo f-up/lmtd std,0.15
93321,TC,Doppler echo f-up/lmtd std,0.00
93321,26,Doppler echo f-up/lmtd std,0.15
93325,,Doppler echo color flow mapg,0.07
93325,TC,Doppler echo color flow mapg,0.00
93325,26,Doppler echo color flow mapg,0.07
93350,,Stress tte only,1.46
93350,TC,Stress tte only,0.00
93350,26,Stress tte only,1.46
93351,,Stress tte complete,1.75
93351,TC,Stress tte complete,0.00
93351,26,Stress tte complete,1.75
93352,,Admin ecg contrast agent,0.19
93355,,Echo transesophageal (tee),4.66
93356,,Myocrd strain img spckl trck,0.24
93451,,Right heart cath,2.47
93451,TC,Right heart cath,0.00
93451,26,Right heart cath,2.47
93452,,Left hrt cath w/ventrclgrphy,4.50
93452,TC,Left hrt cath w/ventrclgrphy,0.00
93452,26,Left hrt cath w/ventrclgrphy,4.50
93453,,R&l hrt cath w/ventriclgrphy,5.99
93453,TC,R&l hrt cath w/ventriclgrphy,0.00
93453,26,R&l hrt cath w/ventriclgrphy,5.99
93454,,Coronary artery angio s&i,4.54
93454,TC,Coronary artery angio s&i,0.00
93454,26,Coronary artery angio s&i,4.54
93455,,Coronary art/grft angio s&i,5.29
93455,TC,Coronary art/grft angio s&i,0.00
93455,26,Coronary art/grft angio s&i,5.29
93456,,R hrt coronary artery angio,5.90
93456,TC,R hrt coronary artery angio,0.00
93456,26,R hrt coronary artery angio,5.90
93457,,R hrt art/grft angio,6.64
93457,TC,R hrt art/grft angio,0.00
93457,26,R hrt art/grft angio,6.64
93458,,L hrt artery/ventricle angio,5.60
93458,TC,L hrt artery/ventricle angio,0.00
93458,26,L hrt artery/ventricle angio,5.60
93459,,L hrt art/grft angio,6.35
93459,TC,L hrt art/grft angio,0.00
93459,26,L hrt art/grft angio,6.35
93460,,R&l hrt art/ventricle angio,7.10
93460,TC,R&l hrt art/ventricle angio,0.00
93460,26,R&l hrt art/ventricle angio,7.10
93461,,R&l hrt art/ventricle angio,7.85
93461,TC,R&l hrt art/ventricle angio,0.00
93461,26,R&l hrt art/ventricle angio,7.85
93462,,L hrt cath trnsptl puncture,3.73
93463,,Drug admin & hemodynmic meas,2.00
93464,,Exercise w/hemodynamic meas,1.80
93464,TC,Exercise w/hemodynamic meas,0.00
93464,26,Exercise w/hemodynamic meas,1.80
93503,,Insert/place heart catheter,2.00
93505,,Endomyocardial biopsy,4.12
93505,TC,Endomyocardial biopsy,0.00
93505,26,Endomyocardial biopsy,4.12
93563,,Njx cgen car cth slctv c ang,1.00
93564,,Njx cgen car cath slctv opac,1.03
93565,,Njx car cth slctv lv/la ang,0.50
93566,,Njx car cth slctv rv/ra ang,0.50
93567,,Njx car cth sprvlv aortgrphy,0.70
93568,,Njx car cth nslc p-art angrp,0.88
93569,,Njx cth slct p-art angrp uni,0.78
93571,,Heart flow reserve measure,0.00
93571,TC,Heart flow reserve measure,0.00
93571,26,Heart flow reserve measure,1.38
93572,,Heart flow reserve measure,0.00
93572,TC,Heart flow reserve measure,0.00
93572,26,Heart flow reserve measure,1.00
93573,,Njx cath slct p-art angrp bi,1.30
93574,,Njx cath slct pulm vn angrph,1.44
93575,,Njx cath slct p angrph mapca,1.92
93580,,Transcath closure of asd,17.97
93581,,Transcath closure of vsd,24.39
93582,,Perq transcath closure pda,12.31
93583,,Perq transcath septal reduxn,13.75
93584,,Vngrph chd anom/persist svc,1.20
93585,,Vngrph chd azygs/hemiazygs,1.13
93586,,Vngrph chd coronary sinus,1.43
93587,,Vngrph chd vnvn cltrl at/abv,2.11
93588,,Vngrph chd vnvn cltrl below,2.13
93590,,Perq transcath cls mitral,21.70
93591,,Perq transcath cls aortic,17.97
93592,,Perq transcath closure each,8.00
93593,,R hrt cath chd nml nt cnj,0.00
93593,TC,R hrt cath chd nml nt cnj,0.00
93593,26,R hrt cath chd nml nt cnj,3.99
93594,,R hrt cath chd abnl nt cnj,0.00
93594,TC,R hrt cath chd abnl nt cnj,0.00
93594,26,R hrt cath chd abnl nt cnj,6.10
93595,,L hrt cath chd nm/abn nt cnj,0.00
93595,TC,L hrt cath chd nm/abn nt cnj,0.00
93595,26,L hrt cath chd nm/abn nt cnj,5.50
93596,,R&l hrt cath chd nml nt cnj,0.00
93596,TC,R&l hrt cath chd nml nt cnj,0.00
93596,26,R&l hrt cath chd nml nt cnj,6.84
93597,,R&l hrt cath chd abnl nt cnj,0.00
93597,TC,R&l hrt cath chd abnl nt cnj,0.00
93597,26,R&l hrt cath chd abnl nt cnj,8.88
93598,,Car outp meas drg cath chd,0.00
93598,TC,Car outp meas drg cath chd,0.00
93598,26,Car outp meas drg cath chd,1.44
93600,,Bundle of his recording,0.00
93600,TC,Bundle of his recording,0.00
93600,26,Bundle of his recording,2.12
93602,,Intra-atrial recording,0.00
93602,TC,Intra-atrial recording,0.00
93602,26,Intra-atrial recording,2.12
93603,,Right ventricular recording,0.00
93603,TC,Right ventricular recording,0.00
93603,26,Right ventricular recording,2.12
93609,,Intra-vntr mapg tchycar site,0.00
93609,TC,Intra-vntr mapg tchycar site,0.00
93609,26,Intra-vntr mapg tchycar site,4.99
93610,,Intra-atrial pacing,0.00
93610,TC,Intra-atrial pacing,0.00
93610,26,Intra-atrial pacing,3.02
93612,,Intraventricular pacing,0.00
93612,TC,Intraventricular pacing,0.00
93612,26,Intraventricular pacing,3.02
93613,,Intracardiac ephys 3d mapg,5.23
93615,,Esophageal recording,0.00
93615,TC,Esophageal recording,0.00
93615,26,Esophageal recording,0.74
93616,,Esophageal recording w/pacg,0.00
93616,TC,Esophageal recording w/pacg,0.00
93616,26,Esophageal recording w/pacg,1.24
93618,,Indctj arrhythmia elec pacg,0.00
93618,TC,Indctj arrhythmia elec pacg,0.00
93618,26,Indctj arrhythmia elec pacg,4.00
93619,,Comprehensive ep evaluation,0.00
93619,TC,Comprehensive ep evaluation,0.00
93619,26,Comprehensive ep evaluation,7.06
93620,,Comp ep evl r at ven pac&rec,0.00
93620,TC,Comp ep evl r at ven pac&rec,0.00
93620,26,Comp ep evl r at ven pac&rec,11.32
93621,,Comp ep evl l pac&rec c sins,0.00
93621,TC,Comp ep evl l pac&rec c sins,0.00
93621,26,Comp ep evl l pac&rec c sins,1.50
93622,,Comp ep eval l ventr pac&rec,0.00
93622,TC,Comp ep eval l ventr pac&rec,0.00
93622,26,Comp ep eval l ventr pac&rec,3.10
93623,,Prgrmd stimj&pacg iv rx nfs,0.00
93623,TC,Prgrmd stimj&pacg iv rx nfs,0.00
93623,26,Prgrmd stimj&pacg iv rx nfs,0.98
93624,,Ep f-up study pacg&rec,0.00
93624,TC,Ep f-up study pacg&rec,0.00
93624,26,Ep f-up study pacg&rec,4.55
93631,,Ntraop epicar&endcar pac&map,0.00
93631,TC,Ntraop epicar&endcar pac&map,0.00
93631,26,Ntraop epicar&endcar pac&map,7.59
93640,,Ep eval 1/2chmbr pacg cvdfb,0.00
93640,TC,Ep eval 1/2chmbr pacg cvdfb,0.00
93640,26,Ep eval 1/2chmbr pacg cvdfb,3.26
93641,,Ep evl 1/2chmb pac cvdfb tst,0.00
93641,TC,Ep evl 1/2chmb pac cvdfb tst,0.00
93641,26,Ep evl 1/2chmb pac cvdfb tst,5.67
93642,,Ep evl 1/2chmb trnsvns cvdfb,4.63
93642,TC,Ep evl 1/2chmb trnsvns cvdfb,0.00
93642,26,Ep evl 1/2chmb trnsvns cvdfb,4.63
93644,,Ep eval subq impl dfb,3.04
93644,TC,Ep eval subq impl dfb,0.00
93644,26,Ep eval subq impl dfb,3.04
93650,,Icar cath abltj av node func,10.24
93653,,Compre ep eval tx svt,15.00
93654,,Compre ep eval tx vt,18.10
93655,,Icar cath abltj dscrt arrhyt,5.50
93656,,Compre ep eval abltj atr fib,17.00
93657,,Tx l/r atrial fib addl,5.50
93660,,Tilt table evaluation,1.89
93660,TC,Tilt table evaluation,0.00
93660,26,Tilt table evaluation,1.89
93662,,Intracardiac ecg (ice),0.00
93662,TC,Intracardiac ecg (ice),0.00
93662,26,Intracardiac ecg (ice),1.44
93668,,Peripheral vascular rehab,0.00
93701,,Bioimpedance cv analysis,0.00
93702,,Bis xtracell fluid analysis,0.00
93724,,Elec alys antitchycar pm sys,4.88
93724,TC,Elec alys antitchycar pm sys,0.00
93724,26,Elec alys antitchycar pm sys,4.88
93740,,Temperature gradient studies,0.16
93745,,Set-up cardiovert-defibrill,0.00
93745,TC,Set-up cardiovert-defibrill,0.00
93745,26,Set-up cardiovert-defibrill,0.00
93750,,Interrogation vad in person,0.75
93770,,Determination venous press,0.16
93784,,Ambl bp mntr w/software,0.38
93786,,Ambl bp mntr w/sw rec only,0.00
93788,,Ambl bp mntr w/sw a/r,0.00
93790,,Ambl bp mntr w/sw i&r,0.38
93792,,Pt/caregiver traing home inr,0.00
93793,,Anticoag mgmt pt warfarin,0.18
93797,,Phys/qhp op car rhab wo ecg,0.18
93798,,Phys/qhp op car rhab w/ecg,0.28
93799,,Unlisted cv svc/procedure,0.00
93799,TC,Unlisted cv svc/procedure,0.00
93799,26,Unlisted cv svc/procedure,0.00
93880,,Extracranial bilat study,0.80
93880,TC,Extracranial bilat study,0.00
93880,26,Extracranial bilat study,0.80
93882,,Extracranial uni/ltd study,0.50
93882,TC,Extracranial uni/ltd study,0.00
93882,26,Extracranial uni/ltd study,0.50
93886,,Intracranial complete study,0.90
93886,TC,Intracranial complete study,0.00
93886,26,Intracranial complete study,0.90
93888,,Intracranial limited study,0.73
93888,TC,Intracranial limited study,0.00
93888,26,Intracranial limited study,0.73
93892,,Tcd emboli detect w/o inj,1.15
93892,TC,Tcd emboli detect w/o inj,0.00
93892,26,Tcd emboli detect w/o inj,1.15
93893,,Tcd std icr art ven-art shnt,1.15
93893,TC,Tcd std icr art ven-art shnt,0.00
93893,26,Tcd std icr art ven-art shnt,1.15
93895,,Carotid intima atheroma eval,0.00
93895,TC,Carotid intima atheroma eval,0.00
93895,26,Carotid intima atheroma eval,0.00
93896,,Vsrctv std tcd icr art compl,0.81
93896,TC,Vsrctv std tcd icr art compl,0.00
93896,26,Vsrctv std tcd icr art compl,0.81
93897,,Emboli detcj wo iv mbubb njx,0.73
93897,TC,Emboli detcj wo iv mbubb njx,0.00
93897,26,Emboli detcj wo iv mbubb njx,0.73
93898,,Ven-artl shunt det mbubb njx,0.85
93898,TC,Ven-artl shunt det mbubb njx,0.00
93898,26,Ven-artl shunt det mbubb njx,0.85
93922,,Upr/l xtremity art 2 levels,0.25
93922,TC,Upr/l xtremity art 2 levels,0.00
93922,26,Upr/l xtremity art 2 levels,0.25
93923,,Upr/lxtr art stdy 3+ lvls,0.45
93923,TC,Upr/lxtr art stdy 3+ lvls,0.00
93923,26,Upr/lxtr art stdy 3+ lvls,0.45
93924,,Lwr xtr vasc stdy bilat,0.50
93924,TC,Lwr xtr vasc stdy bilat,0.00
93924,26,Lwr xtr vasc stdy bilat,0.50
93925,,Lower extremity study,0.80
93925,TC,Lower extremity study,0.00
93925,26,Lower extremity study,0.80
93926,,Lower extremity study,0.50
93926,TC,Lower extremity study,0.00
93926,26,Lower extremity study,0.50
93930,,Upper extremity study,0.80
93930,TC,Upper extremity study,0.00
93930,26,Upper extremity study,0.80
93931,,Upper extremity study,0.50
93931,TC,Upper extremity study,0.00
93931,26,Upper extremity study,0.50
93970,,Extremity study,0.70
93970,TC,Extremity study,0.00
93970,26,Extremity study,0.70
93971,,Extremity study,0.45
93971,TC,Extremity study,0.00
93971,26,Extremity study,0.45
93975,,Vascular study,1.16
93975,TC,Vascular study,0.00
93975,26,Vascular study,1.16
93976,,Vascular study,0.80
93976,TC,Vascular study,0.00
93976,26,Vascular study,0.80
93978,,Vascular study,0.80
93978,TC,Vascular study,0.00
93978,26,Vascular study,0.80
93979,,Vascular study,0.50
93979,TC,Vascular study,0.00
93979,26,Vascular study,0.50
93980,,Penile vascular study,1.25
93980,TC,Penile vascular study,0.00
93980,26,Penile vascular study,1.25
93981,,Penile vascular study,0.44
93981,TC,Penile vascular study,0.00
93981,26,Penile vascular study,0.44
93985,,Dup-scan hemo compl bi std,0.80
93985,TC,Dup-scan hemo compl bi std,0.00
93985,26,Dup-scan hemo compl bi std,0.80
93986,,Dup-scan hemo compl uni std,0.50
93986,TC,Dup-scan hemo compl uni std,0.00
93986,26,Dup-scan hemo compl uni std,0.50
93990,,Doppler flow testing,0.50
93990,TC,Doppler flow testing,0.00
93990,26,Doppler flow testing,0.50
93998,,Unlistd noninvas vasc dx std,0.00
94002,,Vent mgmt inpat init day,1.99
94003,,Vent mgmt inpat subq day,1.37
94004,,Vent mgmt nf per day,1.00
94005,,Home vent mgmt supervision,1.50
94010,,Breathing capacity test,0.17
94010,TC,Breathing capacity test,0.00
94010,26,Breathing capacity test,0.17
94011,,Spirometry up to 2 yrs old,1.75
94012,,Spirmtry w/brnchdil inf-2 yr,2.85
94013,,Meas lung vol thru 2 yrs,0.41
94014,,Patient recorded spirometry,0.52
94015,,Patient recorded spirometry,0.00
94016,,Review patient spirometry,0.52
94060,,Evaluation of wheezing,0.22
94060,TC,Evaluation of wheezing,0.00
94060,26,Evaluation of wheezing,0.22
94070,,Evaluation of wheezing,0.60
94070,TC,Evaluation of wheezing,0.00
94070,26,Evaluation of wheezing,0.60
94150,,Vital capacity test,0.07
94150,TC,Vital capacity test,0.00
94150,26,Vital capacity test,0.07
94200,,Lung function test (mbc/mvv),0.05
94200,TC,Lung function test (mbc/mvv),0.00
94200,26,Lung function test (mbc/mvv),0.05
94375,,Respiratory flow volume loop,0.31
94375,TC,Respiratory flow volume loop,0.00
94375,26,Respiratory flow volume loop,0.31
94450,,Hypoxia response curve,0.40
94450,TC,Hypoxia response curve,0.00
94450,26,Hypoxia response curve,0.40
94452,,Hast w/report,0.31
94452,TC,Hast w/report,0.00
94452,26,Hast w/report,0.31
94453,,Hast w/oxygen titrate,0.40
94453,TC,Hast w/oxygen titrate,0.00
94453,26,Hast w/oxygen titrate,0.40
94610,,Surfactant admin thru tube,1.16
94617,,Exercise tst brncspsm w/ecg,0.70
94617,TC,Exercise tst brncspsm w/ecg,0.00
94617,26,Exercise tst brncspsm w/ecg,0.70
94618,,Pulmonary stress testing,0.48
94618,TC,Pulmonary stress testing,0.00
94618,26,Pulmonary stress testing,0.48
94619,,Exercise tst brncspsm wo ecg,0.49
94619,TC,Exercise tst brncspsm wo ecg,0.00
94619,26,Exercise tst brncspsm wo ecg,0.49
94621,,Cardiopulm exercise testing,1.42
94621,TC,Cardiopulm exercise testing,0.00
94621,26,Cardiopulm exercise testing,1.42
94625,,Phy/qhp op pulm rhb w/o mntr,0.36
94626,,Phy/qhp op pulm rhb w/mntr,0.56
94640,,Airway inhalation treatment,0.00
94642,,Aerosol inhalation treatment,0.00
94644,,Cbt 1st hour,0.00
94645,,Cbt each addl hour,0.00
94660,,Pos airway pressure cpap,0.76
94662,,Neg press ventilation cnp,0.76
94664,,Evaluate pt use of inhaler,0.00
94667,,Chest wall manipulation,0.00
94668,,Chest wall manipulation,0.00
94669,,Mechanical chest wall oscill,0.00
94680,,Exhaled air analysis o2,0.26
94680,TC,Exhaled air analysis o2,0.00
94680,26,Exhaled air analysis o2,0.26
94681,,O2 uptk exp gas alys w/co2,0.20
94681,TC,O2 uptk exp gas alys w/co2,0.00
94681,26,O2 uptk exp gas alys w/co2,0.20
94690,,O2 uptk exp gas alys rest,0.07
94690,TC,O2 uptk exp gas alys rest,0.00
94690,26,O2 uptk exp gas alys rest,0.07
94726,,Pulm funct tst plethysmograp,0.26
94726,TC,Pulm funct tst plethysmograp,0.00
94726,26,Pulm funct tst plethysmograp,0.26
94727,,Pulm function test by gas,0.26
94727,TC,Pulm function test by gas,0.00
94727,26,Pulm function test by gas,0.26
94728,,Airwy resist by oscillometry,0.26
94728,TC,Airwy resist by oscillometry,0.00
94728,26,Airwy resist by oscillometry,0.26
94729,,Co/membane diffuse capacity,0.19
94729,TC,Co/membane diffuse capacity,0.00
94729,26,Co/membane diffuse capacity,0.19
94760,,Measure blood oxygen level,0.00
94761,,Measure blood oxygen level,0.00
94762,,Measure blood oxygen level,0.00
94772,,Breath recording infant,0.00
94772,TC,Breath recording infant,0.00
94772,26,Breath recording infant,0.00
94774,,Ped home apnea rec compl,0.00
94775,,Ped home apnea rec hk-up,0.00
94776,,Ped home apnea rec downld,0.00
94777,,Ped home apnea rec report,0.00
94780,,Cars/bd tst inft-12mo 60 min,0.48
94781,,Cars/bd tst inft-12mo +30min,0.17
94799,,Unlisted pulmonary svc/px,0.00
94799,TC,Unlisted pulmonary svc/px,0.00
94799,26,Unlisted pulmonary svc/px,0.00
95004,,Perq tests w/alrgnc xtrcs,0.01
95012,,Nitric oxide exp gas deter,0.00
95017,,All tstg perq&iq w/venoms,0.07
95018,,All tstg perq&iq drugs/biol,0.14
95024,,Iq tests w/allergenic xtrcs,0.01
95027,,Iq tsts seql&incrl airborne,0.01
95028,,Iq tsts allergy delayed rxn,0.00
95044,,Patch/application tests,0.00
95052,,Photo patch tests,0.00
95056,,Photo tests,0.00
95060,,Oph mucous membrane tests,0.00
95065,,Dir nsl mucous membrane test,0.00
95070,,Inhlj brncl challenge tstg,0.00
95076,,Ingest challenge ini 120 min,1.50
95079,,Ingest challenge addl 60 min,1.38
95115,,Immunotherapy one injection,0.00
95117,,Immunotherapy injections,0.00
95120,,Immunotherapy one injection,0.00
95125,,Immunotherapy 2/> injections,0.00
95130,,Immntx 1 sting insect,0.00
95131,,Immntx 2 sting insects,0.00
95132,,Immntx 3 sting insects,0.00
95133,,Immntx 4 sting insects,0.00
95134,,Immntx 5 sting insects,0.00
95144,,Antigen therapy services,0.06
95145,,Antigen therapy services,0.06
95146,,Antigen therapy services,0.06
95147,,Antigen therapy services,0.06
95148,,Antigen therapy services,0.06
95149,,Antigen therapy services,0.06
95165,,Antigen therapy services,0.06
95170,,Antigen therapy services,0.06
95180,,Rapid desensitization,2.01
95199,,Unlisted all/immlg svc/px,0.00
95249,,Cont gluc mntr pt prov eqp,0.00
95250,,Cont gluc mntr phys/qhp eqp,0.00
95251,,Cont gluc mntr analysis i&r,0.70
95700,,Eeg cont rec w/vid eeg tech,0.00
95705,,Eeg w/o vid 2-12 hr unmntr,0.00
95706,,Eeg wo vid 2-12hr intmt mntr,0.00
95707,,Eeg w/o vid 2-12hr cont mntr,0.00
95708,,Eeg wo vid ea 12-26hr unmntr,0.00
95709,,Eeg w/o vid ea 12-26hr intmt,0.00
95710,,Eeg w/o vid ea 12-26hr cont,0.00
95711,,Veeg 2-12 hr unmonitored,0.00
95712,,Veeg 2-12 hr intmt mntr,0.00
95713,,Veeg 2-12 hr cont mntr,0.00
95714,,Veeg ea 12-26 hr unmntr,0.00
95715,,Veeg ea 12-26hr intmt mntr,0.00
95716,,Veeg ea 12-26hr cont mntr,0.00
95717,,Eeg phys/qhp 2-12 hr w/o vid,2.00
95718,,Eeg phys/qhp 2-12 hr w/veeg,2.50
95719,,Eeg phys/qhp ea incr w/o vid,3.00
95720,,Eeg phy/qhp ea incr w/veeg,3.86
95721,,Eeg phy/qhp>36<60 hr w/o vid,3.86
95722,,Eeg phy/qhp>36<60 hr w/veeg,4.70
95723,,Eeg phy/qhp>60<84 hr w/o vid,4.75
95724,,Eeg phy/qhp>60<84 hr w/veeg,6.00
95725,,Eeg phy/qhp>84 hr w/o vid,5.40
95726,,Eeg phy/qhp>84 hr w/veeg,7.58
95782,,Polysom <6 yrs 4/> paramtrs,2.60
95782,TC,Polysom <6 yrs 4/> paramtrs,0.00
95782,26,Polysom <6 yrs 4/> paramtrs,2.60
95783,,Polysom <6 yrs cpap/bilvl,2.83
95783,TC,Polysom <6 yrs cpap/bilvl,0.00
95783,26,Polysom <6 yrs cpap/bilvl,2.83
95800,,Slp stdy unattended,0.85
95800,TC,Slp stdy unattended,0.00
95800,26,Slp stdy unattended,0.85
95801,,Slp stdy unatnd w/anal,0.85
95801,TC,Slp stdy unatnd w/anal,0.00
95801,26,Slp stdy unatnd w/anal,0.85
95803,,Actigraphy testing,0.90
95803,TC,Actigraphy testing,0.00
95803,26,Actigraphy testing,0.90
95805,,Multiple sleep latency test,1.20
95805,TC,Multiple sleep latency test,0.00
95805,26,Multiple sleep latency test,1.20
95806,,Sleep study unatt&resp efft,0.93
95806,TC,Sleep study unatt&resp efft,0.00
95806,26,Sleep study unatt&resp efft,0.93
95807,,Sleep study attended,1.28
95807,TC,Sleep study attended,0.00
95807,26,Sleep study attended,1.28
95808,,Polysom any age 1-3> param,1.74
95808,TC,Polysom any age 1-3> param,0.00
95808,26,Polysom any age 1-3> param,1.74
95810,,Polysom 6/> yrs 4/> param,2.50
95810,TC,Polysom 6/> yrs 4/> param,0.00
95810,26,Polysom 6/> yrs 4/> param,2.50
95811,,Polysom 6/>yrs cpap 4/> parm,2.60
95811,TC,Polysom 6/>yrs cpap 4/> parm,0.00
95811,26,Polysom 6/>yrs cpap 4/> parm,2.60
95812,,Eeg 41-60 minutes,1.08
95812,TC,Eeg 41-60 minutes,0.00
95812,26,Eeg 41-60 minutes,1.08
95813,,Eeg extnd mntr 61-119 min,1.63
95813,TC,Eeg extnd mntr 61-119 min,0.00
95813,26,Eeg extnd mntr 61-119 min,1.63
95816,,Eeg awake and drowsy,1.08
95816,TC,Eeg awake and drowsy,0.00
95816,26,Eeg awake and drowsy,1.08
95819,,Eeg awake and asleep,1.08
95819,TC,Eeg awake and asleep,0.00
95819,26,Eeg awake and asleep,1.08
95822,,Eeg coma or sleep only,1.08
95822,TC,Eeg coma or sleep only,0.00
95822,26,Eeg coma or sleep only,1.08
95824,,Eeg cerebral death only,0.00
95824,TC,Eeg cerebral death only,0.00
95824,26,Eeg cerebral death only,0.74
95829,,Surgery electrocorticogram,6.20
95829,TC,Surgery electrocorticogram,0.00
95829,26,Surgery electrocorticogram,6.20
95830,,Insert electrodes for eeg,1.70
95836,,Ecog impltd brn npgt <30 d,1.98
95851,,Range of motion measurements,0.16
95852,,Range of motion measurements,0.11
95857,,Cholinesterase challenge,0.53
95860,,Needle emg 1 extremity,0.96
95860,TC,Needle emg 1 extremity,0.00
95860,26,Needle emg 1 extremity,0.96
95861,,Needle emg 2 extremities,1.54
95861,TC,Needle emg 2 extremities,0.00
95861,26,Needle emg 2 extremities,1.54
95863,,Needle emg 3 extremities,1.87
95863,TC,Needle emg 3 extremities,0.00
95863,26,Needle emg 3 extremities,1.87
95864,,Needle emg 4 extremities,1.99
95864,TC,Needle emg 4 extremities,0.00
95864,26,Needle emg 4 extremities,1.99
95865,,Needle emg larynx,1.57
95865,TC,Needle emg larynx,0.00
95865,26,Needle emg larynx,1.57
95866,,Needle emg hemidiaphragm,1.25
95866,TC,Needle emg hemidiaphragm,0.00
95866,26,Needle emg hemidiaphragm,1.25
95867,,Ndl emg cranial nrv musc uni,0.79
95867,TC,Ndl emg cranial nrv musc uni,0.00
95867,26,Ndl emg cranial nrv musc uni,0.79
95868,,Ndl emg cranial nrv musc bi,1.18
95868,TC,Ndl emg cranial nrv musc bi,0.00
95868,26,Ndl emg cranial nrv musc bi,1.18
95869,,Ndl emg thrc paraspinal musc,0.37
95869,TC,Ndl emg thrc paraspinal musc,0.00
95869,26,Ndl emg thrc paraspinal musc,0.37
95870,,Ndl emg lmtd std musc 1 xtr,0.37
95870,TC,Ndl emg lmtd std musc 1 xtr,0.00
95870,26,Ndl emg lmtd std musc 1 xtr,0.37
95872,,Ndl emg single fiber eltrd,2.88
95872,TC,Ndl emg single fiber eltrd,0.00
95872,26,Ndl emg single fiber eltrd,2.88
95873,,Guide nerv destr elec stim,0.37
95873,TC,Guide nerv destr elec stim,0.00
95873,26,Guide nerv destr elec stim,0.37
95874,,Guide nerv destr needle emg,0.37
95874,TC,Guide nerv destr needle emg,0.00
95874,26,Guide nerv destr needle emg,0.37
95875,,Limb exercise test,1.10
95875,TC,Limb exercise test,0.00
95875,26,Limb exercise test,1.10
95885,,Musc tst done w/nerv tst lim,0.35
95885,TC,Musc tst done w/nerv tst lim,0.00
95885,26,Musc tst done w/nerv tst lim,0.35
95886,,Musc test done w/n test comp,0.86
95886,TC,Musc test done w/n test comp,0.00
95886,26,Musc test done w/n test comp,0.86
95887,,Musc tst done w/n tst nonext,0.71
95887,TC,Musc tst done w/n tst nonext,0.00
95887,26,Musc tst done w/n tst nonext,0.71
95905,,Motor &/ sens nrve cndj test,0.05
95905,TC,Motor &/ sens nrve cndj test,0.00
95905,26,Motor &/ sens nrve cndj test,0.05
95907,,Nvr cndj tst 1-2 studies,1.00
95907,TC,Nvr cndj tst 1-2 studies,0.00
95907,26,Nvr cndj tst 1-2 studies,1.00
95908,,Nrv cndj tst 3-4 studies,1.25
95908,TC,Nrv cndj tst 3-4 studies,0.00
95908,26,Nrv cndj tst 3-4 studies,1.25
95909,,Nrv cndj tst 5-6 studies,1.50
95909,TC,Nrv cndj tst 5-6 studies,0.00
95909,26,Nrv cndj tst 5-6 studies,1.50
95910,,Nrv cndj test 7-8 studies,2.00
95910,TC,Nrv cndj test 7-8 studies,0.00
95910,26,Nrv cndj test 7-8 studies,2.00
95911,,Nrv cndj test 9-10 studies,2.50
95911,TC,Nrv cndj test 9-10 studies,0.00
95911,26,Nrv cndj test 9-10 studies,2.50
95912,,Nrv cndj test 11-12 studies,3.00
95912,TC,Nrv cndj test 11-12 studies,0.00
95912,26,Nrv cndj test 11-12 studies,3.00
95913,,Nrv cndj test 13/> studies,3.56
95913,TC,Nrv cndj test 13/> studies,0.00
95913,26,Nrv cndj test 13/> studies,3.56
95919,,Quan puplmtry phy/qhp uni/bi,0.18
95919,TC,Quan puplmtry phy/qhp uni/bi,0.00
95919,26,Quan puplmtry phy/qhp uni/bi,0.18
95921,,Autonomic nrv parasym inervj,0.90
95921,TC,Autonomic nrv parasym inervj,0.00
95921,26,Autonomic nrv parasym inervj,0.90
95922,,Autonomic nrv adrenrg inervj,0.96
95922,TC,Autonomic nrv adrenrg inervj,0.00
95922,26,Autonomic nrv adrenrg inervj,0.96
95923,,Autonomic nrv syst funj test,0.90
95923,TC,Autonomic nrv syst funj test,0.00
95923,26,Autonomic nrv syst funj test,0.90
95924,,Ans parasymp & symp w/tilt,1.73
95924,TC,Ans parasymp & symp w/tilt,0.00
95924,26,Ans parasymp & symp w/tilt,1.73
95925,,Somatosensory testing,0.54
95925,TC,Somatosensory testing,0.00
95925,26,Somatosensory testing,0.54
95926,,Somatosensory testing,0.54
95926,TC,Somatosensory testing,0.00
95926,26,Somatosensory testing,0.54
95927,,Somatosensory testing,0.54
95927,TC,Somatosensory testing,0.00
95927,26,Somatosensory testing,0.54
95928,,C motor evoked uppr limbs,1.50
95928,TC,C motor evoked uppr limbs,0.00
95928,26,C motor evoked uppr limbs,1.50
95929,,C motor evoked lwr limbs,1.50
95929,TC,C motor evoked lwr limbs,0.00
95929,26,C motor evoked lwr limbs,1.50
95930,,Visual ep test cns w/i&r,0.35
95930,TC,Visual ep test cns w/i&r,0.00
95930,26,Visual ep test cns w/i&r,0.35
95933,,Blink reflex test,0.59
95933,TC,Blink reflex test,0.00
95933,26,Blink reflex test,0.59
95937,,Neuromuscular junction test,0.65
95937,TC,Neuromuscular junction test,0.00
95937,26,Neuromuscular junction test,0.65
95938,,Somatosensory testing,0.86
95938,TC,Somatosensory testing,0.00
95938,26,Somatosensory testing,0.86
95939,,C motor evoked upr&lwr limbs,2.25
95939,TC,C motor evoked upr&lwr limbs,0.00
95939,26,C motor evoked upr&lwr limbs,2.25
95940,,Ionm in operatng room 15 min,0.60
95941,,Ionm remote/>1 pt or per hr,0.00
95954,,Eeg monitoring/giving drugs,2.45
95954,TC,Eeg monitoring/giving drugs,0.00
95954,26,Eeg monitoring/giving drugs,2.45
95955,,Eeg during surgery,1.01
95955,TC,Eeg during surgery,0.00
95955,26,Eeg during surgery,1.01
95957,,Eeg digital analysis,1.98
95957,TC,Eeg digital analysis,0.00
95957,26,Eeg digital analysis,1.98
95958,,Eeg monitoring/function test,4.24
95958,TC,Eeg monitoring/function test,0.00
95958,26,Eeg monitoring/function test,4.24
95961,,Electrode stimulation brain,2.97
95961,TC,Electrode stimulation brain,0.00
95961,26,Electrode stimulation brain,2.97
95962,,Electrode stim brain add-on,3.21
95962,TC,Electrode stim brain add-on,0.00
95962,26,Electrode stim brain add-on,3.21
95965,,Meg spontaneous,0.00
95965,TC,Meg spontaneous,0.00
95965,26,Meg spontaneous,7.99
95966,,Meg evoked single,0.00
95966,TC,Meg evoked single,0.00
95966,26,Meg evoked single,3.99
95967,,Meg evoked each addl,0.00
95967,TC,Meg evoked each addl,0.00
95967,26,Meg evoked each addl,3.49
95970,,Alys npgt w/o prgrmg,0.35
95971,,Alys smpl sp/pn npgt w/prgrm,0.78
95972,,Alys cplx sp/pn npgt w/prgrm,0.80
95976,,Alys smpl cn npgt prgrmg,0.73
95977,,Alys cplx cn npgt prgrmg,0.97
95980,,Io anal gast n-stim init,0.80
95981,,Io anal gast n-stim subsq,0.30
95982,,Io ga n-stim subsq w/reprog,0.65
95983,,Alys brn npgt prgrmg 15 min,0.91
95984,,Alys brn npgt prgrmg addl 15,0.80
95990,,Spin/brain pump refil & main,0.00
95991,,Spin/brain pump refil & main,0.77
95992,,Canalith repositioning proc,0.75
95999,,Unlisted neurological dx px,0.00
96000,,Motion analysis video/3d,1.80
96001,,Motion test w/ft press meas,2.15
96002,,Dynamic surface emg,0.41
96004,,Phys review of motion tests,2.14
96020,,Functional brain mapping,0.00
96020,TC,Functional brain mapping,0.00
96020,26,Functional brain mapping,3.43
96041,,Genetic counseling svc ea 30,0.00
96105,,Assessment of aphasia,1.75
96110,,Developmental screen w/score,0.00
96112,,Devel tst phys/qhp 1st hr,2.56
96113,,Devel tst phys/qhp ea addl,1.16
96116,,Nubhvl xm phys/qhp 1st hr,1.86
96121,,Nubhvl xm phy/qhp ea addl hr,1.71
96125,,Cognitive test by hc pro,1.70
96127,,Brief emotional/behav assmt,0.00
96130,,Psycl tst eval phys/qhp 1st,2.56
96131,,Psycl tst eval phys/qhp ea,1.96
96132,,Nrpsyc tst eval phys/qhp 1st,2.56
96133,,Nrpsyc tst eval phys/qhp ea,1.96
96136,,Psycl/nrpsyc tst phy/qhp 1st,0.55
96137,,Psycl/nrpsyc tst phy/qhp ea,0.46
96138,,Psycl/nrpsyc tech 1st,0.00
96139,,Psycl/nrpsyc tst tech ea,0.00
96146,,Psycl/nrpsyc tst auto result,0.00
96156,,Hlth bhv assmt/reassessment,2.30
96158,,Hlth bhv ivntj indiv 1st 30,1.59
96159,,Hlth bhv ivntj indiv ea addl,0.55
96160,,Pt-focused hlth risk assmt,0.00
96161,,Caregiver health risk assmt,0.00
96164,,Hlth bhv ivntj grp 1st 30,0.23
96165,,Hlth bhv ivntj grp ea addl,0.11
96167,,Hlth bhv ivntj fam 1st 30,1.70
96168,,Hlth bhv ivntj fam ea addl,0.60
96170,,Hlth bhv ivntj fam wo pt 1st,1.50
96171,,Hlth bhv ivntj fam w/o pt ea,0.54
96202,,Mlt fam grp bhv train 1st 60,0.43
96203,,Mlt fam grp bhv train ea add,0.12
96360,,Hydration iv infusion init,0.17
96361,,Hydrate iv infusion add-on,0.09
96365,,Ther/proph/diag iv inf init,0.21
96366,,Ther/proph/diag iv inf addon,0.18
96367,,Tx/proph/dg addl seq iv inf,0.19
96368,,Ther/diag concurrent inf,0.17
96369,,Sc ther infusion up to 1 hr,0.21
96370,,Sc ther infusion addl hr,0.18
96371,,Sc ther infusion reset pump,0.00
96372,,Ther/proph/diag inj sc/im,0.17
96373,,Ther/proph/diag inj ia,0.17
96374,,Ther/proph/diag inj iv push,0.18
96375,,Tx/pro/dx inj new drug addon,0.10
96376,,Tx/pro/dx inj same drug adon,0.00
96377,,Applicaton on-body injector,0.17
96379,,Unl ther/prop/diag inj/inf,0.00
96380,,Admn rsv monoc antb im cnsl,0.24
96381,,Admn rsv monoc antb im njx,0.17
96401,,Chemo anti-neopl sq/im,0.21
96402,,Chemo hormon antineopl sq/im,0.19
96405,,Chemo intralesional up to 7,0.52
96406,,Chemo intralesional over 7,0.80
96409,,Chemo iv push sngl drug,0.24
96411,,Chemo iv push addl drug,0.20
96413,,Chemo iv infusion 1 hr,0.28
96415,,Chemo iv infusion addl hr,0.19
96416,,Chemo prolong infuse w/pump,0.21
96417,,Chemo iv infus each addl seq,0.21
96420,,Chemo ia push tecnique,0.17
96422,,Chemo ia infusion up to 1 hr,0.17
96423,,Chemo ia infuse each addl hr,0.17
96425,,Chemotherapy infusion method,0.17
96440,,Chmotx admn plrl cav thrcnts,2.12
96446,,Chemotx admn pertl cav impl,0.37
96450,,Chemotherapy into cns,1.53
96521,,Refill/maint portable pump,0.21
96522,,Refill/maint pump/resvr syst,0.21
96523,,Irrig drug delivery device,0.04
96542,,Chemotherapy injection,0.75
96547,,Intraop hipec px 1st 60 min,6.53
96548,,Ntraop hipec px ea add 30min,3.00
96549,,Unlisted chemotherapy px,0.00
96567,,Pdt dstr prmlg les skn,0.00
96570,,Photodynmc tx 30 min add-on,1.10
96571,,Photodynamic tx addl 15 min,0.55
96573,,Pdt dstr prmlg les phys/qhp,0.48
96574,,Dbrdmt prmlg les w/pdt,1.01
96900,,Actinotherapy uv light,0.00
96902,,Mcrscp xm hair pluck/clipped,0.41
96904,,Whole body photography,0.00
96910,,Photchmtx tar&uvb/ptrltm&uvb,0.00
96912,,Photochemotherapy puva,0.00
96913,,Photochemotx sev dermatoses,0.00
96920,,Excimer lsr psriasis<250sqcm,0.83
96921,,Excimer lsr psriasis 250-500,0.90
96922,,Excimer lsr psriasis>500sqcm,1.15
96931,,Rcm celulr subcelulr img skn,0.80
96932,,Rcm celulr subcelulr img skn,0.00
96933,,Rcm celulr subcelulr img skn,0.80
96934,,Rcm celulr subcelulr img skn,0.76
96935,,Rcm celulr subcelulr img skn,0.00
96936,,Rcm celulr subcelulr img skn,0.76
96999,,Unlisted spec derm svc/px,0.00
97010,,Hot or cold packs therapy,0.06
97012,,Mechanical traction therapy,0.25
97014,,Electric stimulation therapy,0.18
97016,,Vasopneumatic device therapy,0.18
97018,,Paraffin bath therapy,0.06
97022,,Whirlpool therapy,0.17
97024,,Diathermy eg microwave,0.06
97026,,Infrared therapy,0.06
97028,,Ultraviolet therapy,0.08
97032,,Appl modality 1+estim ea 15,0.25
97033,,App mdlty 1+iontphrsis ea 15,0.26
97034,,App mdlty 1+cntrst bth ea 15,0.21
97035,,App mdlty 1+ultrasound ea 15,0.21
97036,,App mdlty 1+hubbrd tnk ea 15,0.28
97037,,Appl modality 1+lllt po pain,0.00
97039,,Unlisted modality,0.00
97110,,Therapeutic exercises,0.45
97112,,Neuromuscular reeducation,0.50
97113,,Aquatic therapy/exercises,0.48
97116,,Gait training therapy,0.45
97124,,Massage therapy,0.35
97129,,Ther ivntj 1st 15 min,0.50
97130,,Ther ivntj ea addl 15 min,0.48
97139,,Unlisted therapeutic px,0.00
97140,,Manual therapy 1/> regions,0.43
97150,,Group therapeutic procedures,0.29
97151,,Bhv id assmt by phys/qhp,0.00
97152,,Bhv id suprt assmt by 1 tech,0.00
97153,,Adaptive behavior tx by tech,0.00
97154,,Grp adapt bhv tx by tech,0.00
97155,,Adapt behavior tx phys/qhp,0.00
97156,,Fam adapt bhv tx gdn phy/qhp,0.00
97157,,Mult fam adapt bhv tx gdn,0.00
97158,,Grp adapt bhv tx by phy/qhp,0.00
97161,,Pt eval low complex 20 min,1.54
97162,,Pt eval mod complex 30 min,1.54
97163,,Pt eval high complex 45 min,1.54
97164,,Pt re-eval est plan care,0.96
97165,,Ot eval low complex 30 min,1.54
97166,,Ot eval mod complex 45 min,1.54
97167,,Ot eval high complex 60 min,1.54
97168,,Ot re-eval est plan care,0.96
97169,,Athletic trn eval low cmplx,0.00
97170,,Athletic trn eval mod cmplx,0.00
97171,,Athletic trn eval high cmplx,0.00
97172,,Athletic trn re-eval plan cr,0.00
97530,,Therapeutic activities,0.44
97533,,Sensory integration,0.48
97535,,Self care mngment training,0.45
97537,,Community/work reintegration,0.48
97542,,Wheelchair mngment training,0.48
97545,,Work hardening,0.00
97546,,Work hardening add-on,0.00
97550,,Caregiver traing 1st 30 min,1.00
97551,,Caregiver traing ea addl 15,0.54
97552,,Group caregiver training,0.23
97597,,Dbrdmt opn wnd 1st 20 cm/<,0.77
97598,,Dbrdmt opn wnd addl 20cm/<,0.50
97602,,Wound(s) care non-selective,0.00
97605,,Neg prs wnd ther dme<=50sqcm,0.55
97606,,Neg prs wnd ther dme>50 sqcm,0.60
97607,,Neg prs wnd thr ndme<=50sqcm,0.41
97608,,Neg prs wnd ther ndme>50sqcm,0.46
97610,,Low frequency non-thermal us,0.40
97750,,Physical performance test,0.45
97755,,Assistive technology assess,0.62
97760,,Orthotic mgmt&traing 1st enc,0.50
97761,,Prosthetic traing 1st enc,0.50
97763,,Orthc/prostc mgmt sbsq enc,0.48
97799,,Unlisted physcl med/rehab px,0.00
97802,,Medical nutrition indiv in,0.53
97803,,Med nutrition indiv subseq,0.45
97804,,Medical nutrition group,0.25
97810,,Acup 1/> wo estim 1st 15 min,0.61
97811,,Acup 1/> w/o estim ea add 15,0.46
97813,,Acup 1/> w/estim 1st 15 min,0.74
97814,,Acup 1/> w/estim ea addl 15,0.47
98000,,Synch audio-video new sf 15,0.93
98001,,Synch audio-video new low 30,1.60
98002,,Synch audio-video new mod 45,2.60
98003,,Synch audio-video new hi 60,3.50
98004,,Synch audio-video est sf 10,0.70
98005,,Synch audio-video est low 20,1.30
98006,,Synch audio-video est mod 30,1.92
98007,,Synch audio-video est hi 40,2.60
98008,,Synch audio-only new sf 15,0.90
98009,,Synch audio-only new low 30,1.55
98010,,Synch audio-only new mod 45,2.42
98011,,Synch audio-only new high 60,3.20
98012,,Synch audio-only est sf 10,0.65
98013,,Synch audio-only est low 20,1.20
98014,,Synch audio-only est mod 30,1.75
98015,,Synch audio-only est high 40,2.60
98016,,Brief comunicaj tech-bsd svc,0.30
98925,,Osteopath manj 1-2 regions,0.46
98926,,Osteopath manj 3-4 regions,0.71
98927,,Osteopath manj 5-6 regions,0.96
98928,,Osteopath manj 7-8 regions,1.21
98929,,Osteopath manj 9-10 regions,1.46
98940,,Chiropract manj 1-2 regions,0.46
98941,,Chiropract manj 3-4 regions,0.71
98942,,Chiropractic manj 5 regions,0.96
98943,,Chiropract manj xtrspinl 1/>,0.46
98960,,Edu&trn pt self-mgmt nqhp 1,0.00
98961,,Edu&trn pt slf-mgmt nqhp 2-4,0.00
98962,,Edu&trn pt slf-mgmt nqhp 5-8,0.00
98966,,Ph1 assmt&mgmt nqhp 5-10,0.25
98967,,Ph1 assmt&mgmt nqhp 11-20,0.50
98968,,Ph1 assmt&mgmt nqhp 21-30,0.75
98970,,Nqhp ol dig assmt&mgmt 5-10,0.25
98971,,Nqhp ol dig assmt&mgmt 11-20,0.44
98972,,Nqhp ol dig assmt&mgmt 21+,0.69
98975,,Rem ther mntr 1st set-up&edu,0.00
98976,,Rem ther mntr dev sply resp,0.00
98977,,Rem ther mntr dv sply mscskl,0.00
98978,,Rem ther mntr dev sply cbt,0.00
98980,,Rem ther mntr 1st 20 min,0.62
98981,,Rem ther mntr ea addl 20 min,0.61
99000,,Specimen handling office-lab,0.00
99001,,Specimen handling pt-lab,0.00
99002,,Device handling phys/qhp,0.00
99024,,Postop follow-up visit,0.00
99026,,In-hospital on call service,0.00
99027,,Out-of-hosp on call service,0.00
99050,,Medical services after hrs,0.00
99051,,Med serv eve/wkend/holiday,0.00
99053,,Med serv 10pm-8am 24 hr fac,0.00
99056,,Med service out of office,0.00
99058,,Office emergency care,0.00
99060,,Out of office emerg med serv,0.00
99070,,Special supplies phys/qhp,0.00
99071,,Patient education materials,0.00
99072,,Addl supl matrl&staf tm phe,0.00
99075,,Medical testimony,0.00
99078,,Group health education,0.00
99080,,Special reports or forms,0.00
99082,,Unusual physician travel,0.00
99091,,Collj & interpj data ea 30 d,1.10
99100,,Anes pt exteme age<1 yr&>70,0.00
99116,,Anes comp tot bdy hypthrm,0.00
99135,,Anes comp ctrld hypotension,0.00
99140,,Anes comp emergency cond,0.00
99151,,Mod sed same phys/qhp <5 yrs,0.50
99152,,Mod sed same phys/qhp 5/>yrs,0.25
99153,,Mod sed same phys/qhp ea,0.00
99155,,Mod sed oth phys/qhp <5 yrs,1.90
99156,,Mod sed oth phys/qhp 5/>yrs,1.65
99157,,Mod sed other phys/qhp ea,1.25
99170,,Anogenital exam child w imag,1.75
99172,,Ocular function screen,0.00
99173,,Visual acuity screen,0.00
99174,,Ocular instrumnt screen bil,0.00
99175,,Induction of vomiting,0.00
99177,,Ocular instrumnt screen bil,0.00
99183,,Hyperbaric oxygen therapy,2.11
99184,,Hypothermia ill neonate,4.50
99188,,App topical fluoride varnish,0.20
99190,,Special pump services,0.00
99191,,Special pump services,0.00
99192,,Special pump services,0.00
99195,,Phlebotomy,0.00
99199,,Unlisted special svc px/rprt,0.00
99202,,Office o/p new sf 15 min,0.93
99203,,Office o/p new low 30 min,1.60
99204,,Office o/p new mod 45 min,2.60
99205,,Office o/p new hi 60 min,3.50
99211,,Off/op est may x req phy/qhp,0.18
99212,,Office o/p est sf 10 min,0.70
99213,,Office o/p est low 20 min,1.30
99214,,Office o/p est mod 30 min,1.92
99215,,Office o/p est hi 40 min,2.80
99221,,1st hosp ip/obs sf/low 40,1.63
99222,,1st hosp ip/obs moderate 55,2.60
99223,,1st hosp ip/obs high 75,3.50
99231,,Sbsq hosp ip/obs sf/low 25,1.00
99232,,Sbsq hosp ip/obs moderate 35,1.59
99233,,Sbsq hosp ip/obs high 50,2.40
99234,,Hosp ip/obs sm dt sf/low 45,2.00
99235,,Hosp ip/obs same date mod 70,3.24
99236,,Hosp ip/obs same date hi 85,4.30
99238,,Hosp ip/obs dschrg mgmt 30/<,1.50
99239,,Hosp ip/obs dschrg mgmt >30,2.15
99242,,Off/op consltj new/est sf 20,1.08
99243,,Off/op cnsltj new/est low 30,1.80
99244,,Off/op cnsltj new/est mod 40,2.69
99245,,Off/op consltj new/est hi 55,3.75
99252,,Ip/obs consltj new/est sf 35,1.50
99253,,Ip/obs cnsltj new/est low 45,2.00
99254,,Ip/obs cnsltj new/est mod 60,2.72
99255,,Ip/obs consltj new/est hi 80,3.86
99281,,Emr dpt vst mayx req phy/qhp,0.25
99282,,Emergency dept visit sf mdm,0.93
99283,,Emergency dept visit low mdm,1.60
99284,,Emergency dept visit mod mdm,2.74
99285,,Emergency dept visit hi mdm,4.00
99288,,Direct advanced life support,0.00
99291,,Critical care first hour,4.50
99292,,Critical care addl 30 min,2.25
99304,,1st nf care sf/low mdm 25,1.50
99305,,1st nf care moderate mdm 35,2.50
99306,,1st nf care high mdm 50,3.50
99307,,Sbsq nf care sf mdm 10,0.70
99308,,Sbsq nf care low mdm 20,1.30
99309,,Sbsq nf care moderate mdm 30,1.92
99310,,Sbsq nf care high mdm 45,2.80
99315,,Nf dschrg mgmt 30 min/less,1.50
99316,,Nf dschrg mgmt 30 min+,2.50
99341,,Home/res vst new sf mdm 15,1.00
99342,,Home/res vst new low mdm 30,1.65
99344,,Home/res vst new mod mdm 60,2.87
99345,,Home/res vst new high mdm 75,3.88
99347,,Home/res vst est sf mdm 20,0.90
99348,,Home/res vst est low mdm 30,1.50
99349,,Home/res vst est mod mdm 40,2.44
99350,,Home/res vst est high mdm 60,3.60
99358,,Prolong service w/o contact,1.80
99359,,Prolong serv w/o contact add,0.75
99360,,Physician standby services,1.20
99366,,Team conf w/pat by hc prof,0.82
99367,,Team conf w/o pat by phys,1.10
99368,,Team conf w/o pat by hc pro,0.72
99374,,Home health care supervision,1.10
99375,,Home health care supervision,1.73
99377,,Hospice care supervision,1.10
99378,,Hospice care supervision,1.73
99379,,Nursing fac care supervision,1.10
99380,,Nursing fac care supervision,1.73
99381,,Init pm e/m new pat infant,1.50
99382,,Init pm e/m new pat 1-4 yrs,1.60
99383,,Prev visit new age 5-11,1.70
99384,,Prev visit new age 12-17,2.00
99385,,Prev visit new age 18-39,1.92
99386,,Prev visit new age 40-64,2.33
99387,,Init pm e/m new pat 65+ yrs,2.50
99391,,Per pm reeval est pat infant,1.37
99392,,Prev visit est age 1-4,1.50
99393,,Prev visit est age 5-11,1.50
99394,,Prev visit est age 12-17,1.70
99395,,Prev visit est age 18-39,1.75
99396,,Prev visit est age 40-64,1.90
99397,,Per pm reeval est pat 65+ yr,2.00
99401,,Prev med cnsl indiv apprx 15,0.48
99402,,Prev med cnsl indiv apprx 30,0.98
99403,,Prev med cnsl indiv apprx 45,1.46
99404,,Prev med cnsl indiv apprx 60,1.95
99406,,Behav chng smoking 3-10 min,0.24
99407,,Behav chng smoking > 10 min,0.50
99408,,Audit/dast 15-30 min,0.65
99409,,Audit/dast over 30 min,1.30
99411,,Preventive counseling group,0.15
99412,,Preventive counseling group,0.25
99415,,Prolng clin staff svc 1st hr,0.00
99416,,Prolng clin staff svc ea add,0.00
99417,,Prolng op e/m each 15 min,0.61
99418,,Prolng ip/obs e/m ea 15 min,0.81
99421,,Ol dig e/m svc 5-10 min,0.25
99422,,Ol dig e/m svc 11-20 min,0.50
99423,,Ol dig e/m svc 21+ min,0.80
99424,,Prin care mgmt phys 1st 30,1.45
99425,,Prin care mgmt phys ea addl,1.00
99426,,Prin care mgmt staff 1st 30,1.00
99427,,Prin care mgmt staff ea addl,0.71
99429,,Unlisted preventive service,0.00
99437,,Chrnc care mgmt phys ea addl,1.00
99439,,Chrnc care mgmt staf ea addl,0.70
99446,,Ntrprof ph1/ntrnet/ehr 5-10,0.35
99447,,Ntrprof ph1/ntrnet/ehr 11-20,0.70
99448,,Ntrprof ph1/ntrnet/ehr 21-30,1.05
99449,,Ntrprof ph1/ntrnet/ehr 31/>,1.40
99450,,Basic life disability exam,0.00
99451,,Ntrprof ph1/ntrnet/ehr 5/>,0.70
99452,,Ntrprof ph1/ntrnet/ehr rfrl,0.70
99453,,Rem mntr physiol param setup,0.00
99454,,Rem mntr physiol param dev,0.00
99455,,Work related disability exam,0.00
99456,,Disability examination,0.00
99457,,Rem physiol mntr 1st 20 min,0.61
99458,,Rem physiol mntr ea addl 20,0.61
99459,,Pelvic examination,0.00
99460,,Init nb em per day hosp,1.92
99461,,Init nb em per day non-fac,1.26
99462,,Sbsq nb em per day hosp,0.84
99463,,Same day nb discharge,2.13
99464,,Attendance at delivery,1.50
99465,,Nb resuscitation,2.93
99466,,Ped crit care transport,4.79
99467,,Ped crit care transport addl,2.40
99468,,Neonate crit care initial,18.46
99469,,Neonate crit care subsq,7.99
99471,,Ped critical care initial,15.98
99472,,Ped critical care subsq,7.99
99473,,Self-meas bp pt educaj/train,0.00
99474,,Self-meas bp 2 readg bid 30d,0.18
99475,,Ped crit care age 2-5 init,11.25
99476,,Ped crit care age 2-5 subsq,6.75
99477,,Init day hosp neonate care,7.00
99478,,Ic lbw inf < 1500 gm subsq,2.75
99479,,Ic lbw inf 1500-2500 g subsq,2.50
99480,,Ic inf pbw 2501-5000 g subsq,2.40
99483,,Assmt & care pln pt cog imp,3.84
99484,,Care mgmt svc bhvl hlth cond,0.93
99485,,Suprv interfacilty transport,1.50
99486,,Suprv interfac trnsport addl,1.30
99487,,Cplx chrnc care 1st 60 min,1.81
99489,,Cplx chrnc care ea addl 30,1.00
99490,,Chrnc care mgmt staff 1st 20,1.00
99491,,Chrnc care mgmt phys 1st 30,1.50
99492,,1st psyc collab care mgmt,1.88
99493,,Sbsq psyc collab care mgmt,2.05
99494,,1st/sbsq psyc collab care,0.82
99495,,Transj care mgmt mod f2f 14d,2.78
99496,,Transj care mgmt high f2f 7d,3.79
99497,,Advncd care plan 30 min,1.50
99498,,Advncd care plan addl 30 min,1.40
99499,,Unlisted e&m service,0.00
99500,,Home visit prenatal,0.00
99501,,Home visit postnatal,0.00
99502,,Home visit nb care,0.00
99503,,Home visit resp therapy,0.00
99504,,Home visit mech ventilator,0.00
99505,,Home visit stoma care,0.00
99506,,Home visit im injection,0.00
99507,,Home visit cath maintain,0.00
99509,,Home visit day life activity,0.00
99510,,Home visit sing/m/fam couns,0.00
99511,,Home visit fecal/enema mgmt,0.00
99512,,Home visit for hemodialysis,0.00
99600,,Unlisted home visit svc/px,0.00
99601,,Home nfs visit <2 hrs,0.00
99602,,Home nfs visit each addl hr,0.00
99605,,Mtms by pharm np 15 min,0.00
99606,,Mtms by pharm est 15 min,0.00
99607,,Mtms by pharm addl 15 min,0.00
_x001A_,,,
